solid OpenSCAD_Model
  facet normal 0.522627 -0.852562 0
    outer loop
      vertex 74.662 -97.173 0
      vertex 75.0633 -96.927 4
      vertex 74.662 -97.173 4
    endloop
  endfacet
  facet normal 0.522627 -0.852562 0
    outer loop
      vertex 75.0633 -96.927 4
      vertex 74.662 -97.173 0
      vertex 75.0633 -96.927 0
    endloop
  endfacet
  facet normal 0.382714 -0.923867 0
    outer loop
      vertex 74.227 -97.3532 0
      vertex 74.662 -97.173 4
      vertex 74.227 -97.3532 4
    endloop
  endfacet
  facet normal 0.382714 -0.923867 0
    outer loop
      vertex 74.662 -97.173 4
      vertex 74.227 -97.3532 0
      vertex 74.662 -97.173 0
    endloop
  endfacet
  facet normal -0.382714 0.923867 0
    outer loop
      vertex -74.227 97.3532 0
      vertex -74.662 97.173 4
      vertex -74.227 97.3532 4
    endloop
  endfacet
  facet normal -0.382714 0.923867 0
    outer loop
      vertex -74.662 97.173 4
      vertex -74.227 97.3532 0
      vertex -74.662 97.173 0
    endloop
  endfacet
  facet normal -0.923867 -0.382714 0
    outer loop
      vertex -75.973 -95.862 0
      vertex -76.1532 -95.427 4
      vertex -76.1532 -95.427 0
    endloop
  endfacet
  facet normal -0.923867 -0.382714 0
    outer loop
      vertex -76.1532 -95.427 4
      vertex -75.973 -95.862 0
      vertex -75.973 -95.862 4
    endloop
  endfacet
  facet normal 0.522627 0.852562 -0
    outer loop
      vertex 75.0633 96.927 0
      vertex 74.662 97.173 4
      vertex 75.0633 96.927 4
    endloop
  endfacet
  facet normal 0.522627 0.852562 0
    outer loop
      vertex 74.662 97.173 4
      vertex 75.0633 96.927 0
      vertex 74.662 97.173 0
    endloop
  endfacet
  facet normal 0.649373 -0.76047 0
    outer loop
      vertex 75.0633 -96.927 0
      vertex 75.4213 -96.6213 4
      vertex 75.0633 -96.927 4
    endloop
  endfacet
  facet normal 0.649373 -0.76047 0
    outer loop
      vertex 75.4213 -96.6213 4
      vertex 75.0633 -96.927 0
      vertex 75.4213 -96.6213 0
    endloop
  endfacet
  facet normal -0.0783858 -0.996923 0
    outer loop
      vertex -73.7693 -97.4631 0
      vertex -73.3 -97.5 4
      vertex -73.7693 -97.4631 4
    endloop
  endfacet
  facet normal -0.0783858 -0.996923 -0
    outer loop
      vertex -73.3 -97.5 4
      vertex -73.7693 -97.4631 0
      vertex -73.3 -97.5 0
    endloop
  endfacet
  facet normal 0.923867 0.382714 0
    outer loop
      vertex 76.1532 95.427 4
      vertex 75.973 95.862 0
      vertex 75.973 95.862 4
    endloop
  endfacet
  facet normal 0.923867 0.382714 0
    outer loop
      vertex 75.973 95.862 0
      vertex 76.1532 95.427 4
      vertex 76.1532 95.427 0
    endloop
  endfacet
  facet normal 0.233477 -0.972362 0
    outer loop
      vertex 73.7693 -97.4631 0
      vertex 74.227 -97.3532 4
      vertex 73.7693 -97.4631 4
    endloop
  endfacet
  facet normal 0.233477 -0.972362 0
    outer loop
      vertex 74.227 -97.3532 4
      vertex 73.7693 -97.4631 0
      vertex 74.227 -97.3532 0
    endloop
  endfacet
  facet normal 0.85262 -0.522532 0
    outer loop
      vertex 75.727 -96.2634 4
      vertex 75.973 -95.862 0
      vertex 75.973 -95.862 4
    endloop
  endfacet
  facet normal 0.85262 -0.522532 0
    outer loop
      vertex 75.973 -95.862 0
      vertex 75.727 -96.2634 4
      vertex 75.727 -96.2634 0
    endloop
  endfacet
  facet normal -0.522627 0.852562 0
    outer loop
      vertex -74.662 97.173 0
      vertex -75.0633 96.927 4
      vertex -74.662 97.173 4
    endloop
  endfacet
  facet normal -0.522627 0.852562 0
    outer loop
      vertex -75.0633 96.927 4
      vertex -74.662 97.173 0
      vertex -75.0633 96.927 0
    endloop
  endfacet
  facet normal 0 1 -0
    outer loop
      vertex 73.3 97.5 0
      vertex -73.3 97.5 4
      vertex 73.3 97.5 4
    endloop
  endfacet
  facet normal 0 1 0
    outer loop
      vertex -73.3 97.5 4
      vertex 73.3 97.5 0
      vertex -73.3 97.5 0
    endloop
  endfacet
  facet normal -0.233477 0.972362 0
    outer loop
      vertex -73.7693 97.4631 0
      vertex -74.227 97.3532 4
      vertex -73.7693 97.4631 4
    endloop
  endfacet
  facet normal -0.233477 0.972362 0
    outer loop
      vertex -74.227 97.3532 4
      vertex -73.7693 97.4631 0
      vertex -74.227 97.3532 0
    endloop
  endfacet
  facet normal 0 -1 0
    outer loop
      vertex -73.3 -97.5 0
      vertex 73.3 -97.5 4
      vertex -73.3 -97.5 4
    endloop
  endfacet
  facet normal 0 -1 -0
    outer loop
      vertex 73.3 -97.5 4
      vertex -73.3 -97.5 0
      vertex 73.3 -97.5 0
    endloop
  endfacet
  facet normal -0.522627 -0.852562 0
    outer loop
      vertex -75.0633 -96.927 0
      vertex -74.662 -97.173 4
      vertex -75.0633 -96.927 4
    endloop
  endfacet
  facet normal -0.522627 -0.852562 -0
    outer loop
      vertex -74.662 -97.173 4
      vertex -75.0633 -96.927 0
      vertex -74.662 -97.173 0
    endloop
  endfacet
  facet normal 1 -0 0
    outer loop
      vertex 76.3 -94.5 4
      vertex 76.3 94.5 0
      vertex 76.3 94.5 4
    endloop
  endfacet
  facet normal 1 0 0
    outer loop
      vertex 76.3 94.5 0
      vertex 76.3 -94.5 4
      vertex 76.3 -94.5 0
    endloop
  endfacet
  facet normal 0.85262 0.522532 0
    outer loop
      vertex 75.973 95.862 4
      vertex 75.727 96.2634 0
      vertex 75.727 96.2634 4
    endloop
  endfacet
  facet normal 0.85262 0.522532 0
    outer loop
      vertex 75.727 96.2634 0
      vertex 75.973 95.862 4
      vertex 75.973 95.862 0
    endloop
  endfacet
  facet normal -0.85262 -0.522532 0
    outer loop
      vertex -75.727 -96.2634 0
      vertex -75.973 -95.862 4
      vertex -75.973 -95.862 0
    endloop
  endfacet
  facet normal -0.85262 -0.522532 0
    outer loop
      vertex -75.973 -95.862 4
      vertex -75.727 -96.2634 0
      vertex -75.727 -96.2634 4
    endloop
  endfacet
  facet normal -0.382714 -0.923867 0
    outer loop
      vertex -74.662 -97.173 0
      vertex -74.227 -97.3532 4
      vertex -74.662 -97.173 4
    endloop
  endfacet
  facet normal -0.382714 -0.923867 -0
    outer loop
      vertex -74.227 -97.3532 4
      vertex -74.662 -97.173 0
      vertex -74.227 -97.3532 0
    endloop
  endfacet
  facet normal 0.97241 -0.233277 0
    outer loop
      vertex 76.1532 -95.427 4
      vertex 76.263 -94.9693 0
      vertex 76.263 -94.9693 4
    endloop
  endfacet
  facet normal 0.97241 -0.233277 0
    outer loop
      vertex 76.263 -94.9693 0
      vertex 76.1532 -95.427 4
      vertex 76.1532 -95.427 0
    endloop
  endfacet
  facet normal -0.76038 0.649478 0
    outer loop
      vertex -75.727 96.2634 0
      vertex -75.4213 96.6213 4
      vertex -75.4213 96.6213 0
    endloop
  endfacet
  facet normal -0.76038 0.649478 0
    outer loop
      vertex -75.4213 96.6213 4
      vertex -75.727 96.2634 0
      vertex -75.727 96.2634 4
    endloop
  endfacet
  facet normal -0.233477 -0.972362 0
    outer loop
      vertex -74.227 -97.3532 0
      vertex -73.7693 -97.4631 4
      vertex -74.227 -97.3532 4
    endloop
  endfacet
  facet normal -0.233477 -0.972362 -0
    outer loop
      vertex -73.7693 -97.4631 4
      vertex -74.227 -97.3532 0
      vertex -73.7693 -97.4631 0
    endloop
  endfacet
  facet normal 0.76038 0.649478 0
    outer loop
      vertex 75.727 96.2634 4
      vertex 75.4213 96.6213 0
      vertex 75.4213 96.6213 4
    endloop
  endfacet
  facet normal 0.76038 0.649478 0
    outer loop
      vertex 75.4213 96.6213 0
      vertex 75.727 96.2634 4
      vertex 75.727 96.2634 0
    endloop
  endfacet
  facet normal -1 0 0
    outer loop
      vertex -76.3 -94.5 0
      vertex -76.3 94.5 4
      vertex -76.3 94.5 0
    endloop
  endfacet
  facet normal -1 -0 0
    outer loop
      vertex -76.3 94.5 4
      vertex -76.3 -94.5 0
      vertex -76.3 -94.5 4
    endloop
  endfacet
  facet normal 0 0 1
    outer loop
      vertex -37.8735 35.4137 4
      vertex -53.6459 43.2937 4
      vertex -37.7948 35.0856 4
    endloop
  endfacet
  facet normal 0 0 1
    outer loop
      vertex -37.5 0 4
      vertex -49.5739 -48.0614 4
      vertex -49.5 -49 4
    endloop
  endfacet
  facet normal 0 0 1
    outer loop
      vertex -37.7948 35.0856 4
      vertex -53.6459 43.2937 4
      vertex -37.6657 34.7739 4
    endloop
  endfacet
  facet normal 0 0 1
    outer loop
      vertex -37.5 0 4
      vertex -49.7937 -47.1459 4
      vertex -49.5739 -48.0614 4
    endloop
  endfacet
  facet normal -0 0 1
    outer loop
      vertex -54.5614 43.0739 4
      vertex -37.6657 34.7739 4
      vertex -53.6459 43.2937 4
    endloop
  endfacet
  facet normal 0 0 1
    outer loop
      vertex -37.5 0 4
      vertex -50.154 -46.2761 4
      vertex -49.7937 -47.1459 4
    endloop
  endfacet
  facet normal 0 0 1
    outer loop
      vertex -37.6657 34.7739 4
      vertex -54.5614 43.0739 4
      vertex -37.4894 34.4863 4
    endloop
  endfacet
  facet normal 0 0 1
    outer loop
      vertex -37.5 0 4
      vertex -50.6459 -45.4733 4
      vertex -50.154 -46.2761 4
    endloop
  endfacet
  facet normal -0 0 1
    outer loop
      vertex -55.5 43 4
      vertex -37.4894 34.4863 4
      vertex -54.5614 43.0739 4
    endloop
  endfacet
  facet normal 0 0 1
    outer loop
      vertex -37.5 0 4
      vertex -51.2574 -44.7574 4
      vertex -50.6459 -45.4733 4
    endloop
  endfacet
  facet normal 0 0 1
    outer loop
      vertex -37.4894 34.4863 4
      vertex -55.5 43 4
      vertex -35.1891 11.4336 4
    endloop
  endfacet
  facet normal 0 0 1
    outer loop
      vertex -37.5 0 4
      vertex -51.9733 -44.1459 4
      vertex -51.2574 -44.7574 4
    endloop
  endfacet
  facet normal 0 0 1
    outer loop
      vertex -56.4386 43.0739 4
      vertex -35.1891 11.4336 4
      vertex -55.5 43 4
    endloop
  endfacet
  facet normal 0 0 1
    outer loop
      vertex -37.5 0 4
      vertex -52.7761 -43.654 4
      vertex -51.9733 -44.1459 4
    endloop
  endfacet
  facet normal 0 0 1
    outer loop
      vertex -35.1891 11.4336 4
      vertex -56.4386 43.0739 4
      vertex -36.5445 5.78807 4
    endloop
  endfacet
  facet normal 0 0 1
    outer loop
      vertex -37.5 0 4
      vertex -53.6459 -43.2937 4
      vertex -52.7761 -43.654 4
    endloop
  endfacet
  facet normal 0 0 1
    outer loop
      vertex -57.3541 43.2937 4
      vertex -36.5445 5.78807 4
      vertex -56.4386 43.0739 4
    endloop
  endfacet
  facet normal 0 0 1
    outer loop
      vertex -37.5 0 4
      vertex -54.5614 -43.0739 4
      vertex -53.6459 -43.2937 4
    endloop
  endfacet
  facet normal 0 0 1
    outer loop
      vertex -58.2239 43.654 4
      vertex -36.5445 5.78807 4
      vertex -57.3541 43.2937 4
    endloop
  endfacet
  facet normal 0 0 1
    outer loop
      vertex -37.5 0 4
      vertex -55.5 -43 4
      vertex -54.5614 -43.0739 4
    endloop
  endfacet
  facet normal 0 0 1
    outer loop
      vertex -36.5445 5.78807 4
      vertex -58.2239 43.654 4
      vertex -37.4016 1.25 4
    endloop
  endfacet
  facet normal 0 0 1
    outer loop
      vertex -37.5 0 4
      vertex -56.4386 -43.0739 4
      vertex -55.5 -43 4
    endloop
  endfacet
  facet normal 0 0 1
    outer loop
      vertex -59.0267 44.1459 4
      vertex -37.4016 1.25 4
      vertex -58.2239 43.654 4
    endloop
  endfacet
  facet normal 0 0 1
    outer loop
      vertex -37.5 0 4
      vertex -57.3541 -43.2937 4
      vertex -56.4386 -43.0739 4
    endloop
  endfacet
  facet normal 0 0 1
    outer loop
      vertex -37.4016 1.25 4
      vertex -59.0267 44.1459 4
      vertex -37.5 0 4
    endloop
  endfacet
  facet normal 0 0 1
    outer loop
      vertex -37.5 0 4
      vertex -58.2239 -43.654 4
      vertex -57.3541 -43.2937 4
    endloop
  endfacet
  facet normal 0 0 1
    outer loop
      vertex -59.0267 -44.1459 4
      vertex -37.5 0 4
      vertex -59.0267 44.1459 4
    endloop
  endfacet
  facet normal 0 0 1
    outer loop
      vertex -37.5 0 4
      vertex -59.0267 -44.1459 4
      vertex -58.2239 -43.654 4
    endloop
  endfacet
  facet normal 0 0 1
    outer loop
      vertex -59.7426 44.7574 4
      vertex -59.0267 -44.1459 4
      vertex -59.0267 44.1459 4
    endloop
  endfacet
  facet normal 0 0 1
    outer loop
      vertex -59.7426 44.7574 4
      vertex -59.7426 -44.7574 4
      vertex -59.0267 -44.1459 4
    endloop
  endfacet
  facet normal 0 0 1
    outer loop
      vertex -60.3541 45.4733 4
      vertex -59.7426 -44.7574 4
      vertex -59.7426 44.7574 4
    endloop
  endfacet
  facet normal 0 0 1
    outer loop
      vertex -60.3541 45.4733 4
      vertex -60.3541 -45.4733 4
      vertex -59.7426 -44.7574 4
    endloop
  endfacet
  facet normal 0 0 1
    outer loop
      vertex -60.846 46.2761 4
      vertex -60.3541 -45.4733 4
      vertex -60.3541 45.4733 4
    endloop
  endfacet
  facet normal 0 0 1
    outer loop
      vertex -60.846 46.2761 4
      vertex -60.846 -46.2761 4
      vertex -60.3541 -45.4733 4
    endloop
  endfacet
  facet normal 0 0 1
    outer loop
      vertex -61.2063 47.1459 4
      vertex -60.846 -46.2761 4
      vertex -60.846 46.2761 4
    endloop
  endfacet
  facet normal 0 0 1
    outer loop
      vertex -61.2063 47.1459 4
      vertex -61.2063 -47.1459 4
      vertex -60.846 -46.2761 4
    endloop
  endfacet
  facet normal 0 0 1
    outer loop
      vertex -61.4261 48.0614 4
      vertex -61.2063 -47.1459 4
      vertex -61.2063 47.1459 4
    endloop
  endfacet
  facet normal 0 0 1
    outer loop
      vertex -61.4261 48.0614 4
      vertex -61.4261 -48.0614 4
      vertex -61.2063 -47.1459 4
    endloop
  endfacet
  facet normal 0 0 1
    outer loop
      vertex -76.3 94.5 4
      vertex -61.4261 48.0614 4
      vertex -61.5 49 4
    endloop
  endfacet
  facet normal 0 0 1
    outer loop
      vertex -61.4261 48.0614 4
      vertex -76.3 94.5 4
      vertex -61.4261 -48.0614 4
    endloop
  endfacet
  facet normal 0 0 1
    outer loop
      vertex -21.7481 -29.9336 4
      vertex -33.6265 -35.4137 4
      vertex -33.6 -35.75 4
    endloop
  endfacet
  facet normal 0 0 1
    outer loop
      vertex -29.9336 -21.7481 4
      vertex -33.7052 -35.0856 4
      vertex -33.6265 -35.4137 4
    endloop
  endfacet
  facet normal 0 0 1
    outer loop
      vertex -29.9336 -21.7481 4
      vertex -33.8343 -34.7739 4
      vertex -33.7052 -35.0856 4
    endloop
  endfacet
  facet normal 0 0 1
    outer loop
      vertex -29.9336 -21.7481 4
      vertex -34.0106 -34.4863 4
      vertex -33.8343 -34.7739 4
    endloop
  endfacet
  facet normal 0 0 1
    outer loop
      vertex -29.9336 -21.7481 4
      vertex -34.2297 -34.2297 4
      vertex -34.0106 -34.4863 4
    endloop
  endfacet
  facet normal 0 0 1
    outer loop
      vertex -29.9336 -21.7481 4
      vertex -34.4863 -34.0106 4
      vertex -34.2297 -34.2297 4
    endloop
  endfacet
  facet normal 0 0 1
    outer loop
      vertex -29.9336 -21.7481 4
      vertex -34.7739 -33.8343 4
      vertex -34.4863 -34.0106 4
    endloop
  endfacet
  facet normal 0 0 1
    outer loop
      vertex -29.9336 -21.7481 4
      vertex -35.0856 -33.7052 4
      vertex -34.7739 -33.8343 4
    endloop
  endfacet
  facet normal 0 0 1
    outer loop
      vertex -37.2703 -34.2297 4
      vertex -32.9672 -16.7976 4
      vertex -35.1891 -11.4336 4
    endloop
  endfacet
  facet normal 0 0 1
    outer loop
      vertex -29.9336 -21.7481 4
      vertex -35.4137 -33.6265 4
      vertex -35.0856 -33.7052 4
    endloop
  endfacet
  facet normal 0 0 1
    outer loop
      vertex -29.9336 -21.7481 4
      vertex -35.75 -33.6 4
      vertex -35.4137 -33.6265 4
    endloop
  endfacet
  facet normal 0 0 1
    outer loop
      vertex -29.9336 -21.7481 4
      vertex -36.0863 -33.6265 4
      vertex -35.75 -33.6 4
    endloop
  endfacet
  facet normal 0 0 1
    outer loop
      vertex -29.9336 -21.7481 4
      vertex -36.4144 -33.7052 4
      vertex -36.0863 -33.6265 4
    endloop
  endfacet
  facet normal 0 0 1
    outer loop
      vertex -49.5 -49 4
      vertex -35.1891 -11.4336 4
      vertex -36.5445 -5.78807 4
    endloop
  endfacet
  facet normal 0 0 1
    outer loop
      vertex -32.9672 -16.7976 4
      vertex -36.7261 -33.8343 4
      vertex -36.4144 -33.7052 4
    endloop
  endfacet
  facet normal -0 0 1
    outer loop
      vertex -37.4016 -1.25 4
      vertex -36.5445 -5.78807 4
      vertex -36.9016 -1.25 4
    endloop
  endfacet
  facet normal 0 0 1
    outer loop
      vertex -49.5 -49 4
      vertex -36.5445 -5.78807 4
      vertex -37.4016 -1.25 4
    endloop
  endfacet
  facet normal 0 0 1
    outer loop
      vertex -32.9672 -16.7976 4
      vertex -37.0137 -34.0106 4
      vertex -36.7261 -33.8343 4
    endloop
  endfacet
  facet normal 0 0 1
    outer loop
      vertex -32.9672 -16.7976 4
      vertex -37.2703 -34.2297 4
      vertex -37.0137 -34.0106 4
    endloop
  endfacet
  facet normal 0 0 1
    outer loop
      vertex -35.1891 -11.4336 4
      vertex -37.4894 -34.4863 4
      vertex -37.2703 -34.2297 4
    endloop
  endfacet
  facet normal 0 0 1
    outer loop
      vertex -49.5 -49 4
      vertex -37.4016 -1.25 4
      vertex -37.5 0 4
    endloop
  endfacet
  facet normal -0 0 1
    outer loop
      vertex -52.7761 43.654 4
      vertex -37.9 35.75 4
      vertex -51.9733 44.1459 4
    endloop
  endfacet
  facet normal 0 0 1
    outer loop
      vertex -35.1891 -11.4336 4
      vertex -37.6657 -34.7739 4
      vertex -37.4894 -34.4863 4
    endloop
  endfacet
  facet normal 0 0 1
    outer loop
      vertex -37.6657 36.7261 4
      vertex -51.2574 44.7574 4
      vertex -37.7948 36.4144 4
    endloop
  endfacet
  facet normal 0 0 1
    outer loop
      vertex -37.9 35.75 4
      vertex -52.7761 43.654 4
      vertex -37.8735 35.4137 4
    endloop
  endfacet
  facet normal -0 0 1
    outer loop
      vertex -51.2574 44.7574 4
      vertex -37.6657 36.7261 4
      vertex -50.6459 45.4733 4
    endloop
  endfacet
  facet normal 0 0 1
    outer loop
      vertex -35.1891 -11.4336 4
      vertex -49.5 -49 4
      vertex -37.6657 -34.7739 4
    endloop
  endfacet
  facet normal 0 0 1
    outer loop
      vertex -37.4894 37.0137 4
      vertex -50.6459 45.4733 4
      vertex -37.6657 36.7261 4
    endloop
  endfacet
  facet normal 0 0 1
    outer loop
      vertex -37.6657 -34.7739 4
      vertex -49.5 -49 4
      vertex -37.7948 -35.0856 4
    endloop
  endfacet
  facet normal 0 0 1
    outer loop
      vertex -25.5631 27.3308 4
      vertex -34.0106 34.4863 4
      vertex -26.5165 26.5165 4
    endloop
  endfacet
  facet normal -0 0 1
    outer loop
      vertex -34.2297 34.2297 4
      vertex -26.5165 26.5165 4
      vertex -34.0106 34.4863 4
    endloop
  endfacet
  facet normal -0 0 1
    outer loop
      vertex -34.4863 34.0106 4
      vertex -26.5165 26.5165 4
      vertex -34.2297 34.2297 4
    endloop
  endfacet
  facet normal 0 0 1
    outer loop
      vertex -26.5165 26.5165 4
      vertex -34.4863 34.0106 4
      vertex -27.3308 25.5631 4
    endloop
  endfacet
  facet normal -0 0 1
    outer loop
      vertex -34.7739 33.8343 4
      vertex -27.3308 25.5631 4
      vertex -34.4863 34.0106 4
    endloop
  endfacet
  facet normal -0 0 1
    outer loop
      vertex -35.0856 33.7052 4
      vertex -27.3308 25.5631 4
      vertex -34.7739 33.8343 4
    endloop
  endfacet
  facet normal -0 0 1
    outer loop
      vertex -35.4137 33.6265 4
      vertex -27.3308 25.5631 4
      vertex -35.0856 33.7052 4
    endloop
  endfacet
  facet normal 0 0 1
    outer loop
      vertex -27.3308 25.5631 4
      vertex -35.4137 33.6265 4
      vertex -29.9336 21.7481 4
    endloop
  endfacet
  facet normal -0 0 1
    outer loop
      vertex -35.75 33.6 4
      vertex -29.9336 21.7481 4
      vertex -35.4137 33.6265 4
    endloop
  endfacet
  facet normal 0 0 1
    outer loop
      vertex -36.0863 33.6265 4
      vertex -29.9336 21.7481 4
      vertex -35.75 33.6 4
    endloop
  endfacet
  facet normal 0 0 1
    outer loop
      vertex -36.4144 33.7052 4
      vertex -29.9336 21.7481 4
      vertex -36.0863 33.6265 4
    endloop
  endfacet
  facet normal 0 0 1
    outer loop
      vertex -29.9336 21.7481 4
      vertex -36.4144 33.7052 4
      vertex -32.9672 16.7976 4
    endloop
  endfacet
  facet normal 0 0 1
    outer loop
      vertex -36.7261 33.8343 4
      vertex -32.9672 16.7976 4
      vertex -36.4144 33.7052 4
    endloop
  endfacet
  facet normal 0 0 1
    outer loop
      vertex -37.0137 34.0106 4
      vertex -32.9672 16.7976 4
      vertex -36.7261 33.8343 4
    endloop
  endfacet
  facet normal 0 0 1
    outer loop
      vertex -37.2703 34.2297 4
      vertex -32.9672 16.7976 4
      vertex -37.0137 34.0106 4
    endloop
  endfacet
  facet normal 0 0 1
    outer loop
      vertex -32.9672 16.7976 4
      vertex -37.2703 34.2297 4
      vertex -35.1891 11.4336 4
    endloop
  endfacet
  facet normal 0 0 1
    outer loop
      vertex -37.4894 34.4863 4
      vertex -35.1891 11.4336 4
      vertex -37.2703 34.2297 4
    endloop
  endfacet
  facet normal -0 0 1
    outer loop
      vertex -53.6459 43.2937 4
      vertex -37.8735 35.4137 4
      vertex -52.7761 43.654 4
    endloop
  endfacet
  facet normal 0 0 1
    outer loop
      vertex -36.5445 5.78807 4
      vertex -37.4016 1.25 4
      vertex -36.9016 1.25 4
    endloop
  endfacet
  facet normal 0 0 1
    outer loop
      vertex -37.7948 36.4144 4
      vertex -51.2574 44.7574 4
      vertex -37.8735 36.0863 4
    endloop
  endfacet
  facet normal -0 0 1
    outer loop
      vertex -51.9733 44.1459 4
      vertex -37.8735 36.0863 4
      vertex -51.2574 44.7574 4
    endloop
  endfacet
  facet normal 0 0 1
    outer loop
      vertex -37.8735 36.0863 4
      vertex -51.9733 44.1459 4
      vertex -37.9 35.75 4
    endloop
  endfacet
  facet normal 0 0 1
    outer loop
      vertex -26.9773 -25.2095 4
      vertex -29.9336 -21.7481 4
      vertex -27.3308 -25.5631 4
    endloop
  endfacet
  facet normal 0 0 1
    outer loop
      vertex -1.25 -36.9016 4
      vertex -5.78807 -36.5445 4
      vertex -1.25 -37.4016 4
    endloop
  endfacet
  facet normal 0 0 1
    outer loop
      vertex 29.9336 -21.7481 4
      vertex 26.9773 -25.2095 4
      vertex 27.3308 -25.5631 4
    endloop
  endfacet
  facet normal 0 0 1
    outer loop
      vertex 29.9336 21.7481 4
      vertex 27.3308 25.5631 4
      vertex 26.9773 25.2095 4
    endloop
  endfacet
  facet normal 0 0 1
    outer loop
      vertex 5.78807 36.5445 4
      vertex 1.25 37.4016 4
      vertex 1.25 36.9016 4
    endloop
  endfacet
  facet normal 0 0 1
    outer loop
      vertex -26.9773 25.2095 4
      vertex -27.3308 25.5631 4
      vertex -29.9336 21.7481 4
    endloop
  endfacet
  facet normal 0 0 1
    outer loop
      vertex 59.0267 -44.1459 4
      vertex 37.4016 -1.25 4
      vertex 58.2239 -43.654 4
    endloop
  endfacet
  facet normal 0 0 1
    outer loop
      vertex 58.2239 -43.654 4
      vertex 36.5445 -5.78807 4
      vertex 57.3541 -43.2937 4
    endloop
  endfacet
  facet normal 0 0 1
    outer loop
      vertex 37.4016 1.25 4
      vertex 37.8735 35.4137 4
      vertex 37.7948 35.0856 4
    endloop
  endfacet
  facet normal 0 0 1
    outer loop
      vertex 56.4386 -43.0739 4
      vertex 37.8735 -35.4137 4
      vertex 37.9 -35.75 4
    endloop
  endfacet
  facet normal 0 0 1
    outer loop
      vertex 36.5445 5.78807 4
      vertex 37.7948 35.0856 4
      vertex 37.6657 34.7739 4
    endloop
  endfacet
  facet normal 0 0 1
    outer loop
      vertex 57.3541 -43.2937 4
      vertex 36.5445 -5.78807 4
      vertex 56.4386 -43.0739 4
    endloop
  endfacet
  facet normal 0 0 1
    outer loop
      vertex 56.4386 -43.0739 4
      vertex 37.7948 -35.0856 4
      vertex 37.8735 -35.4137 4
    endloop
  endfacet
  facet normal 0 0 1
    outer loop
      vertex 35.1891 11.4336 4
      vertex 37.6657 34.7739 4
      vertex 37.4894 34.4863 4
    endloop
  endfacet
  facet normal -0 0 1
    outer loop
      vertex 36.5445 -5.78807 4
      vertex 58.2239 -43.654 4
      vertex 37.4016 -1.25 4
    endloop
  endfacet
  facet normal 0 0 1
    outer loop
      vertex 35.1891 11.4336 4
      vertex 37.4894 34.4863 4
      vertex 37.2703 34.2297 4
    endloop
  endfacet
  facet normal 0 0 1
    outer loop
      vertex 32.9672 16.7976 4
      vertex 37.2703 34.2297 4
      vertex 37.0137 34.0106 4
    endloop
  endfacet
  facet normal 0 0 1
    outer loop
      vertex 37.7948 35.0856 4
      vertex 36.5445 5.78807 4
      vertex 37.4016 1.25 4
    endloop
  endfacet
  facet normal 0 0 1
    outer loop
      vertex 32.9672 16.7976 4
      vertex 37.0137 34.0106 4
      vertex 36.7261 33.8343 4
    endloop
  endfacet
  facet normal 0 0 1
    outer loop
      vertex 37.4016 1.25 4
      vertex 36.5445 5.78807 4
      vertex 36.9016 1.25 4
    endloop
  endfacet
  facet normal 0 0 1
    outer loop
      vertex 32.9672 16.7976 4
      vertex 36.7261 33.8343 4
      vertex 36.4144 33.7052 4
    endloop
  endfacet
  facet normal 0 0 1
    outer loop
      vertex 29.9336 21.7481 4
      vertex 36.4144 33.7052 4
      vertex 36.0863 33.6265 4
    endloop
  endfacet
  facet normal 0 0 1
    outer loop
      vertex 29.9336 21.7481 4
      vertex 36.0863 33.6265 4
      vertex 35.75 33.6 4
    endloop
  endfacet
  facet normal 0 0 1
    outer loop
      vertex 29.9336 21.7481 4
      vertex 35.75 33.6 4
      vertex 35.4137 33.6265 4
    endloop
  endfacet
  facet normal 0 0 1
    outer loop
      vertex 37.6657 34.7739 4
      vertex 35.1891 11.4336 4
      vertex 36.5445 5.78807 4
    endloop
  endfacet
  facet normal 0 0 1
    outer loop
      vertex 27.3308 25.5631 4
      vertex 35.4137 33.6265 4
      vertex 35.0856 33.7052 4
    endloop
  endfacet
  facet normal 0 0 1
    outer loop
      vertex 27.3308 25.5631 4
      vertex 35.0856 33.7052 4
      vertex 34.7739 33.8343 4
    endloop
  endfacet
  facet normal 0 0 1
    outer loop
      vertex 27.3308 25.5631 4
      vertex 34.7739 33.8343 4
      vertex 34.4863 34.0106 4
    endloop
  endfacet
  facet normal 0 0 1
    outer loop
      vertex 26.5165 26.5165 4
      vertex 34.4863 34.0106 4
      vertex 34.2297 34.2297 4
    endloop
  endfacet
  facet normal 0 0 1
    outer loop
      vertex 26.5165 26.5165 4
      vertex 34.2297 34.2297 4
      vertex 34.0106 34.4863 4
    endloop
  endfacet
  facet normal 0 0 1
    outer loop
      vertex 25.5631 27.3308 4
      vertex 34.0106 34.4863 4
      vertex 33.8343 34.7739 4
    endloop
  endfacet
  facet normal 0 0 1
    outer loop
      vertex 25.5631 27.3308 4
      vertex 33.8343 34.7739 4
      vertex 33.7052 35.0856 4
    endloop
  endfacet
  facet normal 0 0 1
    outer loop
      vertex 25.5631 27.3308 4
      vertex 33.7052 35.0856 4
      vertex 33.6265 35.4137 4
    endloop
  endfacet
  facet normal 0 0 1
    outer loop
      vertex 21.7481 29.9336 4
      vertex 33.6265 35.4137 4
      vertex 33.6 35.75 4
    endloop
  endfacet
  facet normal 0 0 1
    outer loop
      vertex 37.2703 34.2297 4
      vertex 32.9672 16.7976 4
      vertex 35.1891 11.4336 4
    endloop
  endfacet
  facet normal -0 0 1
    outer loop
      vertex 61.4261 -48.0614 4
      vertex 76.3 -94.5 4
      vertex 61.4261 48.0614 4
    endloop
  endfacet
  facet normal 0 0 1
    outer loop
      vertex 76.3 -94.5 4
      vertex 61.4261 -48.0614 4
      vertex 61.5 -49 4
    endloop
  endfacet
  facet normal -0 0 1
    outer loop
      vertex 61.2063 47.1459 4
      vertex 61.4261 -48.0614 4
      vertex 61.4261 48.0614 4
    endloop
  endfacet
  facet normal 0 0 1
    outer loop
      vertex 61.2063 47.1459 4
      vertex 61.2063 -47.1459 4
      vertex 61.4261 -48.0614 4
    endloop
  endfacet
  facet normal -0 0 1
    outer loop
      vertex 60.846 46.2761 4
      vertex 61.2063 -47.1459 4
      vertex 61.2063 47.1459 4
    endloop
  endfacet
  facet normal 0 0 1
    outer loop
      vertex 60.846 46.2761 4
      vertex 60.846 -46.2761 4
      vertex 61.2063 -47.1459 4
    endloop
  endfacet
  facet normal -0 0 1
    outer loop
      vertex 60.3541 45.4733 4
      vertex 60.846 -46.2761 4
      vertex 60.846 46.2761 4
    endloop
  endfacet
  facet normal 0 0 1
    outer loop
      vertex 60.3541 45.4733 4
      vertex 60.3541 -45.4733 4
      vertex 60.846 -46.2761 4
    endloop
  endfacet
  facet normal -0 0 1
    outer loop
      vertex 59.7426 44.7574 4
      vertex 60.3541 -45.4733 4
      vertex 60.3541 45.4733 4
    endloop
  endfacet
  facet normal 0 0 1
    outer loop
      vertex 59.7426 44.7574 4
      vertex 59.7426 -44.7574 4
      vertex 60.3541 -45.4733 4
    endloop
  endfacet
  facet normal -0 0 1
    outer loop
      vertex 59.0267 44.1459 4
      vertex 59.7426 -44.7574 4
      vertex 59.7426 44.7574 4
    endloop
  endfacet
  facet normal 0 0 1
    outer loop
      vertex 59.0267 44.1459 4
      vertex 59.0267 -44.1459 4
      vertex 59.7426 -44.7574 4
    endloop
  endfacet
  facet normal 0 0 1
    outer loop
      vertex 37.4016 1.25 4
      vertex 59.0267 44.1459 4
      vertex 58.2239 43.654 4
    endloop
  endfacet
  facet normal 0 -0 1
    outer loop
      vertex 37.5 0 4
      vertex 59.0267 44.1459 4
      vertex 37.4016 1.25 4
    endloop
  endfacet
  facet normal 0 0 1
    outer loop
      vertex 37.4016 1.25 4
      vertex 58.2239 43.654 4
      vertex 57.3541 43.2937 4
    endloop
  endfacet
  facet normal 0 0 1
    outer loop
      vertex 59.0267 44.1459 4
      vertex 37.5 0 4
      vertex 59.0267 -44.1459 4
    endloop
  endfacet
  facet normal 0 0 1
    outer loop
      vertex 37.4016 1.25 4
      vertex 57.3541 43.2937 4
      vertex 56.4386 43.0739 4
    endloop
  endfacet
  facet normal -0 0 1
    outer loop
      vertex 37.4016 -1.25 4
      vertex 59.0267 -44.1459 4
      vertex 37.5 0 4
    endloop
  endfacet
  facet normal 0 0 1
    outer loop
      vertex 54.5614 43.0739 4
      vertex 37.8735 35.4137 4
      vertex 55.5 43 4
    endloop
  endfacet
  facet normal 0 0 1
    outer loop
      vertex 37.4016 1.25 4
      vertex 55.5 43 4
      vertex 37.8735 35.4137 4
    endloop
  endfacet
  facet normal 0 0 1
    outer loop
      vertex 53.6459 43.2937 4
      vertex 37.8735 35.4137 4
      vertex 54.5614 43.0739 4
    endloop
  endfacet
  facet normal -0 0 1
    outer loop
      vertex 55.5 43 4
      vertex 37.4016 1.25 4
      vertex 56.4386 43.0739 4
    endloop
  endfacet
  facet normal 0 0 1
    outer loop
      vertex 52.7761 43.654 4
      vertex 37.8735 35.4137 4
      vertex 53.6459 43.2937 4
    endloop
  endfacet
  facet normal 0 0 1
    outer loop
      vertex 56.4386 -43.0739 4
      vertex 37.9 -35.75 4
      vertex 55.5 -43 4
    endloop
  endfacet
  facet normal 0 0 1
    outer loop
      vertex 37.8735 35.4137 4
      vertex 52.7761 43.654 4
      vertex 37.9 35.75 4
    endloop
  endfacet
  facet normal 0 0 1
    outer loop
      vertex 55.5 -43 4
      vertex 37.9 -35.75 4
      vertex 54.5614 -43.0739 4
    endloop
  endfacet
  facet normal 0 0 1
    outer loop
      vertex 37.9 35.75 4
      vertex 52.7761 43.654 4
      vertex 51.9733 44.1459 4
    endloop
  endfacet
  facet normal 0 0 1
    outer loop
      vertex 54.5614 -43.0739 4
      vertex 37.9 -35.75 4
      vertex 53.6459 -43.2937 4
    endloop
  endfacet
  facet normal 0 0 1
    outer loop
      vertex 37.8735 36.0863 4
      vertex 51.9733 44.1459 4
      vertex 51.2574 44.7574 4
    endloop
  endfacet
  facet normal 0 0 1
    outer loop
      vertex 53.6459 -43.2937 4
      vertex 37.9 -35.75 4
      vertex 52.7761 -43.654 4
    endloop
  endfacet
  facet normal 0 0 1
    outer loop
      vertex 37.6657 36.7261 4
      vertex 51.2574 44.7574 4
      vertex 50.6459 45.4733 4
    endloop
  endfacet
  facet normal 0 0 1
    outer loop
      vertex 52.7761 -43.654 4
      vertex 37.9 -35.75 4
      vertex 51.9733 -44.1459 4
    endloop
  endfacet
  facet normal 0 0 1
    outer loop
      vertex 37.4894 37.0137 4
      vertex 50.6459 45.4733 4
      vertex 50.154 46.2761 4
    endloop
  endfacet
  facet normal -0 0 1
    outer loop
      vertex 37.8735 -36.0863 4
      vertex 51.9733 -44.1459 4
      vertex 37.9 -35.75 4
    endloop
  endfacet
  facet normal 0 0 1
    outer loop
      vertex 37.2703 37.2703 4
      vertex 50.154 46.2761 4
      vertex 49.7937 47.1459 4
    endloop
  endfacet
  facet normal 0 0 1
    outer loop
      vertex 51.9733 -44.1459 4
      vertex 37.8735 -36.0863 4
      vertex 51.2574 -44.7574 4
    endloop
  endfacet
  facet normal 0 0 1
    outer loop
      vertex 36.7261 37.6657 4
      vertex 49.7937 47.1459 4
      vertex 49.5739 48.0614 4
    endloop
  endfacet
  facet normal -0 0 1
    outer loop
      vertex 37.7948 -36.4144 4
      vertex 51.2574 -44.7574 4
      vertex 37.8735 -36.0863 4
    endloop
  endfacet
  facet normal 0 0 1
    outer loop
      vertex 36.4144 37.7948 4
      vertex 49.5739 48.0614 4
      vertex 49.5 49 4
    endloop
  endfacet
  facet normal -0 0 1
    outer loop
      vertex 37.6657 -36.7261 4
      vertex 51.2574 -44.7574 4
      vertex 37.7948 -36.4144 4
    endloop
  endfacet
  facet normal 0 0 1
    outer loop
      vertex 73.3 97.5 4
      vertex 76.3 94.5 4
      vertex 76.263 94.9693 4
    endloop
  endfacet
  facet normal 0 0 1
    outer loop
      vertex 61.4261 48.0614 4
      vertex 76.3 94.5 4
      vertex 61.5 49 4
    endloop
  endfacet
  facet normal 0 0 1
    outer loop
      vertex 73.3 97.5 4
      vertex 76.263 94.9693 4
      vertex 76.1532 95.427 4
    endloop
  endfacet
  facet normal 0 0 1
    outer loop
      vertex 76.3 94.5 4
      vertex 61.4261 48.0614 4
      vertex 76.3 -94.5 4
    endloop
  endfacet
  facet normal 0 0 1
    outer loop
      vertex 73.3 97.5 4
      vertex 76.1532 95.427 4
      vertex 75.973 95.862 4
    endloop
  endfacet
  facet normal -0 0 1
    outer loop
      vertex 61.4261 -49.9386 4
      vertex 76.3 -94.5 4
      vertex 61.5 -49 4
    endloop
  endfacet
  facet normal 0 0 1
    outer loop
      vertex 73.3 97.5 4
      vertex 75.973 95.862 4
      vertex 75.727 96.2634 4
    endloop
  endfacet
  facet normal -0 0 1
    outer loop
      vertex 61.2063 -50.8541 4
      vertex 76.3 -94.5 4
      vertex 61.4261 -49.9386 4
    endloop
  endfacet
  facet normal 0 0 1
    outer loop
      vertex 73.3 97.5 4
      vertex 75.727 96.2634 4
      vertex 75.4213 96.6213 4
    endloop
  endfacet
  facet normal -0 0 1
    outer loop
      vertex 60.846 -51.7239 4
      vertex 76.3 -94.5 4
      vertex 61.2063 -50.8541 4
    endloop
  endfacet
  facet normal 0 0 1
    outer loop
      vertex 73.3 97.5 4
      vertex 75.4213 96.6213 4
      vertex 75.0633 96.927 4
    endloop
  endfacet
  facet normal -0 0 1
    outer loop
      vertex 60.3541 -52.5267 4
      vertex 76.3 -94.5 4
      vertex 60.846 -51.7239 4
    endloop
  endfacet
  facet normal 0 0 1
    outer loop
      vertex 73.3 97.5 4
      vertex 75.0633 96.927 4
      vertex 74.662 97.173 4
    endloop
  endfacet
  facet normal -0 0 1
    outer loop
      vertex 59.7426 -53.2426 4
      vertex 76.3 -94.5 4
      vertex 60.3541 -52.5267 4
    endloop
  endfacet
  facet normal 0 0 1
    outer loop
      vertex 73.3 97.5 4
      vertex 74.662 97.173 4
      vertex 74.227 97.3532 4
    endloop
  endfacet
  facet normal -0 0 1
    outer loop
      vertex 59.0267 -53.8541 4
      vertex 76.3 -94.5 4
      vertex 59.7426 -53.2426 4
    endloop
  endfacet
  facet normal 0 0 1
    outer loop
      vertex 73.3 97.5 4
      vertex 74.227 97.3532 4
      vertex 73.7693 97.4631 4
    endloop
  endfacet
  facet normal -0 0 1
    outer loop
      vertex 58.2239 -54.346 4
      vertex 76.3 -94.5 4
      vertex 59.0267 -53.8541 4
    endloop
  endfacet
  facet normal 0 0 1
    outer loop
      vertex 76.3 94.5 4
      vertex 73.3 97.5 4
      vertex 56.4386 54.9261 4
    endloop
  endfacet
  facet normal -0 0 1
    outer loop
      vertex 57.3541 -54.7063 4
      vertex 76.3 -94.5 4
      vertex 58.2239 -54.346 4
    endloop
  endfacet
  facet normal -0 0 1
    outer loop
      vertex 56.4386 -54.9261 4
      vertex 76.3 -94.5 4
      vertex 57.3541 -54.7063 4
    endloop
  endfacet
  facet normal 0 0 1
    outer loop
      vertex 76.3 94.5 4
      vertex 61.4261 49.9386 4
      vertex 61.5 49 4
    endloop
  endfacet
  facet normal 0 0 1
    outer loop
      vertex 76.3 94.5 4
      vertex 61.2063 50.8541 4
      vertex 61.4261 49.9386 4
    endloop
  endfacet
  facet normal 0 0 1
    outer loop
      vertex 76.3 94.5 4
      vertex 60.846 51.7239 4
      vertex 61.2063 50.8541 4
    endloop
  endfacet
  facet normal 0 0 1
    outer loop
      vertex 76.3 94.5 4
      vertex 60.3541 52.5267 4
      vertex 60.846 51.7239 4
    endloop
  endfacet
  facet normal 0 0 1
    outer loop
      vertex 76.3 94.5 4
      vertex 59.7426 53.2426 4
      vertex 60.3541 52.5267 4
    endloop
  endfacet
  facet normal 0 0 1
    outer loop
      vertex 76.3 94.5 4
      vertex 59.0267 53.8541 4
      vertex 59.7426 53.2426 4
    endloop
  endfacet
  facet normal 0 0 1
    outer loop
      vertex 76.3 94.5 4
      vertex 58.2239 54.346 4
      vertex 59.0267 53.8541 4
    endloop
  endfacet
  facet normal 0 0 1
    outer loop
      vertex 76.3 94.5 4
      vertex 57.3541 54.7063 4
      vertex 58.2239 54.346 4
    endloop
  endfacet
  facet normal 0 0 1
    outer loop
      vertex 76.3 94.5 4
      vertex 56.4386 54.9261 4
      vertex 57.3541 54.7063 4
    endloop
  endfacet
  facet normal 0 0 1
    outer loop
      vertex 73.3 97.5 4
      vertex 55.5 55 4
      vertex 56.4386 54.9261 4
    endloop
  endfacet
  facet normal 0 0 1
    outer loop
      vertex 73.3 97.5 4
      vertex 54.5614 54.9261 4
      vertex 55.5 55 4
    endloop
  endfacet
  facet normal 0 0 1
    outer loop
      vertex 73.3 97.5 4
      vertex 53.6459 54.7063 4
      vertex 54.5614 54.9261 4
    endloop
  endfacet
  facet normal 0 0 1
    outer loop
      vertex 73.3 97.5 4
      vertex 52.7761 54.346 4
      vertex 53.6459 54.7063 4
    endloop
  endfacet
  facet normal 0 0 1
    outer loop
      vertex 73.3 97.5 4
      vertex 51.9733 53.8541 4
      vertex 52.7761 54.346 4
    endloop
  endfacet
  facet normal 0 0 1
    outer loop
      vertex 73.3 97.5 4
      vertex 51.2574 53.2426 4
      vertex 51.9733 53.8541 4
    endloop
  endfacet
  facet normal 0 0 1
    outer loop
      vertex 1.25 37.4016 4
      vertex 51.2574 53.2426 4
      vertex 73.3 97.5 4
    endloop
  endfacet
  facet normal 0 -0 1
    outer loop
      vertex 5.78807 36.5445 4
      vertex 51.2574 53.2426 4
      vertex 1.25 37.4016 4
    endloop
  endfacet
  facet normal 0 0 1
    outer loop
      vertex 51.2574 -44.7574 4
      vertex 37.6657 -36.7261 4
      vertex 50.6459 -45.4733 4
    endloop
  endfacet
  facet normal 0 0 1
    outer loop
      vertex 36.0863 37.8735 4
      vertex 49.5 49 4
      vertex 49.5739 49.9386 4
    endloop
  endfacet
  facet normal 0 0 1
    outer loop
      vertex 35.4137 37.8735 4
      vertex 49.5739 49.9386 4
      vertex 49.7937 50.8541 4
    endloop
  endfacet
  facet normal 0 0 1
    outer loop
      vertex 35.0856 37.7948 4
      vertex 49.7937 50.8541 4
      vertex 50.154 51.7239 4
    endloop
  endfacet
  facet normal 0 0 1
    outer loop
      vertex 51.2574 53.2426 4
      vertex 5.78807 36.5445 4
      vertex 50.6459 52.5267 4
    endloop
  endfacet
  facet normal 0 0 1
    outer loop
      vertex 51.9733 44.1459 4
      vertex 37.8735 36.0863 4
      vertex 37.9 35.75 4
    endloop
  endfacet
  facet normal 0 0 1
    outer loop
      vertex 51.2574 44.7574 4
      vertex 37.7948 36.4144 4
      vertex 37.8735 36.0863 4
    endloop
  endfacet
  facet normal 0 0 1
    outer loop
      vertex 51.2574 44.7574 4
      vertex 37.6657 36.7261 4
      vertex 37.7948 36.4144 4
    endloop
  endfacet
  facet normal 0 0 1
    outer loop
      vertex 50.6459 45.4733 4
      vertex 37.4894 37.0137 4
      vertex 37.6657 36.7261 4
    endloop
  endfacet
  facet normal 0 0 1
    outer loop
      vertex 50.154 46.2761 4
      vertex 37.2703 37.2703 4
      vertex 37.4894 37.0137 4
    endloop
  endfacet
  facet normal 0 0 1
    outer loop
      vertex 49.7937 47.1459 4
      vertex 37.0137 37.4894 4
      vertex 37.2703 37.2703 4
    endloop
  endfacet
  facet normal 0 0 1
    outer loop
      vertex 49.7937 47.1459 4
      vertex 36.7261 37.6657 4
      vertex 37.0137 37.4894 4
    endloop
  endfacet
  facet normal 0 0 1
    outer loop
      vertex 49.5739 48.0614 4
      vertex 36.4144 37.7948 4
      vertex 36.7261 37.6657 4
    endloop
  endfacet
  facet normal 0 0 1
    outer loop
      vertex 49.5 49 4
      vertex 36.0863 37.8735 4
      vertex 36.4144 37.7948 4
    endloop
  endfacet
  facet normal 0 0 1
    outer loop
      vertex 49.5739 49.9386 4
      vertex 35.75 37.9 4
      vertex 36.0863 37.8735 4
    endloop
  endfacet
  facet normal 0 0 1
    outer loop
      vertex 49.5739 49.9386 4
      vertex 35.4137 37.8735 4
      vertex 35.75 37.9 4
    endloop
  endfacet
  facet normal 0 0 1
    outer loop
      vertex 49.7937 50.8541 4
      vertex 35.0856 37.7948 4
      vertex 35.4137 37.8735 4
    endloop
  endfacet
  facet normal 0 0 1
    outer loop
      vertex 50.6459 52.5267 4
      vertex 11.4336 35.1891 4
      vertex 50.154 51.7239 4
    endloop
  endfacet
  facet normal 0 0 1
    outer loop
      vertex 50.154 51.7239 4
      vertex 34.7739 37.6657 4
      vertex 35.0856 37.7948 4
    endloop
  endfacet
  facet normal 0 0 1
    outer loop
      vertex 50.154 51.7239 4
      vertex 11.4336 35.1891 4
      vertex 34.7739 37.6657 4
    endloop
  endfacet
  facet normal 0 0 1
    outer loop
      vertex 34.7739 37.6657 4
      vertex 11.4336 35.1891 4
      vertex 34.4863 37.4894 4
    endloop
  endfacet
  facet normal 0 0 1
    outer loop
      vertex 36.4144 33.7052 4
      vertex 29.9336 21.7481 4
      vertex 32.9672 16.7976 4
    endloop
  endfacet
  facet normal 0 0 1
    outer loop
      vertex 21.7481 29.9336 4
      vertex 33.6 35.75 4
      vertex 33.6265 36.0863 4
    endloop
  endfacet
  facet normal 0 0 1
    outer loop
      vertex 21.7481 29.9336 4
      vertex 33.6265 36.0863 4
      vertex 33.7052 36.4144 4
    endloop
  endfacet
  facet normal 0 0 1
    outer loop
      vertex 35.4137 33.6265 4
      vertex 27.3308 25.5631 4
      vertex 29.9336 21.7481 4
    endloop
  endfacet
  facet normal 0 0 1
    outer loop
      vertex 16.7976 32.9672 4
      vertex 33.7052 36.4144 4
      vertex 33.8343 36.7261 4
    endloop
  endfacet
  facet normal 0 0 1
    outer loop
      vertex 34.4863 34.0106 4
      vertex 26.5165 26.5165 4
      vertex 27.3308 25.5631 4
    endloop
  endfacet
  facet normal 0 0 1
    outer loop
      vertex 16.7976 32.9672 4
      vertex 33.8343 36.7261 4
      vertex 34.0106 37.0137 4
    endloop
  endfacet
  facet normal 0 0 1
    outer loop
      vertex 34.4863 37.4894 4
      vertex 11.4336 35.1891 4
      vertex 34.2297 37.2703 4
    endloop
  endfacet
  facet normal 0 0 1
    outer loop
      vertex 34.0106 34.4863 4
      vertex 25.5631 27.3308 4
      vertex 26.5165 26.5165 4
    endloop
  endfacet
  facet normal 0 0 1
    outer loop
      vertex 33.6265 35.4137 4
      vertex 21.7481 29.9336 4
      vertex 25.5631 27.3308 4
    endloop
  endfacet
  facet normal 0 0 1
    outer loop
      vertex 25.5631 27.3308 4
      vertex 21.7481 29.9336 4
      vertex 25.2095 26.9773 4
    endloop
  endfacet
  facet normal 0 0 1
    outer loop
      vertex 33.7052 36.4144 4
      vertex 16.7976 32.9672 4
      vertex 21.7481 29.9336 4
    endloop
  endfacet
  facet normal 0 0 1
    outer loop
      vertex 34.2297 37.2703 4
      vertex 16.7976 32.9672 4
      vertex 34.0106 37.0137 4
    endloop
  endfacet
  facet normal 0 -0 1
    outer loop
      vertex 16.7976 32.9672 4
      vertex 34.2297 37.2703 4
      vertex 11.4336 35.1891 4
    endloop
  endfacet
  facet normal 0 -0 1
    outer loop
      vertex 11.4336 35.1891 4
      vertex 50.6459 52.5267 4
      vertex 5.78807 36.5445 4
    endloop
  endfacet
  facet normal 0 0 1
    outer loop
      vertex 73.3 97.5 4
      vertex 0 37.5 4
      vertex 1.25 37.4016 4
    endloop
  endfacet
  facet normal -0 0 1
    outer loop
      vertex -73.3 97.5 4
      vertex 0 37.5 4
      vertex 73.3 97.5 4
    endloop
  endfacet
  facet normal 0 0 1
    outer loop
      vertex -1.25 37.4016 4
      vertex -5.78807 36.5445 4
      vertex -1.25 36.9016 4
    endloop
  endfacet
  facet normal 0 0 1
    outer loop
      vertex 0 37.5 4
      vertex -73.3 97.5 4
      vertex -1.25 37.4016 4
    endloop
  endfacet
  facet normal -0 -0 1
    outer loop
      vertex -51.2574 53.2426 4
      vertex -1.25 37.4016 4
      vertex -73.3 97.5 4
    endloop
  endfacet
  facet normal 0 0 1
    outer loop
      vertex -1.25 37.4016 4
      vertex -51.2574 53.2426 4
      vertex -5.78807 36.5445 4
    endloop
  endfacet
  facet normal 0 0 1
    outer loop
      vertex -5.78807 36.5445 4
      vertex -50.6459 52.5267 4
      vertex -11.4336 35.1891 4
    endloop
  endfacet
  facet normal 0 0 1
    outer loop
      vertex -21.7481 29.9336 4
      vertex -25.5631 27.3308 4
      vertex -25.2095 26.9773 4
    endloop
  endfacet
  facet normal 0 0 1
    outer loop
      vertex -11.4336 35.1891 4
      vertex -34.2297 37.2703 4
      vertex -16.7976 32.9672 4
    endloop
  endfacet
  facet normal -0 0 1
    outer loop
      vertex -34.0106 34.4863 4
      vertex -25.5631 27.3308 4
      vertex -33.8343 34.7739 4
    endloop
  endfacet
  facet normal -0 0 1
    outer loop
      vertex -33.8343 34.7739 4
      vertex -25.5631 27.3308 4
      vertex -33.7052 35.0856 4
    endloop
  endfacet
  facet normal -0 0 1
    outer loop
      vertex -33.7052 35.0856 4
      vertex -25.5631 27.3308 4
      vertex -33.6265 35.4137 4
    endloop
  endfacet
  facet normal 0 0 1
    outer loop
      vertex -21.7481 29.9336 4
      vertex -33.6265 35.4137 4
      vertex -25.5631 27.3308 4
    endloop
  endfacet
  facet normal -0 -0 1
    outer loop
      vertex -33.7052 36.4144 4
      vertex -16.7976 32.9672 4
      vertex -33.8343 36.7261 4
    endloop
  endfacet
  facet normal -0 0 1
    outer loop
      vertex -33.6265 35.4137 4
      vertex -21.7481 29.9336 4
      vertex -33.6 35.75 4
    endloop
  endfacet
  facet normal -0 -0 1
    outer loop
      vertex -33.6 35.75 4
      vertex -21.7481 29.9336 4
      vertex -33.6265 36.0863 4
    endloop
  endfacet
  facet normal -0 -0 1
    outer loop
      vertex -33.6265 36.0863 4
      vertex -21.7481 29.9336 4
      vertex -33.7052 36.4144 4
    endloop
  endfacet
  facet normal 0 0 1
    outer loop
      vertex -16.7976 32.9672 4
      vertex -33.7052 36.4144 4
      vertex -21.7481 29.9336 4
    endloop
  endfacet
  facet normal -0 -0 1
    outer loop
      vertex -33.8343 36.7261 4
      vertex -16.7976 32.9672 4
      vertex -34.0106 37.0137 4
    endloop
  endfacet
  facet normal -0 -0 1
    outer loop
      vertex -34.0106 37.0137 4
      vertex -16.7976 32.9672 4
      vertex -34.2297 37.2703 4
    endloop
  endfacet
  facet normal -0 -0 1
    outer loop
      vertex -34.4863 37.4894 4
      vertex -11.4336 35.1891 4
      vertex -34.7739 37.6657 4
    endloop
  endfacet
  facet normal -0 -0 1
    outer loop
      vertex -34.2297 37.2703 4
      vertex -11.4336 35.1891 4
      vertex -34.4863 37.4894 4
    endloop
  endfacet
  facet normal 0 0 1
    outer loop
      vertex -11.4336 35.1891 4
      vertex -50.154 51.7239 4
      vertex -34.7739 37.6657 4
    endloop
  endfacet
  facet normal 0 0 1
    outer loop
      vertex -34.7739 37.6657 4
      vertex -50.154 51.7239 4
      vertex -35.0856 37.7948 4
    endloop
  endfacet
  facet normal -0 -0 1
    outer loop
      vertex -49.7937 50.8541 4
      vertex -35.0856 37.7948 4
      vertex -50.154 51.7239 4
    endloop
  endfacet
  facet normal 0 0 1
    outer loop
      vertex -35.0856 37.7948 4
      vertex -49.7937 50.8541 4
      vertex -35.4137 37.8735 4
    endloop
  endfacet
  facet normal -0 -0 1
    outer loop
      vertex -49.5739 49.9386 4
      vertex -35.4137 37.8735 4
      vertex -49.7937 50.8541 4
    endloop
  endfacet
  facet normal 0 0 1
    outer loop
      vertex -37.7948 -35.0856 4
      vertex -49.5 -49 4
      vertex -37.8735 -35.4137 4
    endloop
  endfacet
  facet normal -0 0 1
    outer loop
      vertex -50.6459 45.4733 4
      vertex -37.4894 37.0137 4
      vertex -50.154 46.2761 4
    endloop
  endfacet
  facet normal 0 0 1
    outer loop
      vertex -37.2703 37.2703 4
      vertex -50.154 46.2761 4
      vertex -37.4894 37.0137 4
    endloop
  endfacet
  facet normal -0 0 1
    outer loop
      vertex -50.154 46.2761 4
      vertex -37.2703 37.2703 4
      vertex -49.7937 47.1459 4
    endloop
  endfacet
  facet normal 0 0 1
    outer loop
      vertex -37.0137 37.4894 4
      vertex -49.7937 47.1459 4
      vertex -37.2703 37.2703 4
    endloop
  endfacet
  facet normal 0 0 1
    outer loop
      vertex -36.7261 37.6657 4
      vertex -49.7937 47.1459 4
      vertex -37.0137 37.4894 4
    endloop
  endfacet
  facet normal -0 0 1
    outer loop
      vertex -49.7937 47.1459 4
      vertex -36.7261 37.6657 4
      vertex -49.5739 48.0614 4
    endloop
  endfacet
  facet normal 0 0 1
    outer loop
      vertex -36.4144 37.7948 4
      vertex -49.5739 48.0614 4
      vertex -36.7261 37.6657 4
    endloop
  endfacet
  facet normal 0 0 1
    outer loop
      vertex -35.4137 37.8735 4
      vertex -49.5739 49.9386 4
      vertex -35.75 37.9 4
    endloop
  endfacet
  facet normal -0 0 1
    outer loop
      vertex -49.5739 48.0614 4
      vertex -36.4144 37.7948 4
      vertex -49.5 49 4
    endloop
  endfacet
  facet normal 0 0 1
    outer loop
      vertex -36.0863 37.8735 4
      vertex -49.5 49 4
      vertex -36.4144 37.7948 4
    endloop
  endfacet
  facet normal -0 -0 1
    outer loop
      vertex -49.5 49 4
      vertex -36.0863 37.8735 4
      vertex -49.5739 49.9386 4
    endloop
  endfacet
  facet normal 0 0 1
    outer loop
      vertex -35.75 37.9 4
      vertex -49.5739 49.9386 4
      vertex -36.0863 37.8735 4
    endloop
  endfacet
  facet normal -0 -0 1
    outer loop
      vertex -50.154 51.7239 4
      vertex -11.4336 35.1891 4
      vertex -50.6459 52.5267 4
    endloop
  endfacet
  facet normal -0 -0 1
    outer loop
      vertex -50.6459 52.5267 4
      vertex -5.78807 36.5445 4
      vertex -51.2574 53.2426 4
    endloop
  endfacet
  facet normal 0 0 1
    outer loop
      vertex -51.2574 53.2426 4
      vertex -73.3 97.5 4
      vertex -51.9733 53.8541 4
    endloop
  endfacet
  facet normal 0 0 1
    outer loop
      vertex -51.9733 53.8541 4
      vertex -73.3 97.5 4
      vertex -52.7761 54.346 4
    endloop
  endfacet
  facet normal 0 0 1
    outer loop
      vertex -52.7761 54.346 4
      vertex -73.3 97.5 4
      vertex -53.6459 54.7063 4
    endloop
  endfacet
  facet normal 0 0 1
    outer loop
      vertex -53.6459 54.7063 4
      vertex -73.3 97.5 4
      vertex -54.5614 54.9261 4
    endloop
  endfacet
  facet normal 0 0 1
    outer loop
      vertex -54.5614 54.9261 4
      vertex -73.3 97.5 4
      vertex -55.5 55 4
    endloop
  endfacet
  facet normal 0 0 1
    outer loop
      vertex -55.5 55 4
      vertex -73.3 97.5 4
      vertex -56.4386 54.9261 4
    endloop
  endfacet
  facet normal 0 0 1
    outer loop
      vertex -61.4261 49.9386 4
      vertex -76.3 94.5 4
      vertex -61.5 49 4
    endloop
  endfacet
  facet normal 0 0 1
    outer loop
      vertex -61.2063 50.8541 4
      vertex -76.3 94.5 4
      vertex -61.4261 49.9386 4
    endloop
  endfacet
  facet normal 0 0 1
    outer loop
      vertex -60.846 51.7239 4
      vertex -76.3 94.5 4
      vertex -61.2063 50.8541 4
    endloop
  endfacet
  facet normal 0 0 1
    outer loop
      vertex -60.3541 52.5267 4
      vertex -76.3 94.5 4
      vertex -60.846 51.7239 4
    endloop
  endfacet
  facet normal 0 0 1
    outer loop
      vertex -59.7426 53.2426 4
      vertex -76.3 94.5 4
      vertex -60.3541 52.5267 4
    endloop
  endfacet
  facet normal 0 0 1
    outer loop
      vertex -59.0267 53.8541 4
      vertex -76.3 94.5 4
      vertex -59.7426 53.2426 4
    endloop
  endfacet
  facet normal 0 0 1
    outer loop
      vertex -58.2239 54.346 4
      vertex -76.3 94.5 4
      vertex -59.0267 53.8541 4
    endloop
  endfacet
  facet normal 0 0 1
    outer loop
      vertex -57.3541 54.7063 4
      vertex -76.3 94.5 4
      vertex -58.2239 54.346 4
    endloop
  endfacet
  facet normal 0 0 1
    outer loop
      vertex -56.4386 54.9261 4
      vertex -76.3 94.5 4
      vertex -57.3541 54.7063 4
    endloop
  endfacet
  facet normal -0 0 1
    outer loop
      vertex -76.3 94.5 4
      vertex -56.4386 54.9261 4
      vertex -73.3 97.5 4
    endloop
  endfacet
  facet normal 0 -0 1
    outer loop
      vertex 73.3 -97.5 4
      vertex 76.3 -94.5 4
      vertex 56.4386 -54.9261 4
    endloop
  endfacet
  facet normal 0 0 1
    outer loop
      vertex 76.3 -94.5 4
      vertex 73.3 -97.5 4
      vertex 76.263 -94.9693 4
    endloop
  endfacet
  facet normal 0 0 1
    outer loop
      vertex 76.1532 -95.427 4
      vertex 73.3 -97.5 4
      vertex 75.973 -95.862 4
    endloop
  endfacet
  facet normal 0 0 1
    outer loop
      vertex 75.973 -95.862 4
      vertex 73.3 -97.5 4
      vertex 75.727 -96.2634 4
    endloop
  endfacet
  facet normal 0 0 1
    outer loop
      vertex 75.4213 -96.6213 4
      vertex 73.3 -97.5 4
      vertex 75.0633 -96.927 4
    endloop
  endfacet
  facet normal 0 0 1
    outer loop
      vertex 75.0633 -96.927 4
      vertex 73.3 -97.5 4
      vertex 74.662 -97.173 4
    endloop
  endfacet
  facet normal 0 0 1
    outer loop
      vertex 74.227 -97.3532 4
      vertex 73.3 -97.5 4
      vertex 73.7693 -97.4631 4
    endloop
  endfacet
  facet normal 0 0 1
    outer loop
      vertex 74.662 -97.173 4
      vertex 73.3 -97.5 4
      vertex 74.227 -97.3532 4
    endloop
  endfacet
  facet normal 0 0 1
    outer loop
      vertex 75.727 -96.2634 4
      vertex 73.3 -97.5 4
      vertex 75.4213 -96.6213 4
    endloop
  endfacet
  facet normal 0 0 1
    outer loop
      vertex 76.263 -94.9693 4
      vertex 73.3 -97.5 4
      vertex 76.1532 -95.427 4
    endloop
  endfacet
  facet normal -0 0 1
    outer loop
      vertex 55.5 -55 4
      vertex 73.3 -97.5 4
      vertex 56.4386 -54.9261 4
    endloop
  endfacet
  facet normal 0 0 1
    outer loop
      vertex 54.5614 -54.9261 4
      vertex 73.3 -97.5 4
      vertex 55.5 -55 4
    endloop
  endfacet
  facet normal 0 0 1
    outer loop
      vertex 53.6459 -54.7063 4
      vertex 73.3 -97.5 4
      vertex 54.5614 -54.9261 4
    endloop
  endfacet
  facet normal 0 0 1
    outer loop
      vertex 52.7761 -54.346 4
      vertex 73.3 -97.5 4
      vertex 53.6459 -54.7063 4
    endloop
  endfacet
  facet normal 0 0 1
    outer loop
      vertex 51.9733 -53.8541 4
      vertex 73.3 -97.5 4
      vertex 52.7761 -54.346 4
    endloop
  endfacet
  facet normal 0 0 1
    outer loop
      vertex 51.2574 -53.2426 4
      vertex 73.3 -97.5 4
      vertex 51.9733 -53.8541 4
    endloop
  endfacet
  facet normal 0 0 1
    outer loop
      vertex 5.78807 -36.5445 4
      vertex 51.2574 -53.2426 4
      vertex 50.6459 -52.5267 4
    endloop
  endfacet
  facet normal 0 0 1
    outer loop
      vertex 11.4336 -35.1891 4
      vertex 50.6459 -52.5267 4
      vertex 50.154 -51.7239 4
    endloop
  endfacet
  facet normal -0 0 1
    outer loop
      vertex 37.4894 -37.0137 4
      vertex 50.6459 -45.4733 4
      vertex 37.6657 -36.7261 4
    endloop
  endfacet
  facet normal 0 0 1
    outer loop
      vertex 50.6459 -45.4733 4
      vertex 37.4894 -37.0137 4
      vertex 50.154 -46.2761 4
    endloop
  endfacet
  facet normal -0 0 1
    outer loop
      vertex 37.2703 -37.2703 4
      vertex 50.154 -46.2761 4
      vertex 37.4894 -37.0137 4
    endloop
  endfacet
  facet normal 0 0 1
    outer loop
      vertex 50.154 -46.2761 4
      vertex 37.2703 -37.2703 4
      vertex 49.7937 -47.1459 4
    endloop
  endfacet
  facet normal -0 0 1
    outer loop
      vertex 37.0137 -37.4894 4
      vertex 49.7937 -47.1459 4
      vertex 37.2703 -37.2703 4
    endloop
  endfacet
  facet normal -0 0 1
    outer loop
      vertex 36.7261 -37.6657 4
      vertex 49.7937 -47.1459 4
      vertex 37.0137 -37.4894 4
    endloop
  endfacet
  facet normal 0 0 1
    outer loop
      vertex 49.7937 -47.1459 4
      vertex 36.7261 -37.6657 4
      vertex 49.5739 -48.0614 4
    endloop
  endfacet
  facet normal -0 0 1
    outer loop
      vertex 36.4144 -37.7948 4
      vertex 49.5739 -48.0614 4
      vertex 36.7261 -37.6657 4
    endloop
  endfacet
  facet normal 0 0 1
    outer loop
      vertex 49.5739 -48.0614 4
      vertex 36.4144 -37.7948 4
      vertex 49.5 -49 4
    endloop
  endfacet
  facet normal -0 0 1
    outer loop
      vertex 36.0863 -37.8735 4
      vertex 49.5 -49 4
      vertex 36.4144 -37.7948 4
    endloop
  endfacet
  facet normal 0 0 1
    outer loop
      vertex 49.5 -49 4
      vertex 36.0863 -37.8735 4
      vertex 49.5739 -49.9386 4
    endloop
  endfacet
  facet normal -0 0 1
    outer loop
      vertex 35.75 -37.9 4
      vertex 49.5739 -49.9386 4
      vertex 36.0863 -37.8735 4
    endloop
  endfacet
  facet normal 0 0 1
    outer loop
      vertex 35.4137 -37.8735 4
      vertex 49.5739 -49.9386 4
      vertex 35.75 -37.9 4
    endloop
  endfacet
  facet normal 0 0 1
    outer loop
      vertex 49.5739 -49.9386 4
      vertex 35.4137 -37.8735 4
      vertex 49.7937 -50.8541 4
    endloop
  endfacet
  facet normal 0 0 1
    outer loop
      vertex 35.0856 -37.7948 4
      vertex 49.7937 -50.8541 4
      vertex 35.4137 -37.8735 4
    endloop
  endfacet
  facet normal 0 0 1
    outer loop
      vertex 49.7937 -50.8541 4
      vertex 35.0856 -37.7948 4
      vertex 50.154 -51.7239 4
    endloop
  endfacet
  facet normal 0 0 1
    outer loop
      vertex 34.7739 -37.6657 4
      vertex 50.154 -51.7239 4
      vertex 35.0856 -37.7948 4
    endloop
  endfacet
  facet normal 0 0 1
    outer loop
      vertex 11.4336 -35.1891 4
      vertex 50.154 -51.7239 4
      vertex 34.7739 -37.6657 4
    endloop
  endfacet
  facet normal 0 0 1
    outer loop
      vertex 11.4336 -35.1891 4
      vertex 34.7739 -37.6657 4
      vertex 34.4863 -37.4894 4
    endloop
  endfacet
  facet normal 0 0 1
    outer loop
      vertex 11.4336 -35.1891 4
      vertex 34.4863 -37.4894 4
      vertex 34.2297 -37.2703 4
    endloop
  endfacet
  facet normal 0 0 1
    outer loop
      vertex 16.7976 -32.9672 4
      vertex 34.2297 -37.2703 4
      vertex 34.0106 -37.0137 4
    endloop
  endfacet
  facet normal 0 0 1
    outer loop
      vertex 34.0106 -34.4863 4
      vertex 25.5631 -27.3308 4
      vertex 33.8343 -34.7739 4
    endloop
  endfacet
  facet normal 0 0 1
    outer loop
      vertex 33.8343 -34.7739 4
      vertex 25.5631 -27.3308 4
      vertex 33.7052 -35.0856 4
    endloop
  endfacet
  facet normal 0 0 1
    outer loop
      vertex 33.7052 -35.0856 4
      vertex 25.5631 -27.3308 4
      vertex 33.6265 -35.4137 4
    endloop
  endfacet
  facet normal -0 0 1
    outer loop
      vertex 21.7481 -29.9336 4
      vertex 33.6265 -35.4137 4
      vertex 25.5631 -27.3308 4
    endloop
  endfacet
  facet normal 0 0 1
    outer loop
      vertex 33.6265 -35.4137 4
      vertex 21.7481 -29.9336 4
      vertex 33.6 -35.75 4
    endloop
  endfacet
  facet normal 0 0 1
    outer loop
      vertex 33.6 -35.75 4
      vertex 21.7481 -29.9336 4
      vertex 33.6265 -36.0863 4
    endloop
  endfacet
  facet normal 0 0 1
    outer loop
      vertex 33.6265 -36.0863 4
      vertex 21.7481 -29.9336 4
      vertex 33.7052 -36.4144 4
    endloop
  endfacet
  facet normal -0 0 1
    outer loop
      vertex 16.7976 -32.9672 4
      vertex 33.7052 -36.4144 4
      vertex 21.7481 -29.9336 4
    endloop
  endfacet
  facet normal 0 0 1
    outer loop
      vertex 33.7052 -36.4144 4
      vertex 16.7976 -32.9672 4
      vertex 33.8343 -36.7261 4
    endloop
  endfacet
  facet normal 0 0 1
    outer loop
      vertex 21.7481 -29.9336 4
      vertex 25.5631 -27.3308 4
      vertex 25.2095 -26.9773 4
    endloop
  endfacet
  facet normal 0 0 1
    outer loop
      vertex 33.8343 -36.7261 4
      vertex 16.7976 -32.9672 4
      vertex 34.0106 -37.0137 4
    endloop
  endfacet
  facet normal 0 0 1
    outer loop
      vertex 34.2297 -37.2703 4
      vertex 16.7976 -32.9672 4
      vertex 11.4336 -35.1891 4
    endloop
  endfacet
  facet normal 0 0 1
    outer loop
      vertex 50.6459 -52.5267 4
      vertex 11.4336 -35.1891 4
      vertex 5.78807 -36.5445 4
    endloop
  endfacet
  facet normal 0 0 1
    outer loop
      vertex 51.2574 -53.2426 4
      vertex 5.78807 -36.5445 4
      vertex 1.25 -37.4016 4
    endloop
  endfacet
  facet normal 0 0 1
    outer loop
      vertex 1.25 -37.4016 4
      vertex 5.78807 -36.5445 4
      vertex 1.25 -36.9016 4
    endloop
  endfacet
  facet normal 0 0 1
    outer loop
      vertex 51.2574 -53.2426 4
      vertex 1.25 -37.4016 4
      vertex 73.3 -97.5 4
    endloop
  endfacet
  facet normal -0 0 1
    outer loop
      vertex 0 -37.5 4
      vertex 73.3 -97.5 4
      vertex 1.25 -37.4016 4
    endloop
  endfacet
  facet normal 0 0 1
    outer loop
      vertex -73.3 -97.5 4
      vertex 0 -37.5 4
      vertex -1.25 -37.4016 4
    endloop
  endfacet
  facet normal 0 0 1
    outer loop
      vertex -51.2574 -53.2426 4
      vertex -1.25 -37.4016 4
      vertex -5.78807 -36.5445 4
    endloop
  endfacet
  facet normal 0 0 1
    outer loop
      vertex -50.6459 -52.5267 4
      vertex -5.78807 -36.5445 4
      vertex -11.4336 -35.1891 4
    endloop
  endfacet
  facet normal 0 0 1
    outer loop
      vertex -34.2297 -37.2703 4
      vertex -11.4336 -35.1891 4
      vertex -16.7976 -32.9672 4
    endloop
  endfacet
  facet normal 0 0 1
    outer loop
      vertex -33.7052 -36.4144 4
      vertex -16.7976 -32.9672 4
      vertex -21.7481 -29.9336 4
    endloop
  endfacet
  facet normal -0 0 1
    outer loop
      vertex -25.5631 -27.3308 4
      vertex -21.7481 -29.9336 4
      vertex -25.2095 -26.9773 4
    endloop
  endfacet
  facet normal 0 0 1
    outer loop
      vertex -33.6265 -35.4137 4
      vertex -21.7481 -29.9336 4
      vertex -25.5631 -27.3308 4
    endloop
  endfacet
  facet normal 0 0 1
    outer loop
      vertex -36.4144 -33.7052 4
      vertex -29.9336 -21.7481 4
      vertex -32.9672 -16.7976 4
    endloop
  endfacet
  facet normal 0 0 1
    outer loop
      vertex -33.6265 -35.4137 4
      vertex -27.3308 -25.5631 4
      vertex -29.9336 -21.7481 4
    endloop
  endfacet
  facet normal 0 0 1
    outer loop
      vertex -33.6265 -35.4137 4
      vertex -26.5165 -26.5165 4
      vertex -27.3308 -25.5631 4
    endloop
  endfacet
  facet normal 0 0 1
    outer loop
      vertex -33.6265 -35.4137 4
      vertex -25.5631 -27.3308 4
      vertex -26.5165 -26.5165 4
    endloop
  endfacet
  facet normal 0 0 1
    outer loop
      vertex -21.7481 -29.9336 4
      vertex -33.6 -35.75 4
      vertex -33.6265 -36.0863 4
    endloop
  endfacet
  facet normal 0 0 1
    outer loop
      vertex -21.7481 -29.9336 4
      vertex -33.6265 -36.0863 4
      vertex -33.7052 -36.4144 4
    endloop
  endfacet
  facet normal 0 0 1
    outer loop
      vertex -16.7976 -32.9672 4
      vertex -33.7052 -36.4144 4
      vertex -33.8343 -36.7261 4
    endloop
  endfacet
  facet normal 0 0 1
    outer loop
      vertex -16.7976 -32.9672 4
      vertex -33.8343 -36.7261 4
      vertex -34.0106 -37.0137 4
    endloop
  endfacet
  facet normal 0 0 1
    outer loop
      vertex -16.7976 -32.9672 4
      vertex -34.0106 -37.0137 4
      vertex -34.2297 -37.2703 4
    endloop
  endfacet
  facet normal 0 0 1
    outer loop
      vertex -11.4336 -35.1891 4
      vertex -34.2297 -37.2703 4
      vertex -34.4863 -37.4894 4
    endloop
  endfacet
  facet normal 0 0 1
    outer loop
      vertex -11.4336 -35.1891 4
      vertex -34.4863 -37.4894 4
      vertex -34.7739 -37.6657 4
    endloop
  endfacet
  facet normal 0 0 1
    outer loop
      vertex -50.154 -51.7239 4
      vertex -11.4336 -35.1891 4
      vertex -34.7739 -37.6657 4
    endloop
  endfacet
  facet normal 0 0 1
    outer loop
      vertex -50.154 -51.7239 4
      vertex -34.7739 -37.6657 4
      vertex -35.0856 -37.7948 4
    endloop
  endfacet
  facet normal 0 0 1
    outer loop
      vertex -49.7937 -50.8541 4
      vertex -35.0856 -37.7948 4
      vertex -35.4137 -37.8735 4
    endloop
  endfacet
  facet normal 0 0 1
    outer loop
      vertex -49.5739 -49.9386 4
      vertex -35.4137 -37.8735 4
      vertex -35.75 -37.9 4
    endloop
  endfacet
  facet normal 0 0 1
    outer loop
      vertex -49.5739 -49.9386 4
      vertex -35.75 -37.9 4
      vertex -36.0863 -37.8735 4
    endloop
  endfacet
  facet normal 0 0 1
    outer loop
      vertex -49.5 -49 4
      vertex -36.0863 -37.8735 4
      vertex -36.4144 -37.7948 4
    endloop
  endfacet
  facet normal 0 0 1
    outer loop
      vertex -49.5 -49 4
      vertex -36.4144 -37.7948 4
      vertex -36.7261 -37.6657 4
    endloop
  endfacet
  facet normal 0 0 1
    outer loop
      vertex -37.8735 -35.4137 4
      vertex -49.5 -49 4
      vertex -37.9 -35.75 4
    endloop
  endfacet
  facet normal 0 0 1
    outer loop
      vertex -37.9 -35.75 4
      vertex -49.5 -49 4
      vertex -37.8735 -36.0863 4
    endloop
  endfacet
  facet normal 0 0 1
    outer loop
      vertex -49.5 -49 4
      vertex -37.7948 -36.4144 4
      vertex -37.8735 -36.0863 4
    endloop
  endfacet
  facet normal 0 0 1
    outer loop
      vertex -49.5 -49 4
      vertex -37.6657 -36.7261 4
      vertex -37.7948 -36.4144 4
    endloop
  endfacet
  facet normal 0 0 1
    outer loop
      vertex -49.5 -49 4
      vertex -37.4894 -37.0137 4
      vertex -37.6657 -36.7261 4
    endloop
  endfacet
  facet normal 0 0 1
    outer loop
      vertex -49.5 -49 4
      vertex -37.2703 -37.2703 4
      vertex -37.4894 -37.0137 4
    endloop
  endfacet
  facet normal 0 0 1
    outer loop
      vertex -49.5 -49 4
      vertex -37.0137 -37.4894 4
      vertex -37.2703 -37.2703 4
    endloop
  endfacet
  facet normal 0 0 1
    outer loop
      vertex -49.5 -49 4
      vertex -36.7261 -37.6657 4
      vertex -37.0137 -37.4894 4
    endloop
  endfacet
  facet normal 0 0 1
    outer loop
      vertex -36.0863 -37.8735 4
      vertex -49.5 -49 4
      vertex -49.5739 -49.9386 4
    endloop
  endfacet
  facet normal 0 0 1
    outer loop
      vertex -35.4137 -37.8735 4
      vertex -49.5739 -49.9386 4
      vertex -49.7937 -50.8541 4
    endloop
  endfacet
  facet normal 0 0 1
    outer loop
      vertex -35.0856 -37.7948 4
      vertex -49.7937 -50.8541 4
      vertex -50.154 -51.7239 4
    endloop
  endfacet
  facet normal 0 0 1
    outer loop
      vertex -11.4336 -35.1891 4
      vertex -50.154 -51.7239 4
      vertex -50.6459 -52.5267 4
    endloop
  endfacet
  facet normal 0 0 1
    outer loop
      vertex -5.78807 -36.5445 4
      vertex -50.6459 -52.5267 4
      vertex -51.2574 -53.2426 4
    endloop
  endfacet
  facet normal 0 0 1
    outer loop
      vertex -1.25 -37.4016 4
      vertex -51.2574 -53.2426 4
      vertex -73.3 -97.5 4
    endloop
  endfacet
  facet normal 0 0 1
    outer loop
      vertex -73.3 -97.5 4
      vertex -51.2574 -53.2426 4
      vertex -51.9733 -53.8541 4
    endloop
  endfacet
  facet normal 0 0 1
    outer loop
      vertex -73.3 -97.5 4
      vertex -51.9733 -53.8541 4
      vertex -52.7761 -54.346 4
    endloop
  endfacet
  facet normal 0 0 1
    outer loop
      vertex -73.3 -97.5 4
      vertex -52.7761 -54.346 4
      vertex -53.6459 -54.7063 4
    endloop
  endfacet
  facet normal 0 0 1
    outer loop
      vertex -73.3 -97.5 4
      vertex -53.6459 -54.7063 4
      vertex -54.5614 -54.9261 4
    endloop
  endfacet
  facet normal 0 0 1
    outer loop
      vertex -73.3 -97.5 4
      vertex -54.5614 -54.9261 4
      vertex -55.5 -55 4
    endloop
  endfacet
  facet normal 0 0 1
    outer loop
      vertex -73.3 -97.5 4
      vertex -55.5 -55 4
      vertex -56.4386 -54.9261 4
    endloop
  endfacet
  facet normal 0 0 1
    outer loop
      vertex -76.3 -94.5 4
      vertex -56.4386 -54.9261 4
      vertex -57.3541 -54.7063 4
    endloop
  endfacet
  facet normal 0 0 1
    outer loop
      vertex -76.3 -94.5 4
      vertex -61.4261 -48.0614 4
      vertex -76.3 94.5 4
    endloop
  endfacet
  facet normal 0 0 1
    outer loop
      vertex 0 -37.5 4
      vertex -73.3 -97.5 4
      vertex 73.3 -97.5 4
    endloop
  endfacet
  facet normal 0 0 1
    outer loop
      vertex -76.3 -94.5 4
      vertex -57.3541 -54.7063 4
      vertex -58.2239 -54.346 4
    endloop
  endfacet
  facet normal 0 0 1
    outer loop
      vertex -76.3 -94.5 4
      vertex -58.2239 -54.346 4
      vertex -59.0267 -53.8541 4
    endloop
  endfacet
  facet normal 0 0 1
    outer loop
      vertex -76.3 -94.5 4
      vertex -59.0267 -53.8541 4
      vertex -59.7426 -53.2426 4
    endloop
  endfacet
  facet normal 0 0 1
    outer loop
      vertex -76.3 -94.5 4
      vertex -59.7426 -53.2426 4
      vertex -60.3541 -52.5267 4
    endloop
  endfacet
  facet normal 0 0 1
    outer loop
      vertex -76.3 -94.5 4
      vertex -60.3541 -52.5267 4
      vertex -60.846 -51.7239 4
    endloop
  endfacet
  facet normal 0 0 1
    outer loop
      vertex -76.3 -94.5 4
      vertex -60.846 -51.7239 4
      vertex -61.2063 -50.8541 4
    endloop
  endfacet
  facet normal 0 0 1
    outer loop
      vertex -76.3 -94.5 4
      vertex -61.2063 -50.8541 4
      vertex -61.4261 -49.9386 4
    endloop
  endfacet
  facet normal 0 0 1
    outer loop
      vertex -61.4261 -48.0614 4
      vertex -76.3 -94.5 4
      vertex -61.5 -49 4
    endloop
  endfacet
  facet normal 0 0 1
    outer loop
      vertex -76.3 94.5 4
      vertex -73.3 97.5 4
      vertex -73.7693 97.4631 4
    endloop
  endfacet
  facet normal 0 0 1
    outer loop
      vertex -61.5 -49 4
      vertex -76.3 -94.5 4
      vertex -61.4261 -49.9386 4
    endloop
  endfacet
  facet normal 0 0 1
    outer loop
      vertex -76.3 94.5 4
      vertex -73.7693 97.4631 4
      vertex -74.227 97.3532 4
    endloop
  endfacet
  facet normal 0 0 1
    outer loop
      vertex -56.4386 -54.9261 4
      vertex -76.3 -94.5 4
      vertex -73.3 -97.5 4
    endloop
  endfacet
  facet normal 0 0 1
    outer loop
      vertex -76.3 94.5 4
      vertex -74.227 97.3532 4
      vertex -74.662 97.173 4
    endloop
  endfacet
  facet normal 0 0 1
    outer loop
      vertex -73.3 -97.5 4
      vertex -76.3 -94.5 4
      vertex -73.7693 -97.4631 4
    endloop
  endfacet
  facet normal 0 0 1
    outer loop
      vertex -76.3 94.5 4
      vertex -74.662 97.173 4
      vertex -75.0633 96.927 4
    endloop
  endfacet
  facet normal 0 0 1
    outer loop
      vertex -73.7693 -97.4631 4
      vertex -76.3 -94.5 4
      vertex -74.227 -97.3532 4
    endloop
  endfacet
  facet normal 0 0 1
    outer loop
      vertex -76.3 94.5 4
      vertex -75.0633 96.927 4
      vertex -75.4213 96.6213 4
    endloop
  endfacet
  facet normal 0 0 1
    outer loop
      vertex -74.227 -97.3532 4
      vertex -76.3 -94.5 4
      vertex -74.662 -97.173 4
    endloop
  endfacet
  facet normal 0 0 1
    outer loop
      vertex -76.3 94.5 4
      vertex -75.4213 96.6213 4
      vertex -75.727 96.2634 4
    endloop
  endfacet
  facet normal 0 0 1
    outer loop
      vertex -74.662 -97.173 4
      vertex -76.3 -94.5 4
      vertex -75.0633 -96.927 4
    endloop
  endfacet
  facet normal 0 0 1
    outer loop
      vertex -76.3 94.5 4
      vertex -75.727 96.2634 4
      vertex -75.973 95.862 4
    endloop
  endfacet
  facet normal 0 0 1
    outer loop
      vertex -75.0633 -96.927 4
      vertex -76.3 -94.5 4
      vertex -75.4213 -96.6213 4
    endloop
  endfacet
  facet normal 0 0 1
    outer loop
      vertex -76.3 94.5 4
      vertex -75.973 95.862 4
      vertex -76.1532 95.427 4
    endloop
  endfacet
  facet normal 0 0 1
    outer loop
      vertex -75.4213 -96.6213 4
      vertex -76.3 -94.5 4
      vertex -75.727 -96.2634 4
    endloop
  endfacet
  facet normal 0 0 1
    outer loop
      vertex -76.3 94.5 4
      vertex -76.1532 95.427 4
      vertex -76.263 94.9693 4
    endloop
  endfacet
  facet normal 0 0 1
    outer loop
      vertex -75.727 -96.2634 4
      vertex -76.3 -94.5 4
      vertex -75.973 -95.862 4
    endloop
  endfacet
  facet normal 0 0 1
    outer loop
      vertex -75.973 -95.862 4
      vertex -76.3 -94.5 4
      vertex -76.1532 -95.427 4
    endloop
  endfacet
  facet normal 0 0 1
    outer loop
      vertex -76.1532 -95.427 4
      vertex -76.3 -94.5 4
      vertex -76.263 -94.9693 4
    endloop
  endfacet
  facet normal -0 0 1
    outer loop
      vertex 35.1891 -11.4336 4
      vertex 56.4386 -43.0739 4
      vertex 36.5445 -5.78807 4
    endloop
  endfacet
  facet normal 0 0 1
    outer loop
      vertex 56.4386 -43.0739 4
      vertex 37.6657 -34.7739 4
      vertex 37.7948 -35.0856 4
    endloop
  endfacet
  facet normal -0 -0 1
    outer loop
      vertex 37.4894 -34.4863 4
      vertex 56.4386 -43.0739 4
      vertex 35.1891 -11.4336 4
    endloop
  endfacet
  facet normal 0 0 1
    outer loop
      vertex 56.4386 -43.0739 4
      vertex 37.4894 -34.4863 4
      vertex 37.6657 -34.7739 4
    endloop
  endfacet
  facet normal 0 0 1
    outer loop
      vertex 36.5445 -5.78807 4
      vertex 37.4016 -1.25 4
      vertex 36.9016 -1.25 4
    endloop
  endfacet
  facet normal 0 0 1
    outer loop
      vertex 37.4894 -34.4863 4
      vertex 35.1891 -11.4336 4
      vertex 37.2703 -34.2297 4
    endloop
  endfacet
  facet normal -0 0 1
    outer loop
      vertex 32.9672 -16.7976 4
      vertex 37.2703 -34.2297 4
      vertex 35.1891 -11.4336 4
    endloop
  endfacet
  facet normal 0 0 1
    outer loop
      vertex 37.2703 -34.2297 4
      vertex 32.9672 -16.7976 4
      vertex 37.0137 -34.0106 4
    endloop
  endfacet
  facet normal 0 0 1
    outer loop
      vertex 37.0137 -34.0106 4
      vertex 32.9672 -16.7976 4
      vertex 36.7261 -33.8343 4
    endloop
  endfacet
  facet normal 0 0 1
    outer loop
      vertex 36.7261 -33.8343 4
      vertex 32.9672 -16.7976 4
      vertex 36.4144 -33.7052 4
    endloop
  endfacet
  facet normal -0 0 1
    outer loop
      vertex 29.9336 -21.7481 4
      vertex 36.4144 -33.7052 4
      vertex 32.9672 -16.7976 4
    endloop
  endfacet
  facet normal 0 0 1
    outer loop
      vertex 36.4144 -33.7052 4
      vertex 29.9336 -21.7481 4
      vertex 36.0863 -33.6265 4
    endloop
  endfacet
  facet normal 0 0 1
    outer loop
      vertex 36.0863 -33.6265 4
      vertex 29.9336 -21.7481 4
      vertex 35.75 -33.6 4
    endloop
  endfacet
  facet normal 0 0 1
    outer loop
      vertex 35.75 -33.6 4
      vertex 29.9336 -21.7481 4
      vertex 35.4137 -33.6265 4
    endloop
  endfacet
  facet normal -0 0 1
    outer loop
      vertex 27.3308 -25.5631 4
      vertex 35.4137 -33.6265 4
      vertex 29.9336 -21.7481 4
    endloop
  endfacet
  facet normal 0 0 1
    outer loop
      vertex 35.4137 -33.6265 4
      vertex 27.3308 -25.5631 4
      vertex 35.0856 -33.7052 4
    endloop
  endfacet
  facet normal 0 0 1
    outer loop
      vertex 35.0856 -33.7052 4
      vertex 27.3308 -25.5631 4
      vertex 34.7739 -33.8343 4
    endloop
  endfacet
  facet normal 0 0 1
    outer loop
      vertex 34.7739 -33.8343 4
      vertex 27.3308 -25.5631 4
      vertex 34.4863 -34.0106 4
    endloop
  endfacet
  facet normal -0 0 1
    outer loop
      vertex 26.5165 -26.5165 4
      vertex 34.4863 -34.0106 4
      vertex 27.3308 -25.5631 4
    endloop
  endfacet
  facet normal 0 0 1
    outer loop
      vertex 34.4863 -34.0106 4
      vertex 26.5165 -26.5165 4
      vertex 34.2297 -34.2297 4
    endloop
  endfacet
  facet normal 0 0 1
    outer loop
      vertex 34.2297 -34.2297 4
      vertex 26.5165 -26.5165 4
      vertex 34.0106 -34.4863 4
    endloop
  endfacet
  facet normal -0 0 1
    outer loop
      vertex 25.5631 -27.3308 4
      vertex 34.0106 -34.4863 4
      vertex 26.5165 -26.5165 4
    endloop
  endfacet
  facet normal 0.0783858 0.996923 -0
    outer loop
      vertex 73.7693 97.4631 0
      vertex 73.3 97.5 4
      vertex 73.7693 97.4631 4
    endloop
  endfacet
  facet normal 0.0783858 0.996923 0
    outer loop
      vertex 73.3 97.5 4
      vertex 73.7693 97.4631 0
      vertex 73.3 97.5 0
    endloop
  endfacet
  facet normal 0.0783858 -0.996923 0
    outer loop
      vertex 73.3 -97.5 0
      vertex 73.7693 -97.4631 4
      vertex 73.3 -97.5 4
    endloop
  endfacet
  facet normal 0.0783858 -0.996923 0
    outer loop
      vertex 73.7693 -97.4631 4
      vertex 73.3 -97.5 0
      vertex 73.7693 -97.4631 0
    endloop
  endfacet
  facet normal 0.382714 0.923867 -0
    outer loop
      vertex 74.662 97.173 0
      vertex 74.227 97.3532 4
      vertex 74.662 97.173 4
    endloop
  endfacet
  facet normal 0.382714 0.923867 0
    outer loop
      vertex 74.227 97.3532 4
      vertex 74.662 97.173 0
      vertex 74.227 97.3532 0
    endloop
  endfacet
  facet normal -0.0783858 0.996923 0
    outer loop
      vertex -73.3 97.5 0
      vertex -73.7693 97.4631 4
      vertex -73.3 97.5 4
    endloop
  endfacet
  facet normal -0.0783858 0.996923 0
    outer loop
      vertex -73.7693 97.4631 4
      vertex -73.3 97.5 0
      vertex -73.7693 97.4631 0
    endloop
  endfacet
  facet normal 0.996906 0.0785969 0
    outer loop
      vertex 76.3 94.5 4
      vertex 76.263 94.9693 0
      vertex 76.263 94.9693 4
    endloop
  endfacet
  facet normal 0.996906 0.0785969 0
    outer loop
      vertex 76.263 94.9693 0
      vertex 76.3 94.5 4
      vertex 76.3 94.5 0
    endloop
  endfacet
  facet normal 0.923867 -0.382714 0
    outer loop
      vertex 75.973 -95.862 4
      vertex 76.1532 -95.427 0
      vertex 76.1532 -95.427 4
    endloop
  endfacet
  facet normal 0.923867 -0.382714 0
    outer loop
      vertex 76.1532 -95.427 0
      vertex 75.973 -95.862 4
      vertex 75.973 -95.862 0
    endloop
  endfacet
  facet normal 0.233477 0.972362 -0
    outer loop
      vertex 74.227 97.3532 0
      vertex 73.7693 97.4631 4
      vertex 74.227 97.3532 4
    endloop
  endfacet
  facet normal 0.233477 0.972362 0
    outer loop
      vertex 73.7693 97.4631 4
      vertex 74.227 97.3532 0
      vertex 73.7693 97.4631 0
    endloop
  endfacet
  facet normal -0.97241 -0.233277 0
    outer loop
      vertex -76.1532 -95.427 0
      vertex -76.263 -94.9693 4
      vertex -76.263 -94.9693 0
    endloop
  endfacet
  facet normal -0.97241 -0.233277 0
    outer loop
      vertex -76.263 -94.9693 4
      vertex -76.1532 -95.427 0
      vertex -76.1532 -95.427 4
    endloop
  endfacet
  facet normal 0.97241 0.233277 0
    outer loop
      vertex 76.263 94.9693 4
      vertex 76.1532 95.427 0
      vertex 76.1532 95.427 4
    endloop
  endfacet
  facet normal 0.97241 0.233277 0
    outer loop
      vertex 76.1532 95.427 0
      vertex 76.263 94.9693 4
      vertex 76.263 94.9693 0
    endloop
  endfacet
  facet normal 0.76038 -0.649478 0
    outer loop
      vertex 75.4213 -96.6213 4
      vertex 75.727 -96.2634 0
      vertex 75.727 -96.2634 4
    endloop
  endfacet
  facet normal 0.76038 -0.649478 0
    outer loop
      vertex 75.727 -96.2634 0
      vertex 75.4213 -96.6213 4
      vertex 75.4213 -96.6213 0
    endloop
  endfacet
  facet normal 0 0 -1
    outer loop
      vertex 72.418 -93.1756 0
      vertex 76.3 -94.5 0
      vertex 76.263 -94.9693 0
    endloop
  endfacet
  facet normal 0 0 -1
    outer loop
      vertex 76.3 -94.5 0
      vertex 72.8 -92 0
      vertex 76.3 94.5 0
    endloop
  endfacet
  facet normal 0 0 -1
    outer loop
      vertex 72.418 -93.1756 0
      vertex 76.263 -94.9693 0
      vertex 76.1532 -95.427 0
    endloop
  endfacet
  facet normal 0 0 -1
    outer loop
      vertex 72.8 92 0
      vertex 76.3 94.5 0
      vertex 72.8 -92 0
    endloop
  endfacet
  facet normal 0 0 -1
    outer loop
      vertex 72.2142 -93.4142 0
      vertex 76.1532 -95.427 0
      vertex 75.973 -95.862 0
    endloop
  endfacet
  facet normal 0 0 -1
    outer loop
      vertex 72.7754 92.3129 0
      vertex 76.3 94.5 0
      vertex 72.8 92 0
    endloop
  endfacet
  facet normal 0 0 -1
    outer loop
      vertex 72.2142 -93.4142 0
      vertex 75.973 -95.862 0
      vertex 75.727 -96.2634 0
    endloop
  endfacet
  facet normal 0 0 -1
    outer loop
      vertex 72.7021 92.618 0
      vertex 76.3 94.5 0
      vertex 72.7754 92.3129 0
    endloop
  endfacet
  facet normal 0 0 -1
    outer loop
      vertex 72.2142 -93.4142 0
      vertex 75.727 -96.2634 0
      vertex 75.4213 -96.6213 0
    endloop
  endfacet
  facet normal 0 0 -1
    outer loop
      vertex 72.582 92.908 0
      vertex 76.3 94.5 0
      vertex 72.7021 92.618 0
    endloop
  endfacet
  facet normal 0 0 -1
    outer loop
      vertex 72.2142 -93.4142 0
      vertex 75.4213 -96.6213 0
      vertex 75.0633 -96.927 0
    endloop
  endfacet
  facet normal 0 0 -1
    outer loop
      vertex 72.418 93.1756 0
      vertex 76.3 94.5 0
      vertex 72.582 92.908 0
    endloop
  endfacet
  facet normal 0 0 -1
    outer loop
      vertex 72.2142 -93.4142 0
      vertex 75.0633 -96.927 0
      vertex 74.662 -97.173 0
    endloop
  endfacet
  facet normal -0 0 -1
    outer loop
      vertex 76.3 94.5 0
      vertex 72.418 93.1756 0
      vertex 76.263 94.9693 0
    endloop
  endfacet
  facet normal 0 0 -1
    outer loop
      vertex 72.2142 -93.4142 0
      vertex 74.662 -97.173 0
      vertex 74.227 -97.3532 0
    endloop
  endfacet
  facet normal -0 0 -1
    outer loop
      vertex 76.263 94.9693 0
      vertex 72.418 93.1756 0
      vertex 76.1532 95.427 0
    endloop
  endfacet
  facet normal 0 0 -1
    outer loop
      vertex 71.9756 -93.618 0
      vertex 74.227 -97.3532 0
      vertex 73.7693 -97.4631 0
    endloop
  endfacet
  facet normal 0 0 -1
    outer loop
      vertex 72.2142 93.4142 0
      vertex 76.1532 95.427 0
      vertex 72.418 93.1756 0
    endloop
  endfacet
  facet normal 0 0 -1
    outer loop
      vertex 71.9756 -93.618 0
      vertex 73.7693 -97.4631 0
      vertex 73.3 -97.5 0
    endloop
  endfacet
  facet normal -0 0 -1
    outer loop
      vertex 76.1532 95.427 0
      vertex 72.2142 93.4142 0
      vertex 75.973 95.862 0
    endloop
  endfacet
  facet normal -0 0 -1
    outer loop
      vertex 75.973 95.862 0
      vertex 72.2142 93.4142 0
      vertex 75.727 96.2634 0
    endloop
  endfacet
  facet normal 0 0 -1
    outer loop
      vertex 76.3 -94.5 0
      vertex 72.7754 -92.3129 0
      vertex 72.8 -92 0
    endloop
  endfacet
  facet normal 0 0 -1
    outer loop
      vertex 76.3 -94.5 0
      vertex 72.7021 -92.618 0
      vertex 72.7754 -92.3129 0
    endloop
  endfacet
  facet normal 0 0 -1
    outer loop
      vertex 76.3 -94.5 0
      vertex 72.582 -92.908 0
      vertex 72.7021 -92.618 0
    endloop
  endfacet
  facet normal 0 0 -1
    outer loop
      vertex 76.3 -94.5 0
      vertex 72.418 -93.1756 0
      vertex 72.582 -92.908 0
    endloop
  endfacet
  facet normal 0 0 -1
    outer loop
      vertex 76.1532 -95.427 0
      vertex 72.2142 -93.4142 0
      vertex 72.418 -93.1756 0
    endloop
  endfacet
  facet normal 0 0 -1
    outer loop
      vertex 74.227 -97.3532 0
      vertex 71.9756 -93.618 0
      vertex 72.2142 -93.4142 0
    endloop
  endfacet
  facet normal 0 0 -1
    outer loop
      vertex 73.3 -97.5 0
      vertex 71.708 -93.782 0
      vertex 71.9756 -93.618 0
    endloop
  endfacet
  facet normal 0 0 -1
    outer loop
      vertex 73.3 -97.5 0
      vertex 71.418 -93.9021 0
      vertex 71.708 -93.782 0
    endloop
  endfacet
  facet normal 0 0 -1
    outer loop
      vertex 73.3 -97.5 0
      vertex 71.1129 -93.9754 0
      vertex 71.418 -93.9021 0
    endloop
  endfacet
  facet normal 0 0 -1
    outer loop
      vertex 73.3 -97.5 0
      vertex 70.8 -94 0
      vertex 71.1129 -93.9754 0
    endloop
  endfacet
  facet normal 0 0 -1
    outer loop
      vertex 73.3 -97.5 0
      vertex -70.8 -94 0
      vertex 70.8 -94 0
    endloop
  endfacet
  facet normal 0 0 -1
    outer loop
      vertex -75.727 -96.2634 0
      vertex -72.2142 -93.4142 0
      vertex -75.4213 -96.6213 0
    endloop
  endfacet
  facet normal 0 0 -1
    outer loop
      vertex -75.4213 -96.6213 0
      vertex -72.2142 -93.4142 0
      vertex -75.0633 -96.927 0
    endloop
  endfacet
  facet normal 0 0 -1
    outer loop
      vertex -75.0633 -96.927 0
      vertex -72.2142 -93.4142 0
      vertex -74.662 -97.173 0
    endloop
  endfacet
  facet normal 0 0 -1
    outer loop
      vertex -74.662 -97.173 0
      vertex -72.2142 -93.4142 0
      vertex -74.227 -97.3532 0
    endloop
  endfacet
  facet normal -0 0 -1
    outer loop
      vertex -71.9756 -93.618 0
      vertex -74.227 -97.3532 0
      vertex -72.2142 -93.4142 0
    endloop
  endfacet
  facet normal 0 0 -1
    outer loop
      vertex -74.227 -97.3532 0
      vertex -71.9756 -93.618 0
      vertex -73.7693 -97.4631 0
    endloop
  endfacet
  facet normal 0 0 -1
    outer loop
      vertex -73.7693 -97.4631 0
      vertex -71.9756 -93.618 0
      vertex -73.3 -97.5 0
    endloop
  endfacet
  facet normal -0 0 -1
    outer loop
      vertex -71.708 -93.782 0
      vertex -73.3 -97.5 0
      vertex -71.9756 -93.618 0
    endloop
  endfacet
  facet normal -0 0 -1
    outer loop
      vertex -71.418 -93.9021 0
      vertex -73.3 -97.5 0
      vertex -71.708 -93.782 0
    endloop
  endfacet
  facet normal -0 0 -1
    outer loop
      vertex -71.1129 -93.9754 0
      vertex -73.3 -97.5 0
      vertex -71.418 -93.9021 0
    endloop
  endfacet
  facet normal -0 0 -1
    outer loop
      vertex -70.8 -94 0
      vertex -73.3 -97.5 0
      vertex -71.1129 -93.9754 0
    endloop
  endfacet
  facet normal 0 0 -1
    outer loop
      vertex -73.3 -97.5 0
      vertex -70.8 -94 0
      vertex 73.3 -97.5 0
    endloop
  endfacet
  facet normal -0 0 -1
    outer loop
      vertex 75.727 96.2634 0
      vertex 72.2142 93.4142 0
      vertex 75.4213 96.6213 0
    endloop
  endfacet
  facet normal -0 0 -1
    outer loop
      vertex 75.4213 96.6213 0
      vertex 72.2142 93.4142 0
      vertex 75.0633 96.927 0
    endloop
  endfacet
  facet normal -0 0 -1
    outer loop
      vertex 75.0633 96.927 0
      vertex 72.2142 93.4142 0
      vertex 74.662 97.173 0
    endloop
  endfacet
  facet normal -0 0 -1
    outer loop
      vertex 74.662 97.173 0
      vertex 72.2142 93.4142 0
      vertex 74.227 97.3532 0
    endloop
  endfacet
  facet normal 0 0 -1
    outer loop
      vertex 71.9756 93.618 0
      vertex 74.227 97.3532 0
      vertex 72.2142 93.4142 0
    endloop
  endfacet
  facet normal -0 0 -1
    outer loop
      vertex 74.227 97.3532 0
      vertex 71.9756 93.618 0
      vertex 73.7693 97.4631 0
    endloop
  endfacet
  facet normal -0 0 -1
    outer loop
      vertex 73.7693 97.4631 0
      vertex 71.9756 93.618 0
      vertex 73.3 97.5 0
    endloop
  endfacet
  facet normal 0 0 -1
    outer loop
      vertex 71.708 93.782 0
      vertex 73.3 97.5 0
      vertex 71.9756 93.618 0
    endloop
  endfacet
  facet normal 0 0 -1
    outer loop
      vertex 71.418 93.9021 0
      vertex 73.3 97.5 0
      vertex 71.708 93.782 0
    endloop
  endfacet
  facet normal 0 0 -1
    outer loop
      vertex 71.1129 93.9754 0
      vertex 73.3 97.5 0
      vertex 71.418 93.9021 0
    endloop
  endfacet
  facet normal 0 0 -1
    outer loop
      vertex 70.8 94 0
      vertex 73.3 97.5 0
      vertex 71.1129 93.9754 0
    endloop
  endfacet
  facet normal 0 0 -1
    outer loop
      vertex -70.8 94 0
      vertex 73.3 97.5 0
      vertex 70.8 94 0
    endloop
  endfacet
  facet normal 0 0 -1
    outer loop
      vertex -70.8 94 0
      vertex -73.3 97.5 0
      vertex 73.3 97.5 0
    endloop
  endfacet
  facet normal 0 0 -1
    outer loop
      vertex -71.1129 93.9754 0
      vertex -73.3 97.5 0
      vertex -70.8 94 0
    endloop
  endfacet
  facet normal 0 0 -1
    outer loop
      vertex -71.418 93.9021 0
      vertex -73.3 97.5 0
      vertex -71.1129 93.9754 0
    endloop
  endfacet
  facet normal 0 0 -1
    outer loop
      vertex -71.708 93.782 0
      vertex -73.3 97.5 0
      vertex -71.418 93.9021 0
    endloop
  endfacet
  facet normal 0 0 -1
    outer loop
      vertex -71.9756 93.618 0
      vertex -73.3 97.5 0
      vertex -71.708 93.782 0
    endloop
  endfacet
  facet normal 0 0 -1
    outer loop
      vertex -74.227 97.3532 0
      vertex -71.9756 93.618 0
      vertex -72.2142 93.4142 0
    endloop
  endfacet
  facet normal 0 0 -1
    outer loop
      vertex -76.1532 95.427 0
      vertex -72.2142 93.4142 0
      vertex -72.418 93.1756 0
    endloop
  endfacet
  facet normal 0 0 -1
    outer loop
      vertex -76.3 94.5 0
      vertex -72.418 93.1756 0
      vertex -72.582 92.908 0
    endloop
  endfacet
  facet normal 0 0 -1
    outer loop
      vertex -76.3 94.5 0
      vertex -72.582 92.908 0
      vertex -72.7021 92.618 0
    endloop
  endfacet
  facet normal 0 0 -1
    outer loop
      vertex -76.3 94.5 0
      vertex -72.7021 92.618 0
      vertex -72.7754 92.3129 0
    endloop
  endfacet
  facet normal 0 0 -1
    outer loop
      vertex -76.3 94.5 0
      vertex -72.7754 92.3129 0
      vertex -72.8 92 0
    endloop
  endfacet
  facet normal -0 0 -1
    outer loop
      vertex -72.8 -92 0
      vertex -76.3 -94.5 0
      vertex -72.8 92 0
    endloop
  endfacet
  facet normal 0 0 -1
    outer loop
      vertex -75.973 -95.862 0
      vertex -72.2142 -93.4142 0
      vertex -75.727 -96.2634 0
    endloop
  endfacet
  facet normal 0 0 -1
    outer loop
      vertex -76.3 94.5 0
      vertex -72.8 92 0
      vertex -76.3 -94.5 0
    endloop
  endfacet
  facet normal 0 0 -1
    outer loop
      vertex -76.1532 -95.427 0
      vertex -72.2142 -93.4142 0
      vertex -75.973 -95.862 0
    endloop
  endfacet
  facet normal 0 0 -1
    outer loop
      vertex -72.418 93.1756 0
      vertex -76.3 94.5 0
      vertex -76.263 94.9693 0
    endloop
  endfacet
  facet normal -0 0 -1
    outer loop
      vertex -72.2142 -93.4142 0
      vertex -76.1532 -95.427 0
      vertex -72.418 -93.1756 0
    endloop
  endfacet
  facet normal 0 0 -1
    outer loop
      vertex -71.9756 93.618 0
      vertex -73.7693 97.4631 0
      vertex -73.3 97.5 0
    endloop
  endfacet
  facet normal 0 0 -1
    outer loop
      vertex -76.263 -94.9693 0
      vertex -72.418 -93.1756 0
      vertex -76.1532 -95.427 0
    endloop
  endfacet
  facet normal 0 0 -1
    outer loop
      vertex -71.9756 93.618 0
      vertex -74.227 97.3532 0
      vertex -73.7693 97.4631 0
    endloop
  endfacet
  facet normal 0 0 -1
    outer loop
      vertex -76.3 -94.5 0
      vertex -72.418 -93.1756 0
      vertex -76.263 -94.9693 0
    endloop
  endfacet
  facet normal 0 0 -1
    outer loop
      vertex -72.2142 93.4142 0
      vertex -74.662 97.173 0
      vertex -74.227 97.3532 0
    endloop
  endfacet
  facet normal -0 0 -1
    outer loop
      vertex -72.418 -93.1756 0
      vertex -76.3 -94.5 0
      vertex -72.582 -92.908 0
    endloop
  endfacet
  facet normal 0 0 -1
    outer loop
      vertex -72.2142 93.4142 0
      vertex -75.0633 96.927 0
      vertex -74.662 97.173 0
    endloop
  endfacet
  facet normal -0 0 -1
    outer loop
      vertex -72.582 -92.908 0
      vertex -76.3 -94.5 0
      vertex -72.7021 -92.618 0
    endloop
  endfacet
  facet normal 0 0 -1
    outer loop
      vertex -72.2142 93.4142 0
      vertex -75.4213 96.6213 0
      vertex -75.0633 96.927 0
    endloop
  endfacet
  facet normal -0 0 -1
    outer loop
      vertex -72.7021 -92.618 0
      vertex -76.3 -94.5 0
      vertex -72.7754 -92.3129 0
    endloop
  endfacet
  facet normal 0 0 -1
    outer loop
      vertex -72.2142 93.4142 0
      vertex -75.727 96.2634 0
      vertex -75.4213 96.6213 0
    endloop
  endfacet
  facet normal -0 0 -1
    outer loop
      vertex -72.7754 -92.3129 0
      vertex -76.3 -94.5 0
      vertex -72.8 -92 0
    endloop
  endfacet
  facet normal 0 0 -1
    outer loop
      vertex -72.2142 93.4142 0
      vertex -75.973 95.862 0
      vertex -75.727 96.2634 0
    endloop
  endfacet
  facet normal 0 0 -1
    outer loop
      vertex -72.2142 93.4142 0
      vertex -76.1532 95.427 0
      vertex -75.973 95.862 0
    endloop
  endfacet
  facet normal 0 0 -1
    outer loop
      vertex -72.418 93.1756 0
      vertex -76.263 94.9693 0
      vertex -76.1532 95.427 0
    endloop
  endfacet
  facet normal -0.996906 -0.0785969 0
    outer loop
      vertex -76.263 -94.9693 0
      vertex -76.3 -94.5 4
      vertex -76.3 -94.5 0
    endloop
  endfacet
  facet normal -0.996906 -0.0785969 0
    outer loop
      vertex -76.3 -94.5 4
      vertex -76.263 -94.9693 0
      vertex -76.263 -94.9693 4
    endloop
  endfacet
  facet normal -0.76038 -0.649478 0
    outer loop
      vertex -75.4213 -96.6213 0
      vertex -75.727 -96.2634 4
      vertex -75.727 -96.2634 0
    endloop
  endfacet
  facet normal -0.76038 -0.649478 0
    outer loop
      vertex -75.727 -96.2634 4
      vertex -75.4213 -96.6213 0
      vertex -75.4213 -96.6213 4
    endloop
  endfacet
  facet normal 0.996906 -0.0785969 0
    outer loop
      vertex 76.263 -94.9693 4
      vertex 76.3 -94.5 0
      vertex 76.3 -94.5 4
    endloop
  endfacet
  facet normal 0.996906 -0.0785969 0
    outer loop
      vertex 76.3 -94.5 0
      vertex 76.263 -94.9693 4
      vertex 76.263 -94.9693 0
    endloop
  endfacet
  facet normal -0.649373 -0.76047 0
    outer loop
      vertex -75.4213 -96.6213 0
      vertex -75.0633 -96.927 4
      vertex -75.4213 -96.6213 4
    endloop
  endfacet
  facet normal -0.649373 -0.76047 -0
    outer loop
      vertex -75.0633 -96.927 4
      vertex -75.4213 -96.6213 0
      vertex -75.0633 -96.927 0
    endloop
  endfacet
  facet normal 0.649373 0.76047 -0
    outer loop
      vertex 75.4213 96.6213 0
      vertex 75.0633 96.927 4
      vertex 75.4213 96.6213 4
    endloop
  endfacet
  facet normal 0.649373 0.76047 0
    outer loop
      vertex 75.0633 96.927 4
      vertex 75.4213 96.6213 0
      vertex 75.0633 96.927 0
    endloop
  endfacet
  facet normal -0.923867 0.382714 0
    outer loop
      vertex -76.1532 95.427 0
      vertex -75.973 95.862 4
      vertex -75.973 95.862 0
    endloop
  endfacet
  facet normal -0.923867 0.382714 0
    outer loop
      vertex -75.973 95.862 4
      vertex -76.1532 95.427 0
      vertex -76.1532 95.427 4
    endloop
  endfacet
  facet normal -0.85262 0.522532 0
    outer loop
      vertex -75.973 95.862 0
      vertex -75.727 96.2634 4
      vertex -75.727 96.2634 0
    endloop
  endfacet
  facet normal -0.85262 0.522532 0
    outer loop
      vertex -75.727 96.2634 4
      vertex -75.973 95.862 0
      vertex -75.973 95.862 4
    endloop
  endfacet
  facet normal -0.97241 0.233277 0
    outer loop
      vertex -76.263 94.9693 0
      vertex -76.1532 95.427 4
      vertex -76.1532 95.427 0
    endloop
  endfacet
  facet normal -0.97241 0.233277 0
    outer loop
      vertex -76.1532 95.427 4
      vertex -76.263 94.9693 0
      vertex -76.263 94.9693 4
    endloop
  endfacet
  facet normal -0.996906 0.0785969 0
    outer loop
      vertex -76.3 94.5 0
      vertex -76.263 94.9693 4
      vertex -76.263 94.9693 0
    endloop
  endfacet
  facet normal -0.996906 0.0785969 0
    outer loop
      vertex -76.263 94.9693 4
      vertex -76.3 94.5 0
      vertex -76.3 94.5 4
    endloop
  endfacet
  facet normal -0.649373 0.76047 0
    outer loop
      vertex -75.0633 96.927 0
      vertex -75.4213 96.6213 4
      vertex -75.0633 96.927 4
    endloop
  endfacet
  facet normal -0.649373 0.76047 0
    outer loop
      vertex -75.4213 96.6213 4
      vertex -75.0633 96.927 0
      vertex -75.4213 96.6213 0
    endloop
  endfacet
  facet normal 0.382624 -0.923904 0
    outer loop
      vertex 71.418 -93.9021 -6
      vertex 71.708 -93.782 0
      vertex 71.418 -93.9021 0
    endloop
  endfacet
  facet normal 0.382624 -0.923904 0
    outer loop
      vertex 71.708 -93.782 0
      vertex 71.418 -93.9021 -6
      vertex 71.708 -93.782 -6
    endloop
  endfacet
  facet normal 0 -1 0
    outer loop
      vertex -70.8 -94 -6
      vertex 70.8 -94 0
      vertex -70.8 -94 0
    endloop
  endfacet
  facet normal 0 -1 -0
    outer loop
      vertex 70.8 -94 0
      vertex -70.8 -94 -6
      vertex 70.8 -94 -6
    endloop
  endfacet
  facet normal 0.233602 -0.972332 0
    outer loop
      vertex 71.1129 -93.9754 -6
      vertex 71.418 -93.9021 0
      vertex 71.1129 -93.9754 0
    endloop
  endfacet
  facet normal 0.233602 -0.972332 0
    outer loop
      vertex 71.418 -93.9021 0
      vertex 71.1129 -93.9754 -6
      vertex 71.418 -93.9021 -6
    endloop
  endfacet
  facet normal -0.233602 -0.972332 0
    outer loop
      vertex -71.418 -93.9021 -6
      vertex -71.1129 -93.9754 0
      vertex -71.418 -93.9021 0
    endloop
  endfacet
  facet normal -0.233602 -0.972332 -0
    outer loop
      vertex -71.1129 -93.9754 0
      vertex -71.418 -93.9021 -6
      vertex -71.1129 -93.9754 -6
    endloop
  endfacet
  facet normal 0.0783775 -0.996924 0
    outer loop
      vertex 70.8 -94 -6
      vertex 71.1129 -93.9754 0
      vertex 70.8 -94 0
    endloop
  endfacet
  facet normal 0.0783775 -0.996924 0
    outer loop
      vertex 71.1129 -93.9754 0
      vertex 70.8 -94 -6
      vertex 71.1129 -93.9754 -6
    endloop
  endfacet
  facet normal -0.996924 0.0783775 0
    outer loop
      vertex -72.8 92 -6
      vertex -72.7754 92.3129 0
      vertex -72.7754 92.3129 -6
    endloop
  endfacet
  facet normal -0.996924 0.0783775 0
    outer loop
      vertex -72.7754 92.3129 0
      vertex -72.8 92 -6
      vertex -72.8 92 0
    endloop
  endfacet
  facet normal -0.522532 -0.85262 0
    outer loop
      vertex -71.9756 -93.618 -6
      vertex -71.708 -93.782 0
      vertex -71.9756 -93.618 0
    endloop
  endfacet
  facet normal -0.522532 -0.85262 -0
    outer loop
      vertex -71.708 -93.782 0
      vertex -71.9756 -93.618 -6
      vertex -71.708 -93.782 -6
    endloop
  endfacet
  facet normal -0.522532 0.85262 0
    outer loop
      vertex -71.708 93.782 -6
      vertex -71.9756 93.618 0
      vertex -71.708 93.782 0
    endloop
  endfacet
  facet normal -0.522532 0.85262 0
    outer loop
      vertex -71.9756 93.618 0
      vertex -71.708 93.782 -6
      vertex -71.9756 93.618 -6
    endloop
  endfacet
  facet normal -0.0783775 0.996924 0
    outer loop
      vertex -70.8 94 -6
      vertex -71.1129 93.9754 0
      vertex -70.8 94 0
    endloop
  endfacet
  facet normal -0.0783775 0.996924 0
    outer loop
      vertex -71.1129 93.9754 0
      vertex -70.8 94 -6
      vertex -71.1129 93.9754 -6
    endloop
  endfacet
  facet normal -0.972332 -0.233602 0
    outer loop
      vertex -72.7021 -92.618 -6
      vertex -72.7754 -92.3129 0
      vertex -72.7754 -92.3129 -6
    endloop
  endfacet
  facet normal -0.972332 -0.233602 0
    outer loop
      vertex -72.7754 -92.3129 0
      vertex -72.7021 -92.618 -6
      vertex -72.7021 -92.618 0
    endloop
  endfacet
  facet normal 0.649478 0.76038 -0
    outer loop
      vertex 72.2142 93.4142 -6
      vertex 71.9756 93.618 0
      vertex 72.2142 93.4142 0
    endloop
  endfacet
  facet normal 0.649478 0.76038 0
    outer loop
      vertex 71.9756 93.618 0
      vertex 72.2142 93.4142 -6
      vertex 71.9756 93.618 -6
    endloop
  endfacet
  facet normal 1 -0 0
    outer loop
      vertex 72.8 -92 0
      vertex 72.8 92 -6
      vertex 72.8 92 0
    endloop
  endfacet
  facet normal 1 0 0
    outer loop
      vertex 72.8 92 -6
      vertex 72.8 -92 0
      vertex 72.8 -92 -6
    endloop
  endfacet
  facet normal -1 0 0
    outer loop
      vertex -72.8 -92 -6
      vertex -72.8 92 0
      vertex -72.8 92 -6
    endloop
  endfacet
  facet normal -1 -0 0
    outer loop
      vertex -72.8 92 0
      vertex -72.8 -92 -6
      vertex -72.8 -92 0
    endloop
  endfacet
  facet normal 0.649478 -0.76038 0
    outer loop
      vertex 71.9756 -93.618 -6
      vertex 72.2142 -93.4142 0
      vertex 71.9756 -93.618 0
    endloop
  endfacet
  facet normal 0.649478 -0.76038 0
    outer loop
      vertex 72.2142 -93.4142 0
      vertex 71.9756 -93.618 -6
      vertex 72.2142 -93.4142 -6
    endloop
  endfacet
  facet normal 0.972332 0.233602 0
    outer loop
      vertex 72.7754 92.3129 0
      vertex 72.7021 92.618 -6
      vertex 72.7021 92.618 0
    endloop
  endfacet
  facet normal 0.972332 0.233602 0
    outer loop
      vertex 72.7021 92.618 -6
      vertex 72.7754 92.3129 0
      vertex 72.7754 92.3129 -6
    endloop
  endfacet
  facet normal -0.996924 -0.0783775 0
    outer loop
      vertex -72.7754 -92.3129 -6
      vertex -72.8 -92 0
      vertex -72.8 -92 -6
    endloop
  endfacet
  facet normal -0.996924 -0.0783775 0
    outer loop
      vertex -72.8 -92 0
      vertex -72.7754 -92.3129 -6
      vertex -72.7754 -92.3129 0
    endloop
  endfacet
  facet normal -0.382624 -0.923904 0
    outer loop
      vertex -71.708 -93.782 -6
      vertex -71.418 -93.9021 0
      vertex -71.708 -93.782 0
    endloop
  endfacet
  facet normal -0.382624 -0.923904 -0
    outer loop
      vertex -71.418 -93.9021 0
      vertex -71.708 -93.782 -6
      vertex -71.418 -93.9021 -6
    endloop
  endfacet
  facet normal 0.522532 0.85262 -0
    outer loop
      vertex 71.9756 93.618 -6
      vertex 71.708 93.782 0
      vertex 71.9756 93.618 0
    endloop
  endfacet
  facet normal 0.522532 0.85262 0
    outer loop
      vertex 71.708 93.782 0
      vertex 71.9756 93.618 -6
      vertex 71.708 93.782 -6
    endloop
  endfacet
  facet normal -0.76038 0.649478 0
    outer loop
      vertex -72.418 93.1756 -6
      vertex -72.2142 93.4142 0
      vertex -72.2142 93.4142 -6
    endloop
  endfacet
  facet normal -0.76038 0.649478 0
    outer loop
      vertex -72.2142 93.4142 0
      vertex -72.418 93.1756 -6
      vertex -72.418 93.1756 0
    endloop
  endfacet
  facet normal -0.76038 -0.649478 0
    outer loop
      vertex -72.2142 -93.4142 -6
      vertex -72.418 -93.1756 0
      vertex -72.418 -93.1756 -6
    endloop
  endfacet
  facet normal -0.76038 -0.649478 0
    outer loop
      vertex -72.418 -93.1756 0
      vertex -72.2142 -93.4142 -6
      vertex -72.2142 -93.4142 0
    endloop
  endfacet
  facet normal 0 1 -0
    outer loop
      vertex 70.8 94 -6
      vertex -70.8 94 0
      vertex 70.8 94 0
    endloop
  endfacet
  facet normal 0 1 0
    outer loop
      vertex -70.8 94 0
      vertex 70.8 94 -6
      vertex -70.8 94 -6
    endloop
  endfacet
  facet normal -0.972332 0.233602 0
    outer loop
      vertex -72.7754 92.3129 -6
      vertex -72.7021 92.618 0
      vertex -72.7021 92.618 -6
    endloop
  endfacet
  facet normal -0.972332 0.233602 0
    outer loop
      vertex -72.7021 92.618 0
      vertex -72.7754 92.3129 -6
      vertex -72.7754 92.3129 0
    endloop
  endfacet
  facet normal 0.996924 0.0783775 0
    outer loop
      vertex 72.8 92 0
      vertex 72.7754 92.3129 -6
      vertex 72.7754 92.3129 0
    endloop
  endfacet
  facet normal 0.996924 0.0783775 0
    outer loop
      vertex 72.7754 92.3129 -6
      vertex 72.8 92 0
      vertex 72.8 92 -6
    endloop
  endfacet
  facet normal -0.382624 0.923904 0
    outer loop
      vertex -71.418 93.9021 -6
      vertex -71.708 93.782 0
      vertex -71.418 93.9021 0
    endloop
  endfacet
  facet normal -0.382624 0.923904 0
    outer loop
      vertex -71.708 93.782 0
      vertex -71.418 93.9021 -6
      vertex -71.708 93.782 -6
    endloop
  endfacet
  facet normal -0.649478 0.76038 0
    outer loop
      vertex -71.9756 93.618 -6
      vertex -72.2142 93.4142 0
      vertex -71.9756 93.618 0
    endloop
  endfacet
  facet normal -0.649478 0.76038 0
    outer loop
      vertex -72.2142 93.4142 0
      vertex -71.9756 93.618 -6
      vertex -72.2142 93.4142 -6
    endloop
  endfacet
  facet normal -0.85262 0.522532 0
    outer loop
      vertex -72.582 92.908 -6
      vertex -72.418 93.1756 0
      vertex -72.418 93.1756 -6
    endloop
  endfacet
  facet normal -0.85262 0.522532 0
    outer loop
      vertex -72.418 93.1756 0
      vertex -72.582 92.908 -6
      vertex -72.582 92.908 0
    endloop
  endfacet
  facet normal -0.85262 -0.522532 0
    outer loop
      vertex -72.418 -93.1756 -6
      vertex -72.582 -92.908 0
      vertex -72.582 -92.908 -6
    endloop
  endfacet
  facet normal -0.85262 -0.522532 0
    outer loop
      vertex -72.582 -92.908 0
      vertex -72.418 -93.1756 -6
      vertex -72.418 -93.1756 0
    endloop
  endfacet
  facet normal -0.0783775 -0.996924 0
    outer loop
      vertex -71.1129 -93.9754 -6
      vertex -70.8 -94 0
      vertex -71.1129 -93.9754 0
    endloop
  endfacet
  facet normal -0.0783775 -0.996924 -0
    outer loop
      vertex -70.8 -94 0
      vertex -71.1129 -93.9754 -6
      vertex -70.8 -94 -6
    endloop
  endfacet
  facet normal 0.85262 -0.522532 0
    outer loop
      vertex 72.418 -93.1756 0
      vertex 72.582 -92.908 -6
      vertex 72.582 -92.908 0
    endloop
  endfacet
  facet normal 0.85262 -0.522532 0
    outer loop
      vertex 72.582 -92.908 -6
      vertex 72.418 -93.1756 0
      vertex 72.418 -93.1756 -6
    endloop
  endfacet
  facet normal -0.233602 0.972332 0
    outer loop
      vertex -71.1129 93.9754 -6
      vertex -71.418 93.9021 0
      vertex -71.1129 93.9754 0
    endloop
  endfacet
  facet normal -0.233602 0.972332 0
    outer loop
      vertex -71.418 93.9021 0
      vertex -71.1129 93.9754 -6
      vertex -71.418 93.9021 -6
    endloop
  endfacet
  facet normal -0.923904 0.382624 0
    outer loop
      vertex -72.7021 92.618 -6
      vertex -72.582 92.908 0
      vertex -72.582 92.908 -6
    endloop
  endfacet
  facet normal -0.923904 0.382624 0
    outer loop
      vertex -72.582 92.908 0
      vertex -72.7021 92.618 -6
      vertex -72.7021 92.618 0
    endloop
  endfacet
  facet normal 0.382624 0.923904 -0
    outer loop
      vertex 71.708 93.782 -6
      vertex 71.418 93.9021 0
      vertex 71.708 93.782 0
    endloop
  endfacet
  facet normal 0.382624 0.923904 0
    outer loop
      vertex 71.418 93.9021 0
      vertex 71.708 93.782 -6
      vertex 71.418 93.9021 -6
    endloop
  endfacet
  facet normal 0.85262 0.522532 0
    outer loop
      vertex 72.582 92.908 0
      vertex 72.418 93.1756 -6
      vertex 72.418 93.1756 0
    endloop
  endfacet
  facet normal 0.85262 0.522532 0
    outer loop
      vertex 72.418 93.1756 -6
      vertex 72.582 92.908 0
      vertex 72.582 92.908 -6
    endloop
  endfacet
  facet normal -0.649478 -0.76038 0
    outer loop
      vertex -72.2142 -93.4142 -6
      vertex -71.9756 -93.618 0
      vertex -72.2142 -93.4142 0
    endloop
  endfacet
  facet normal -0.649478 -0.76038 -0
    outer loop
      vertex -71.9756 -93.618 0
      vertex -72.2142 -93.4142 -6
      vertex -71.9756 -93.618 -6
    endloop
  endfacet
  facet normal 0.996924 -0.0783775 0
    outer loop
      vertex 72.7754 -92.3129 0
      vertex 72.8 -92 -6
      vertex 72.8 -92 0
    endloop
  endfacet
  facet normal 0.996924 -0.0783775 0
    outer loop
      vertex 72.8 -92 -6
      vertex 72.7754 -92.3129 0
      vertex 72.7754 -92.3129 -6
    endloop
  endfacet
  facet normal 0.923904 -0.382624 0
    outer loop
      vertex 72.582 -92.908 0
      vertex 72.7021 -92.618 -6
      vertex 72.7021 -92.618 0
    endloop
  endfacet
  facet normal 0.923904 -0.382624 0
    outer loop
      vertex 72.7021 -92.618 -6
      vertex 72.582 -92.908 0
      vertex 72.582 -92.908 -6
    endloop
  endfacet
  facet normal 0.972332 -0.233602 0
    outer loop
      vertex 72.7021 -92.618 0
      vertex 72.7754 -92.3129 -6
      vertex 72.7754 -92.3129 0
    endloop
  endfacet
  facet normal 0.972332 -0.233602 0
    outer loop
      vertex 72.7754 -92.3129 -6
      vertex 72.7021 -92.618 0
      vertex 72.7021 -92.618 -6
    endloop
  endfacet
  facet normal 0.76038 0.649478 0
    outer loop
      vertex 72.418 93.1756 0
      vertex 72.2142 93.4142 -6
      vertex 72.2142 93.4142 0
    endloop
  endfacet
  facet normal 0.76038 0.649478 0
    outer loop
      vertex 72.2142 93.4142 -6
      vertex 72.418 93.1756 0
      vertex 72.418 93.1756 -6
    endloop
  endfacet
  facet normal 0.923904 0.382624 0
    outer loop
      vertex 72.7021 92.618 0
      vertex 72.582 92.908 -6
      vertex 72.582 92.908 0
    endloop
  endfacet
  facet normal 0.923904 0.382624 0
    outer loop
      vertex 72.582 92.908 -6
      vertex 72.7021 92.618 0
      vertex 72.7021 92.618 -6
    endloop
  endfacet
  facet normal 0.76038 -0.649478 0
    outer loop
      vertex 72.2142 -93.4142 0
      vertex 72.418 -93.1756 -6
      vertex 72.418 -93.1756 0
    endloop
  endfacet
  facet normal 0.76038 -0.649478 0
    outer loop
      vertex 72.418 -93.1756 -6
      vertex 72.2142 -93.4142 0
      vertex 72.2142 -93.4142 -6
    endloop
  endfacet
  facet normal 0.0783775 0.996924 -0
    outer loop
      vertex 71.1129 93.9754 -6
      vertex 70.8 94 0
      vertex 71.1129 93.9754 0
    endloop
  endfacet
  facet normal 0.0783775 0.996924 0
    outer loop
      vertex 70.8 94 0
      vertex 71.1129 93.9754 -6
      vertex 70.8 94 -6
    endloop
  endfacet
  facet normal -0.923904 -0.382624 0
    outer loop
      vertex -72.582 -92.908 -6
      vertex -72.7021 -92.618 0
      vertex -72.7021 -92.618 -6
    endloop
  endfacet
  facet normal -0.923904 -0.382624 0
    outer loop
      vertex -72.7021 -92.618 0
      vertex -72.582 -92.908 -6
      vertex -72.582 -92.908 0
    endloop
  endfacet
  facet normal 0.233602 0.972332 -0
    outer loop
      vertex 71.418 93.9021 -6
      vertex 71.1129 93.9754 0
      vertex 71.418 93.9021 0
    endloop
  endfacet
  facet normal 0.233602 0.972332 0
    outer loop
      vertex 71.1129 93.9754 0
      vertex 71.418 93.9021 -6
      vertex 71.1129 93.9754 -6
    endloop
  endfacet
  facet normal 0 0 -1
    outer loop
      vertex -21.7481 29.9336 -6
      vertex -33.6265 35.4137 -6
      vertex -33.6 35.75 -6
    endloop
  endfacet
  facet normal 0 0 -1
    outer loop
      vertex -29.9336 21.7481 -6
      vertex -33.7052 35.0856 -6
      vertex -33.6265 35.4137 -6
    endloop
  endfacet
  facet normal 0 0 -1
    outer loop
      vertex -29.9336 21.7481 -6
      vertex -33.8343 34.7739 -6
      vertex -33.7052 35.0856 -6
    endloop
  endfacet
  facet normal 0 0 -1
    outer loop
      vertex -29.9336 21.7481 -6
      vertex -34.0106 34.4863 -6
      vertex -33.8343 34.7739 -6
    endloop
  endfacet
  facet normal 0 0 -1
    outer loop
      vertex -29.9336 21.7481 -6
      vertex -34.2297 34.2297 -6
      vertex -34.0106 34.4863 -6
    endloop
  endfacet
  facet normal 0 0 -1
    outer loop
      vertex -29.9336 21.7481 -6
      vertex -34.4863 34.0106 -6
      vertex -34.2297 34.2297 -6
    endloop
  endfacet
  facet normal 0 0 -1
    outer loop
      vertex -29.9336 21.7481 -6
      vertex -34.7739 33.8343 -6
      vertex -34.4863 34.0106 -6
    endloop
  endfacet
  facet normal 0 0 -1
    outer loop
      vertex -29.9336 21.7481 -6
      vertex -35.0856 33.7052 -6
      vertex -34.7739 33.8343 -6
    endloop
  endfacet
  facet normal 0 0 -1
    outer loop
      vertex -37.2703 34.2297 -6
      vertex -32.9672 16.7976 -6
      vertex -35.1891 11.4336 -6
    endloop
  endfacet
  facet normal 0 0 -1
    outer loop
      vertex -29.9336 21.7481 -6
      vertex -35.4137 33.6265 -6
      vertex -35.0856 33.7052 -6
    endloop
  endfacet
  facet normal 0 0 -1
    outer loop
      vertex -29.9336 21.7481 -6
      vertex -35.75 33.6 -6
      vertex -35.4137 33.6265 -6
    endloop
  endfacet
  facet normal 0 0 -1
    outer loop
      vertex -29.9336 21.7481 -6
      vertex -36.0863 33.6265 -6
      vertex -35.75 33.6 -6
    endloop
  endfacet
  facet normal 0 0 -1
    outer loop
      vertex -29.9336 21.7481 -6
      vertex -36.4144 33.7052 -6
      vertex -36.0863 33.6265 -6
    endloop
  endfacet
  facet normal 0 0 -1
    outer loop
      vertex -37.6657 34.7739 -6
      vertex -35.1891 11.4336 -6
      vertex -36.5445 5.78807 -6
    endloop
  endfacet
  facet normal 0 0 -1
    outer loop
      vertex -32.9672 16.7976 -6
      vertex -36.7261 33.8343 -6
      vertex -36.4144 33.7052 -6
    endloop
  endfacet
  facet normal 0 0 -1
    outer loop
      vertex -72.8 92 -6
      vertex -36.5445 5.78807 -6
      vertex -37 0 -6
    endloop
  endfacet
  facet normal 0 0 -1
    outer loop
      vertex -32.9672 16.7976 -6
      vertex -37.0137 34.0106 -6
      vertex -36.7261 33.8343 -6
    endloop
  endfacet
  facet normal 0 0 -1
    outer loop
      vertex -37.6657 -34.7739 -6
      vertex -35.1891 -11.4336 -6
      vertex -37.4894 -34.4863 -6
    endloop
  endfacet
  facet normal -0 0 -1
    outer loop
      vertex -35.1891 -11.4336 -6
      vertex -37.6657 -34.7739 -6
      vertex -36.5445 -5.78807 -6
    endloop
  endfacet
  facet normal 0 0 -1
    outer loop
      vertex -32.9672 16.7976 -6
      vertex -37.2703 34.2297 -6
      vertex -37.0137 34.0106 -6
    endloop
  endfacet
  facet normal 0 0 -1
    outer loop
      vertex -37.7948 -35.0856 -6
      vertex -36.5445 -5.78807 -6
      vertex -37.6657 -34.7739 -6
    endloop
  endfacet
  facet normal 0 0 -1
    outer loop
      vertex -35.1891 11.4336 -6
      vertex -37.4894 34.4863 -6
      vertex -37.2703 34.2297 -6
    endloop
  endfacet
  facet normal 0 0 -1
    outer loop
      vertex -37.8735 -35.4137 -6
      vertex -36.5445 -5.78807 -6
      vertex -37.7948 -35.0856 -6
    endloop
  endfacet
  facet normal 0 0 -1
    outer loop
      vertex -35.1891 11.4336 -6
      vertex -37.6657 34.7739 -6
      vertex -37.4894 34.4863 -6
    endloop
  endfacet
  facet normal 0 0 -1
    outer loop
      vertex -72.8 -92 -6
      vertex -36.5445 -5.78807 -6
      vertex -37.8735 -35.4137 -6
    endloop
  endfacet
  facet normal 0 0 -1
    outer loop
      vertex -36.5445 5.78807 -6
      vertex -37.7948 35.0856 -6
      vertex -37.6657 34.7739 -6
    endloop
  endfacet
  facet normal -0 0 -1
    outer loop
      vertex -36.5445 -5.78807 -6
      vertex -72.8 -92 -6
      vertex -37 0 -6
    endloop
  endfacet
  facet normal 0 0 -1
    outer loop
      vertex -72.8 92 -6
      vertex -37 0 -6
      vertex -72.8 -92 -6
    endloop
  endfacet
  facet normal 0 0 -1
    outer loop
      vertex -72.8 -92 -6
      vertex -37.8735 -35.4137 -6
      vertex -37.9 -35.75 -6
    endloop
  endfacet
  facet normal 0 0 -1
    outer loop
      vertex -36.5445 5.78807 -6
      vertex -72.8 92 -6
      vertex -37.8735 35.4137 -6
    endloop
  endfacet
  facet normal 0 0 -1
    outer loop
      vertex -33.8343 -34.7739 -6
      vertex -26.163 -26.163 -6
      vertex -33.7052 -35.0856 -6
    endloop
  endfacet
  facet normal 0 0 -1
    outer loop
      vertex -34.0106 -34.4863 -6
      vertex -26.163 -26.163 -6
      vertex -33.8343 -34.7739 -6
    endloop
  endfacet
  facet normal 0 0 -1
    outer loop
      vertex -34.2297 -34.2297 -6
      vertex -26.163 -26.163 -6
      vertex -34.0106 -34.4863 -6
    endloop
  endfacet
  facet normal 0 0 -1
    outer loop
      vertex -34.4863 -34.0106 -6
      vertex -26.163 -26.163 -6
      vertex -34.2297 -34.2297 -6
    endloop
  endfacet
  facet normal 0 0 -1
    outer loop
      vertex -34.7739 -33.8343 -6
      vertex -26.163 -26.163 -6
      vertex -34.4863 -34.0106 -6
    endloop
  endfacet
  facet normal -0 0 -1
    outer loop
      vertex -26.163 -26.163 -6
      vertex -34.7739 -33.8343 -6
      vertex -29.9336 -21.7481 -6
    endloop
  endfacet
  facet normal 0 0 -1
    outer loop
      vertex -35.0856 -33.7052 -6
      vertex -29.9336 -21.7481 -6
      vertex -34.7739 -33.8343 -6
    endloop
  endfacet
  facet normal 0 0 -1
    outer loop
      vertex -35.4137 -33.6265 -6
      vertex -29.9336 -21.7481 -6
      vertex -35.0856 -33.7052 -6
    endloop
  endfacet
  facet normal 0 0 -1
    outer loop
      vertex -35.75 -33.6 -6
      vertex -29.9336 -21.7481 -6
      vertex -35.4137 -33.6265 -6
    endloop
  endfacet
  facet normal 0 0 -1
    outer loop
      vertex -36.0863 -33.6265 -6
      vertex -29.9336 -21.7481 -6
      vertex -35.75 -33.6 -6
    endloop
  endfacet
  facet normal 0 0 -1
    outer loop
      vertex -36.4144 -33.7052 -6
      vertex -29.9336 -21.7481 -6
      vertex -36.0863 -33.6265 -6
    endloop
  endfacet
  facet normal -0 0 -1
    outer loop
      vertex -29.9336 -21.7481 -6
      vertex -36.4144 -33.7052 -6
      vertex -32.9672 -16.7976 -6
    endloop
  endfacet
  facet normal 0 0 -1
    outer loop
      vertex -36.7261 -33.8343 -6
      vertex -32.9672 -16.7976 -6
      vertex -36.4144 -33.7052 -6
    endloop
  endfacet
  facet normal 0 0 -1
    outer loop
      vertex -37.0137 -34.0106 -6
      vertex -32.9672 -16.7976 -6
      vertex -36.7261 -33.8343 -6
    endloop
  endfacet
  facet normal 0 0 -1
    outer loop
      vertex -37.2703 -34.2297 -6
      vertex -32.9672 -16.7976 -6
      vertex -37.0137 -34.0106 -6
    endloop
  endfacet
  facet normal -0 0 -1
    outer loop
      vertex -32.9672 -16.7976 -6
      vertex -37.2703 -34.2297 -6
      vertex -35.1891 -11.4336 -6
    endloop
  endfacet
  facet normal 0 0 -1
    outer loop
      vertex -37.4894 -34.4863 -6
      vertex -35.1891 -11.4336 -6
      vertex -37.2703 -34.2297 -6
    endloop
  endfacet
  facet normal 0 0 -1
    outer loop
      vertex 72.8 -92 -6
      vertex 37 0 -6
      vertex 72.8 92 -6
    endloop
  endfacet
  facet normal 0 0 -1
    outer loop
      vertex 36.5445 5.78807 -6
      vertex 72.8 92 -6
      vertex 37 0 -6
    endloop
  endfacet
  facet normal 0 0 -1
    outer loop
      vertex 36.5445 -5.78807 -6
      vertex 37.8735 -35.4137 -6
      vertex 37.7948 -35.0856 -6
    endloop
  endfacet
  facet normal 0 0 -1
    outer loop
      vertex 72.8 92 -6
      vertex 37.8735 35.4137 -6
      vertex 37.9 35.75 -6
    endloop
  endfacet
  facet normal 0 0 -1
    outer loop
      vertex 36.5445 -5.78807 -6
      vertex 37.7948 -35.0856 -6
      vertex 37.6657 -34.7739 -6
    endloop
  endfacet
  facet normal 0 0 -1
    outer loop
      vertex 72.8 92 -6
      vertex 36.5445 5.78807 -6
      vertex 37.8735 35.4137 -6
    endloop
  endfacet
  facet normal 0 0 -1
    outer loop
      vertex 35.1891 -11.4336 -6
      vertex 37.6657 -34.7739 -6
      vertex 37.4894 -34.4863 -6
    endloop
  endfacet
  facet normal 0 0 -1
    outer loop
      vertex 37.8735 35.4137 -6
      vertex 36.5445 5.78807 -6
      vertex 37.7948 35.0856 -6
    endloop
  endfacet
  facet normal 0 0 -1
    outer loop
      vertex 35.1891 -11.4336 -6
      vertex 37.4894 -34.4863 -6
      vertex 37.2703 -34.2297 -6
    endloop
  endfacet
  facet normal 0 0 -1
    outer loop
      vertex 37.7948 35.0856 -6
      vertex 36.5445 5.78807 -6
      vertex 37.6657 34.7739 -6
    endloop
  endfacet
  facet normal 0 0 -1
    outer loop
      vertex 32.9672 -16.7976 -6
      vertex 37.2703 -34.2297 -6
      vertex 37.0137 -34.0106 -6
    endloop
  endfacet
  facet normal 0 0 -1
    outer loop
      vertex 35.1891 11.4336 -6
      vertex 37.6657 34.7739 -6
      vertex 36.5445 5.78807 -6
    endloop
  endfacet
  facet normal 0 0 -1
    outer loop
      vertex 37.6657 34.7739 -6
      vertex 35.1891 11.4336 -6
      vertex 37.4894 34.4863 -6
    endloop
  endfacet
  facet normal 0 0 -1
    outer loop
      vertex 32.9672 -16.7976 -6
      vertex 37.0137 -34.0106 -6
      vertex 36.7261 -33.8343 -6
    endloop
  endfacet
  facet normal 0 0 -1
    outer loop
      vertex 37.8735 -35.4137 -6
      vertex 36.5445 -5.78807 -6
      vertex 37 0 -6
    endloop
  endfacet
  facet normal 0 0 -1
    outer loop
      vertex 32.9672 -16.7976 -6
      vertex 36.7261 -33.8343 -6
      vertex 36.4144 -33.7052 -6
    endloop
  endfacet
  facet normal 0 0 -1
    outer loop
      vertex 29.9336 -21.7481 -6
      vertex 36.4144 -33.7052 -6
      vertex 36.0863 -33.6265 -6
    endloop
  endfacet
  facet normal 0 0 -1
    outer loop
      vertex 29.9336 -21.7481 -6
      vertex 36.0863 -33.6265 -6
      vertex 35.75 -33.6 -6
    endloop
  endfacet
  facet normal 0 0 -1
    outer loop
      vertex 29.9336 -21.7481 -6
      vertex 35.75 -33.6 -6
      vertex 35.4137 -33.6265 -6
    endloop
  endfacet
  facet normal 0 0 -1
    outer loop
      vertex 37.6657 -34.7739 -6
      vertex 35.1891 -11.4336 -6
      vertex 36.5445 -5.78807 -6
    endloop
  endfacet
  facet normal 0 0 -1
    outer loop
      vertex 29.9336 -21.7481 -6
      vertex 35.4137 -33.6265 -6
      vertex 35.0856 -33.7052 -6
    endloop
  endfacet
  facet normal 0 0 -1
    outer loop
      vertex 29.9336 -21.7481 -6
      vertex 35.0856 -33.7052 -6
      vertex 34.7739 -33.8343 -6
    endloop
  endfacet
  facet normal 0 0 -1
    outer loop
      vertex 26.163 -26.163 -6
      vertex 34.7739 -33.8343 -6
      vertex 34.4863 -34.0106 -6
    endloop
  endfacet
  facet normal 0 0 -1
    outer loop
      vertex 26.163 -26.163 -6
      vertex 34.4863 -34.0106 -6
      vertex 34.2297 -34.2297 -6
    endloop
  endfacet
  facet normal 0 0 -1
    outer loop
      vertex 26.163 -26.163 -6
      vertex 34.2297 -34.2297 -6
      vertex 34.0106 -34.4863 -6
    endloop
  endfacet
  facet normal 0 0 -1
    outer loop
      vertex 26.163 -26.163 -6
      vertex 34.0106 -34.4863 -6
      vertex 33.8343 -34.7739 -6
    endloop
  endfacet
  facet normal 0 0 -1
    outer loop
      vertex 26.163 -26.163 -6
      vertex 33.8343 -34.7739 -6
      vertex 33.7052 -35.0856 -6
    endloop
  endfacet
  facet normal 0 0 -1
    outer loop
      vertex 21.7481 -29.9336 -6
      vertex 33.7052 -35.0856 -6
      vertex 33.6265 -35.4137 -6
    endloop
  endfacet
  facet normal 0 0 -1
    outer loop
      vertex 21.7481 -29.9336 -6
      vertex 33.6265 -35.4137 -6
      vertex 33.6 -35.75 -6
    endloop
  endfacet
  facet normal 0 0 -1
    outer loop
      vertex 37.2703 -34.2297 -6
      vertex 32.9672 -16.7976 -6
      vertex 35.1891 -11.4336 -6
    endloop
  endfacet
  facet normal 0 0 -1
    outer loop
      vertex 70.8 -94 -6
      vertex 72.8 -92 -6
      vertex 72.7754 -92.3129 -6
    endloop
  endfacet
  facet normal 0 0 -1
    outer loop
      vertex 37.8735 -35.4137 -6
      vertex 72.8 -92 -6
      vertex 37.9 -35.75 -6
    endloop
  endfacet
  facet normal 0 0 -1
    outer loop
      vertex 70.8 -94 -6
      vertex 72.7754 -92.3129 -6
      vertex 72.7021 -92.618 -6
    endloop
  endfacet
  facet normal 0 0 -1
    outer loop
      vertex 37 0 -6
      vertex 72.8 -92 -6
      vertex 37.8735 -35.4137 -6
    endloop
  endfacet
  facet normal 0 0 -1
    outer loop
      vertex 70.8 -94 -6
      vertex 72.7021 -92.618 -6
      vertex 72.582 -92.908 -6
    endloop
  endfacet
  facet normal 0 0 -1
    outer loop
      vertex 37.8735 36.0863 -6
      vertex 72.8 92 -6
      vertex 37.9 35.75 -6
    endloop
  endfacet
  facet normal 0 0 -1
    outer loop
      vertex 70.8 -94 -6
      vertex 72.582 -92.908 -6
      vertex 72.418 -93.1756 -6
    endloop
  endfacet
  facet normal 0 0 -1
    outer loop
      vertex 37.7948 36.4144 -6
      vertex 72.8 92 -6
      vertex 37.8735 36.0863 -6
    endloop
  endfacet
  facet normal 0 0 -1
    outer loop
      vertex 70.8 -94 -6
      vertex 72.418 -93.1756 -6
      vertex 72.2142 -93.4142 -6
    endloop
  endfacet
  facet normal 0 0 -1
    outer loop
      vertex 37.6657 36.7261 -6
      vertex 72.8 92 -6
      vertex 37.7948 36.4144 -6
    endloop
  endfacet
  facet normal 0 0 -1
    outer loop
      vertex 70.8 -94 -6
      vertex 72.2142 -93.4142 -6
      vertex 71.9756 -93.618 -6
    endloop
  endfacet
  facet normal 0 0 -1
    outer loop
      vertex 37.4894 37.0137 -6
      vertex 72.8 92 -6
      vertex 37.6657 36.7261 -6
    endloop
  endfacet
  facet normal 0 0 -1
    outer loop
      vertex 70.8 -94 -6
      vertex 71.9756 -93.618 -6
      vertex 71.708 -93.782 -6
    endloop
  endfacet
  facet normal 0 0 -1
    outer loop
      vertex 37.2703 37.2703 -6
      vertex 72.8 92 -6
      vertex 37.4894 37.0137 -6
    endloop
  endfacet
  facet normal 0 0 -1
    outer loop
      vertex 70.8 -94 -6
      vertex 71.708 -93.782 -6
      vertex 71.418 -93.9021 -6
    endloop
  endfacet
  facet normal 0 0 -1
    outer loop
      vertex 37.0137 37.4894 -6
      vertex 72.8 92 -6
      vertex 37.2703 37.2703 -6
    endloop
  endfacet
  facet normal 0 0 -1
    outer loop
      vertex 70.8 -94 -6
      vertex 71.418 -93.9021 -6
      vertex 71.1129 -93.9754 -6
    endloop
  endfacet
  facet normal 0 0 -1
    outer loop
      vertex 36.7261 37.6657 -6
      vertex 72.8 92 -6
      vertex 37.0137 37.4894 -6
    endloop
  endfacet
  facet normal 0 0 -1
    outer loop
      vertex 36.4144 -37.7948 -6
      vertex 72.8 -92 -6
      vertex 70.8 -94 -6
    endloop
  endfacet
  facet normal 0 0 -1
    outer loop
      vertex 36.4144 37.7948 -6
      vertex 72.8 92 -6
      vertex 36.7261 37.6657 -6
    endloop
  endfacet
  facet normal 0 0 -1
    outer loop
      vertex 72.8 92 -6
      vertex 70.8 94 -6
      vertex 72.7754 92.3129 -6
    endloop
  endfacet
  facet normal 0 0 -1
    outer loop
      vertex 72.8 -92 -6
      vertex 37.8735 -36.0863 -6
      vertex 37.9 -35.75 -6
    endloop
  endfacet
  facet normal 0 0 -1
    outer loop
      vertex 72.8 -92 -6
      vertex 37.7948 -36.4144 -6
      vertex 37.8735 -36.0863 -6
    endloop
  endfacet
  facet normal 0 0 -1
    outer loop
      vertex 72.8 -92 -6
      vertex 37.6657 -36.7261 -6
      vertex 37.7948 -36.4144 -6
    endloop
  endfacet
  facet normal 0 0 -1
    outer loop
      vertex 72.8 -92 -6
      vertex 37.4894 -37.0137 -6
      vertex 37.6657 -36.7261 -6
    endloop
  endfacet
  facet normal 0 0 -1
    outer loop
      vertex 72.8 -92 -6
      vertex 37.2703 -37.2703 -6
      vertex 37.4894 -37.0137 -6
    endloop
  endfacet
  facet normal 0 0 -1
    outer loop
      vertex 72.8 -92 -6
      vertex 37.0137 -37.4894 -6
      vertex 37.2703 -37.2703 -6
    endloop
  endfacet
  facet normal 0 0 -1
    outer loop
      vertex 72.8 -92 -6
      vertex 36.7261 -37.6657 -6
      vertex 37.0137 -37.4894 -6
    endloop
  endfacet
  facet normal 0 0 -1
    outer loop
      vertex 72.8 -92 -6
      vertex 36.4144 -37.7948 -6
      vertex 36.7261 -37.6657 -6
    endloop
  endfacet
  facet normal 0 0 -1
    outer loop
      vertex 70.8 -94 -6
      vertex 36.0863 -37.8735 -6
      vertex 36.4144 -37.7948 -6
    endloop
  endfacet
  facet normal 0 0 -1
    outer loop
      vertex 70.8 -94 -6
      vertex 35.75 -37.9 -6
      vertex 36.0863 -37.8735 -6
    endloop
  endfacet
  facet normal 0 0 -1
    outer loop
      vertex 70.8 -94 -6
      vertex 35.4137 -37.8735 -6
      vertex 35.75 -37.9 -6
    endloop
  endfacet
  facet normal 0 0 -1
    outer loop
      vertex 70.8 -94 -6
      vertex 35.0856 -37.7948 -6
      vertex 35.4137 -37.8735 -6
    endloop
  endfacet
  facet normal 0 0 -1
    outer loop
      vertex 5.78807 -36.5445 -6
      vertex 35.0856 -37.7948 -6
      vertex 70.8 -94 -6
    endloop
  endfacet
  facet normal 0 0 -1
    outer loop
      vertex 35.0856 -37.7948 -6
      vertex 5.78807 -36.5445 -6
      vertex 34.7739 -37.6657 -6
    endloop
  endfacet
  facet normal 0 -0 -1
    outer loop
      vertex 11.4336 -35.1891 -6
      vertex 34.7739 -37.6657 -6
      vertex 5.78807 -36.5445 -6
    endloop
  endfacet
  facet normal 0 0 -1
    outer loop
      vertex 34.7739 -37.6657 -6
      vertex 11.4336 -35.1891 -6
      vertex 34.4863 -37.4894 -6
    endloop
  endfacet
  facet normal 0 0 -1
    outer loop
      vertex 36.4144 -33.7052 -6
      vertex 29.9336 -21.7481 -6
      vertex 32.9672 -16.7976 -6
    endloop
  endfacet
  facet normal 0 0 -1
    outer loop
      vertex 21.7481 -29.9336 -6
      vertex 33.6 -35.75 -6
      vertex 33.6265 -36.0863 -6
    endloop
  endfacet
  facet normal 0 0 -1
    outer loop
      vertex 21.7481 -29.9336 -6
      vertex 33.6265 -36.0863 -6
      vertex 33.7052 -36.4144 -6
    endloop
  endfacet
  facet normal 0 0 -1
    outer loop
      vertex 34.7739 -33.8343 -6
      vertex 26.163 -26.163 -6
      vertex 29.9336 -21.7481 -6
    endloop
  endfacet
  facet normal 0 0 -1
    outer loop
      vertex 16.7976 -32.9672 -6
      vertex 33.7052 -36.4144 -6
      vertex 33.8343 -36.7261 -6
    endloop
  endfacet
  facet normal 0 0 -1
    outer loop
      vertex 16.7976 -32.9672 -6
      vertex 33.8343 -36.7261 -6
      vertex 34.0106 -37.0137 -6
    endloop
  endfacet
  facet normal 0 0 -1
    outer loop
      vertex 34.4863 -37.4894 -6
      vertex 11.4336 -35.1891 -6
      vertex 34.2297 -37.2703 -6
    endloop
  endfacet
  facet normal 0 0 -1
    outer loop
      vertex 33.7052 -35.0856 -6
      vertex 21.7481 -29.9336 -6
      vertex 26.163 -26.163 -6
    endloop
  endfacet
  facet normal 0 0 -1
    outer loop
      vertex 33.7052 -36.4144 -6
      vertex 16.7976 -32.9672 -6
      vertex 21.7481 -29.9336 -6
    endloop
  endfacet
  facet normal 0 0 -1
    outer loop
      vertex 34.2297 -37.2703 -6
      vertex 16.7976 -32.9672 -6
      vertex 34.0106 -37.0137 -6
    endloop
  endfacet
  facet normal 0 -0 -1
    outer loop
      vertex 16.7976 -32.9672 -6
      vertex 34.2297 -37.2703 -6
      vertex 11.4336 -35.1891 -6
    endloop
  endfacet
  facet normal 0 0 -1
    outer loop
      vertex 70.8 -94 -6
      vertex 0 -37 -6
      vertex 5.78807 -36.5445 -6
    endloop
  endfacet
  facet normal 0 0 -1
    outer loop
      vertex -70.8 -94 -6
      vertex 0 -37 -6
      vertex 70.8 -94 -6
    endloop
  endfacet
  facet normal -0 0 -1
    outer loop
      vertex 0 -37 -6
      vertex -70.8 -94 -6
      vertex -5.78807 -36.5445 -6
    endloop
  endfacet
  facet normal 0 -0 -1
    outer loop
      vertex -35.0856 -37.7948 -6
      vertex -5.78807 -36.5445 -6
      vertex -70.8 -94 -6
    endloop
  endfacet
  facet normal -0 0 -1
    outer loop
      vertex -5.78807 -36.5445 -6
      vertex -35.0856 -37.7948 -6
      vertex -11.4336 -35.1891 -6
    endloop
  endfacet
  facet normal -0 0 -1
    outer loop
      vertex -21.7481 -29.9336 -6
      vertex -33.7052 -35.0856 -6
      vertex -26.163 -26.163 -6
    endloop
  endfacet
  facet normal 0 0 -1
    outer loop
      vertex -33.7052 -35.0856 -6
      vertex -21.7481 -29.9336 -6
      vertex -33.6265 -35.4137 -6
    endloop
  endfacet
  facet normal 0 0 -1
    outer loop
      vertex -33.6265 -35.4137 -6
      vertex -21.7481 -29.9336 -6
      vertex -33.6 -35.75 -6
    endloop
  endfacet
  facet normal -0 0 -1
    outer loop
      vertex -11.4336 -35.1891 -6
      vertex -34.2297 -37.2703 -6
      vertex -16.7976 -32.9672 -6
    endloop
  endfacet
  facet normal 0 0 -1
    outer loop
      vertex -21.7481 -29.9336 -6
      vertex -33.6265 -36.0863 -6
      vertex -33.6 -35.75 -6
    endloop
  endfacet
  facet normal 0 0 -1
    outer loop
      vertex -21.7481 -29.9336 -6
      vertex -33.7052 -36.4144 -6
      vertex -33.6265 -36.0863 -6
    endloop
  endfacet
  facet normal -0 0 -1
    outer loop
      vertex -16.7976 -32.9672 -6
      vertex -33.7052 -36.4144 -6
      vertex -21.7481 -29.9336 -6
    endloop
  endfacet
  facet normal 0 -0 -1
    outer loop
      vertex -33.7052 -36.4144 -6
      vertex -16.7976 -32.9672 -6
      vertex -33.8343 -36.7261 -6
    endloop
  endfacet
  facet normal 0 -0 -1
    outer loop
      vertex -33.8343 -36.7261 -6
      vertex -16.7976 -32.9672 -6
      vertex -34.0106 -37.0137 -6
    endloop
  endfacet
  facet normal 0 -0 -1
    outer loop
      vertex -34.0106 -37.0137 -6
      vertex -16.7976 -32.9672 -6
      vertex -34.2297 -37.2703 -6
    endloop
  endfacet
  facet normal 0 -0 -1
    outer loop
      vertex -34.2297 -37.2703 -6
      vertex -11.4336 -35.1891 -6
      vertex -34.4863 -37.4894 -6
    endloop
  endfacet
  facet normal 0 -0 -1
    outer loop
      vertex -34.4863 -37.4894 -6
      vertex -11.4336 -35.1891 -6
      vertex -34.7739 -37.6657 -6
    endloop
  endfacet
  facet normal 0 0 -1
    outer loop
      vertex -11.4336 -35.1891 -6
      vertex -35.0856 -37.7948 -6
      vertex -34.7739 -37.6657 -6
    endloop
  endfacet
  facet normal 0 0 -1
    outer loop
      vertex -35.0856 -37.7948 -6
      vertex -70.8 -94 -6
      vertex -35.4137 -37.8735 -6
    endloop
  endfacet
  facet normal 0 0 -1
    outer loop
      vertex -35.4137 -37.8735 -6
      vertex -70.8 -94 -6
      vertex -35.75 -37.9 -6
    endloop
  endfacet
  facet normal -0 0 -1
    outer loop
      vertex -35.75 -37.9 -6
      vertex -70.8 -94 -6
      vertex -36.0863 -37.8735 -6
    endloop
  endfacet
  facet normal -0 0 -1
    outer loop
      vertex -36.0863 -37.8735 -6
      vertex -70.8 -94 -6
      vertex -36.4144 -37.7948 -6
    endloop
  endfacet
  facet normal -0 0 -1
    outer loop
      vertex -37.8735 -36.0863 -6
      vertex -72.8 -92 -6
      vertex -37.9 -35.75 -6
    endloop
  endfacet
  facet normal -0 0 -1
    outer loop
      vertex -37.7948 -36.4144 -6
      vertex -72.8 -92 -6
      vertex -37.8735 -36.0863 -6
    endloop
  endfacet
  facet normal -0 0 -1
    outer loop
      vertex -37.6657 -36.7261 -6
      vertex -72.8 -92 -6
      vertex -37.7948 -36.4144 -6
    endloop
  endfacet
  facet normal -0 0 -1
    outer loop
      vertex -37.4894 -37.0137 -6
      vertex -72.8 -92 -6
      vertex -37.6657 -36.7261 -6
    endloop
  endfacet
  facet normal -0 0 -1
    outer loop
      vertex -37.2703 -37.2703 -6
      vertex -72.8 -92 -6
      vertex -37.4894 -37.0137 -6
    endloop
  endfacet
  facet normal -0 0 -1
    outer loop
      vertex -37.0137 -37.4894 -6
      vertex -72.8 -92 -6
      vertex -37.2703 -37.2703 -6
    endloop
  endfacet
  facet normal -0 0 -1
    outer loop
      vertex -36.7261 -37.6657 -6
      vertex -72.8 -92 -6
      vertex -37.0137 -37.4894 -6
    endloop
  endfacet
  facet normal -0 0 -1
    outer loop
      vertex -36.4144 -37.7948 -6
      vertex -72.8 -92 -6
      vertex -36.7261 -37.6657 -6
    endloop
  endfacet
  facet normal 0 0 -1
    outer loop
      vertex -72.8 -92 -6
      vertex -36.4144 -37.7948 -6
      vertex -70.8 -94 -6
    endloop
  endfacet
  facet normal 0 0 -1
    outer loop
      vertex 72.7021 92.618 -6
      vertex 70.8 94 -6
      vertex 72.582 92.908 -6
    endloop
  endfacet
  facet normal 0 0 -1
    outer loop
      vertex 72.418 93.1756 -6
      vertex 70.8 94 -6
      vertex 72.2142 93.4142 -6
    endloop
  endfacet
  facet normal 0 0 -1
    outer loop
      vertex 72.2142 93.4142 -6
      vertex 70.8 94 -6
      vertex 71.9756 93.618 -6
    endloop
  endfacet
  facet normal 0 0 -1
    outer loop
      vertex 71.708 93.782 -6
      vertex 70.8 94 -6
      vertex 71.418 93.9021 -6
    endloop
  endfacet
  facet normal 0 0 -1
    outer loop
      vertex 71.418 93.9021 -6
      vertex 70.8 94 -6
      vertex 71.1129 93.9754 -6
    endloop
  endfacet
  facet normal 0 0 -1
    outer loop
      vertex 71.9756 93.618 -6
      vertex 70.8 94 -6
      vertex 71.708 93.782 -6
    endloop
  endfacet
  facet normal 0 0 -1
    outer loop
      vertex 72.582 92.908 -6
      vertex 70.8 94 -6
      vertex 72.418 93.1756 -6
    endloop
  endfacet
  facet normal 0 0 -1
    outer loop
      vertex 72.7754 92.3129 -6
      vertex 70.8 94 -6
      vertex 72.7021 92.618 -6
    endloop
  endfacet
  facet normal -0 0 -1
    outer loop
      vertex 72.8 92 -6
      vertex 36.4144 37.7948 -6
      vertex 70.8 94 -6
    endloop
  endfacet
  facet normal 0 0 -1
    outer loop
      vertex 36.0863 37.8735 -6
      vertex 70.8 94 -6
      vertex 36.4144 37.7948 -6
    endloop
  endfacet
  facet normal 0 0 -1
    outer loop
      vertex 35.75 37.9 -6
      vertex 70.8 94 -6
      vertex 36.0863 37.8735 -6
    endloop
  endfacet
  facet normal 0 0 -1
    outer loop
      vertex 35.4137 37.8735 -6
      vertex 70.8 94 -6
      vertex 35.75 37.9 -6
    endloop
  endfacet
  facet normal 0 0 -1
    outer loop
      vertex 35.0856 37.7948 -6
      vertex 70.8 94 -6
      vertex 35.4137 37.8735 -6
    endloop
  endfacet
  facet normal 0 0 -1
    outer loop
      vertex 5.78807 36.5445 -6
      vertex 35.0856 37.7948 -6
      vertex 34.7739 37.6657 -6
    endloop
  endfacet
  facet normal 0 0 -1
    outer loop
      vertex 11.4336 35.1891 -6
      vertex 34.7739 37.6657 -6
      vertex 34.4863 37.4894 -6
    endloop
  endfacet
  facet normal 0 0 -1
    outer loop
      vertex 11.4336 35.1891 -6
      vertex 34.4863 37.4894 -6
      vertex 34.2297 37.2703 -6
    endloop
  endfacet
  facet normal 0 0 -1
    outer loop
      vertex 16.7976 32.9672 -6
      vertex 34.2297 37.2703 -6
      vertex 34.0106 37.0137 -6
    endloop
  endfacet
  facet normal 0 0 -1
    outer loop
      vertex 21.7481 29.9336 -6
      vertex 33.7052 35.0856 -6
      vertex 26.163 26.163 -6
    endloop
  endfacet
  facet normal -0 0 -1
    outer loop
      vertex 33.7052 35.0856 -6
      vertex 21.7481 29.9336 -6
      vertex 33.6265 35.4137 -6
    endloop
  endfacet
  facet normal -0 0 -1
    outer loop
      vertex 33.6265 35.4137 -6
      vertex 21.7481 29.9336 -6
      vertex 33.6 35.75 -6
    endloop
  endfacet
  facet normal -0 0 -1
    outer loop
      vertex 33.6 35.75 -6
      vertex 21.7481 29.9336 -6
      vertex 33.6265 36.0863 -6
    endloop
  endfacet
  facet normal -0 0 -1
    outer loop
      vertex 33.6265 36.0863 -6
      vertex 21.7481 29.9336 -6
      vertex 33.7052 36.4144 -6
    endloop
  endfacet
  facet normal 0 0 -1
    outer loop
      vertex 16.7976 32.9672 -6
      vertex 33.7052 36.4144 -6
      vertex 21.7481 29.9336 -6
    endloop
  endfacet
  facet normal -0 0 -1
    outer loop
      vertex 33.7052 36.4144 -6
      vertex 16.7976 32.9672 -6
      vertex 33.8343 36.7261 -6
    endloop
  endfacet
  facet normal -0 0 -1
    outer loop
      vertex 33.8343 36.7261 -6
      vertex 16.7976 32.9672 -6
      vertex 34.0106 37.0137 -6
    endloop
  endfacet
  facet normal 0 0 -1
    outer loop
      vertex 34.2297 37.2703 -6
      vertex 16.7976 32.9672 -6
      vertex 11.4336 35.1891 -6
    endloop
  endfacet
  facet normal 0 0 -1
    outer loop
      vertex 34.7739 37.6657 -6
      vertex 11.4336 35.1891 -6
      vertex 5.78807 36.5445 -6
    endloop
  endfacet
  facet normal -0 0 -1
    outer loop
      vertex 35.0856 37.7948 -6
      vertex 5.78807 36.5445 -6
      vertex 70.8 94 -6
    endloop
  endfacet
  facet normal 0 0 -1
    outer loop
      vertex 0 37 -6
      vertex 70.8 94 -6
      vertex 5.78807 36.5445 -6
    endloop
  endfacet
  facet normal 0 0 -1
    outer loop
      vertex -70.8 94 -6
      vertex 0 37 -6
      vertex -5.78807 36.5445 -6
    endloop
  endfacet
  facet normal 0 0 -1
    outer loop
      vertex -35.0856 37.7948 -6
      vertex -5.78807 36.5445 -6
      vertex -11.4336 35.1891 -6
    endloop
  endfacet
  facet normal 0 0 -1
    outer loop
      vertex -34.2297 37.2703 -6
      vertex -11.4336 35.1891 -6
      vertex -16.7976 32.9672 -6
    endloop
  endfacet
  facet normal 0 0 -1
    outer loop
      vertex -33.7052 36.4144 -6
      vertex -16.7976 32.9672 -6
      vertex -21.7481 29.9336 -6
    endloop
  endfacet
  facet normal 0 0 -1
    outer loop
      vertex -36.4144 33.7052 -6
      vertex -29.9336 21.7481 -6
      vertex -32.9672 16.7976 -6
    endloop
  endfacet
  facet normal 0 0 -1
    outer loop
      vertex -33.6265 35.4137 -6
      vertex -26.163 26.163 -6
      vertex -29.9336 21.7481 -6
    endloop
  endfacet
  facet normal 0 0 -1
    outer loop
      vertex -33.6265 35.4137 -6
      vertex -21.7481 29.9336 -6
      vertex -26.163 26.163 -6
    endloop
  endfacet
  facet normal 0 0 -1
    outer loop
      vertex -33.6265 36.0863 -6
      vertex -21.7481 29.9336 -6
      vertex -33.6 35.75 -6
    endloop
  endfacet
  facet normal 0 0 -1
    outer loop
      vertex -33.7052 36.4144 -6
      vertex -21.7481 29.9336 -6
      vertex -33.6265 36.0863 -6
    endloop
  endfacet
  facet normal 0 0 -1
    outer loop
      vertex -16.7976 32.9672 -6
      vertex -33.7052 36.4144 -6
      vertex -33.8343 36.7261 -6
    endloop
  endfacet
  facet normal 0 0 -1
    outer loop
      vertex -16.7976 32.9672 -6
      vertex -33.8343 36.7261 -6
      vertex -34.0106 37.0137 -6
    endloop
  endfacet
  facet normal 0 0 -1
    outer loop
      vertex -16.7976 32.9672 -6
      vertex -34.0106 37.0137 -6
      vertex -34.2297 37.2703 -6
    endloop
  endfacet
  facet normal 0 0 -1
    outer loop
      vertex -11.4336 35.1891 -6
      vertex -34.2297 37.2703 -6
      vertex -34.4863 37.4894 -6
    endloop
  endfacet
  facet normal 0 0 -1
    outer loop
      vertex -11.4336 35.1891 -6
      vertex -34.4863 37.4894 -6
      vertex -34.7739 37.6657 -6
    endloop
  endfacet
  facet normal 0 0 -1
    outer loop
      vertex -35.0856 37.7948 -6
      vertex -11.4336 35.1891 -6
      vertex -34.7739 37.6657 -6
    endloop
  endfacet
  facet normal 0 0 -1
    outer loop
      vertex -5.78807 36.5445 -6
      vertex -35.0856 37.7948 -6
      vertex -70.8 94 -6
    endloop
  endfacet
  facet normal 0 0 -1
    outer loop
      vertex -70.8 94 -6
      vertex -35.0856 37.7948 -6
      vertex -35.4137 37.8735 -6
    endloop
  endfacet
  facet normal 0 0 -1
    outer loop
      vertex -70.8 94 -6
      vertex -35.4137 37.8735 -6
      vertex -35.75 37.9 -6
    endloop
  endfacet
  facet normal 0 0 -1
    outer loop
      vertex -70.8 94 -6
      vertex -35.75 37.9 -6
      vertex -36.0863 37.8735 -6
    endloop
  endfacet
  facet normal 0 0 -1
    outer loop
      vertex -70.8 94 -6
      vertex -36.0863 37.8735 -6
      vertex -36.4144 37.7948 -6
    endloop
  endfacet
  facet normal 0 0 -1
    outer loop
      vertex -72.8 92 -6
      vertex -36.4144 37.7948 -6
      vertex -36.7261 37.6657 -6
    endloop
  endfacet
  facet normal 0 0 -1
    outer loop
      vertex -36.5445 5.78807 -6
      vertex -37.8735 35.4137 -6
      vertex -37.7948 35.0856 -6
    endloop
  endfacet
  facet normal 0 0 -1
    outer loop
      vertex -37.8735 35.4137 -6
      vertex -72.8 92 -6
      vertex -37.9 35.75 -6
    endloop
  endfacet
  facet normal 0 0 -1
    outer loop
      vertex 0 37 -6
      vertex -70.8 94 -6
      vertex 70.8 94 -6
    endloop
  endfacet
  facet normal 0 0 -1
    outer loop
      vertex -72.8 92 -6
      vertex -36.7261 37.6657 -6
      vertex -37.0137 37.4894 -6
    endloop
  endfacet
  facet normal 0 0 -1
    outer loop
      vertex -72.8 92 -6
      vertex -37.0137 37.4894 -6
      vertex -37.2703 37.2703 -6
    endloop
  endfacet
  facet normal 0 0 -1
    outer loop
      vertex -72.8 92 -6
      vertex -37.2703 37.2703 -6
      vertex -37.4894 37.0137 -6
    endloop
  endfacet
  facet normal 0 0 -1
    outer loop
      vertex -72.8 92 -6
      vertex -37.4894 37.0137 -6
      vertex -37.6657 36.7261 -6
    endloop
  endfacet
  facet normal 0 0 -1
    outer loop
      vertex -72.8 92 -6
      vertex -37.6657 36.7261 -6
      vertex -37.7948 36.4144 -6
    endloop
  endfacet
  facet normal 0 0 -1
    outer loop
      vertex -37.9 35.75 -6
      vertex -72.8 92 -6
      vertex -37.8735 36.0863 -6
    endloop
  endfacet
  facet normal 0 0 -1
    outer loop
      vertex -72.8 -92 -6
      vertex -70.8 -94 -6
      vertex -71.1129 -93.9754 -6
    endloop
  endfacet
  facet normal 0 0 -1
    outer loop
      vertex -37.8735 36.0863 -6
      vertex -72.8 92 -6
      vertex -37.7948 36.4144 -6
    endloop
  endfacet
  facet normal 0 0 -1
    outer loop
      vertex -72.8 -92 -6
      vertex -71.1129 -93.9754 -6
      vertex -71.418 -93.9021 -6
    endloop
  endfacet
  facet normal 0 0 -1
    outer loop
      vertex -36.4144 37.7948 -6
      vertex -72.8 92 -6
      vertex -70.8 94 -6
    endloop
  endfacet
  facet normal 0 0 -1
    outer loop
      vertex -72.8 -92 -6
      vertex -71.418 -93.9021 -6
      vertex -71.708 -93.782 -6
    endloop
  endfacet
  facet normal 0 0 -1
    outer loop
      vertex -70.8 94 -6
      vertex -72.8 92 -6
      vertex -71.1129 93.9754 -6
    endloop
  endfacet
  facet normal 0 0 -1
    outer loop
      vertex -72.8 -92 -6
      vertex -71.708 -93.782 -6
      vertex -71.9756 -93.618 -6
    endloop
  endfacet
  facet normal 0 0 -1
    outer loop
      vertex -71.1129 93.9754 -6
      vertex -72.8 92 -6
      vertex -71.418 93.9021 -6
    endloop
  endfacet
  facet normal 0 0 -1
    outer loop
      vertex -72.8 -92 -6
      vertex -71.9756 -93.618 -6
      vertex -72.2142 -93.4142 -6
    endloop
  endfacet
  facet normal 0 0 -1
    outer loop
      vertex -71.418 93.9021 -6
      vertex -72.8 92 -6
      vertex -71.708 93.782 -6
    endloop
  endfacet
  facet normal 0 0 -1
    outer loop
      vertex -72.8 -92 -6
      vertex -72.2142 -93.4142 -6
      vertex -72.418 -93.1756 -6
    endloop
  endfacet
  facet normal 0 0 -1
    outer loop
      vertex -71.708 93.782 -6
      vertex -72.8 92 -6
      vertex -71.9756 93.618 -6
    endloop
  endfacet
  facet normal 0 0 -1
    outer loop
      vertex -72.8 -92 -6
      vertex -72.418 -93.1756 -6
      vertex -72.582 -92.908 -6
    endloop
  endfacet
  facet normal 0 0 -1
    outer loop
      vertex -71.9756 93.618 -6
      vertex -72.8 92 -6
      vertex -72.2142 93.4142 -6
    endloop
  endfacet
  facet normal 0 0 -1
    outer loop
      vertex -72.8 -92 -6
      vertex -72.582 -92.908 -6
      vertex -72.7021 -92.618 -6
    endloop
  endfacet
  facet normal 0 0 -1
    outer loop
      vertex -72.2142 93.4142 -6
      vertex -72.8 92 -6
      vertex -72.418 93.1756 -6
    endloop
  endfacet
  facet normal 0 0 -1
    outer loop
      vertex -72.8 -92 -6
      vertex -72.7021 -92.618 -6
      vertex -72.7754 -92.3129 -6
    endloop
  endfacet
  facet normal 0 0 -1
    outer loop
      vertex -72.418 93.1756 -6
      vertex -72.8 92 -6
      vertex -72.582 92.908 -6
    endloop
  endfacet
  facet normal 0 0 -1
    outer loop
      vertex -72.582 92.908 -6
      vertex -72.8 92 -6
      vertex -72.7021 92.618 -6
    endloop
  endfacet
  facet normal 0 0 -1
    outer loop
      vertex -72.7021 92.618 -6
      vertex -72.8 92 -6
      vertex -72.7754 92.3129 -6
    endloop
  endfacet
  facet normal 0 0 -1
    outer loop
      vertex 37.4894 34.4863 -6
      vertex 35.1891 11.4336 -6
      vertex 37.2703 34.2297 -6
    endloop
  endfacet
  facet normal 0 0 -1
    outer loop
      vertex 32.9672 16.7976 -6
      vertex 37.2703 34.2297 -6
      vertex 35.1891 11.4336 -6
    endloop
  endfacet
  facet normal 0 0 -1
    outer loop
      vertex 37.2703 34.2297 -6
      vertex 32.9672 16.7976 -6
      vertex 37.0137 34.0106 -6
    endloop
  endfacet
  facet normal 0 0 -1
    outer loop
      vertex 37.0137 34.0106 -6
      vertex 32.9672 16.7976 -6
      vertex 36.7261 33.8343 -6
    endloop
  endfacet
  facet normal 0 0 -1
    outer loop
      vertex 36.7261 33.8343 -6
      vertex 32.9672 16.7976 -6
      vertex 36.4144 33.7052 -6
    endloop
  endfacet
  facet normal 0 0 -1
    outer loop
      vertex 29.9336 21.7481 -6
      vertex 36.4144 33.7052 -6
      vertex 32.9672 16.7976 -6
    endloop
  endfacet
  facet normal 0 0 -1
    outer loop
      vertex 36.4144 33.7052 -6
      vertex 29.9336 21.7481 -6
      vertex 36.0863 33.6265 -6
    endloop
  endfacet
  facet normal 0 0 -1
    outer loop
      vertex 36.0863 33.6265 -6
      vertex 29.9336 21.7481 -6
      vertex 35.75 33.6 -6
    endloop
  endfacet
  facet normal -0 0 -1
    outer loop
      vertex 35.75 33.6 -6
      vertex 29.9336 21.7481 -6
      vertex 35.4137 33.6265 -6
    endloop
  endfacet
  facet normal -0 0 -1
    outer loop
      vertex 35.4137 33.6265 -6
      vertex 29.9336 21.7481 -6
      vertex 35.0856 33.7052 -6
    endloop
  endfacet
  facet normal -0 0 -1
    outer loop
      vertex 35.0856 33.7052 -6
      vertex 29.9336 21.7481 -6
      vertex 34.7739 33.8343 -6
    endloop
  endfacet
  facet normal 0 0 -1
    outer loop
      vertex 26.163 26.163 -6
      vertex 34.7739 33.8343 -6
      vertex 29.9336 21.7481 -6
    endloop
  endfacet
  facet normal -0 0 -1
    outer loop
      vertex 34.7739 33.8343 -6
      vertex 26.163 26.163 -6
      vertex 34.4863 34.0106 -6
    endloop
  endfacet
  facet normal -0 0 -1
    outer loop
      vertex 34.4863 34.0106 -6
      vertex 26.163 26.163 -6
      vertex 34.2297 34.2297 -6
    endloop
  endfacet
  facet normal -0 0 -1
    outer loop
      vertex 34.2297 34.2297 -6
      vertex 26.163 26.163 -6
      vertex 34.0106 34.4863 -6
    endloop
  endfacet
  facet normal -0 0 -1
    outer loop
      vertex 34.0106 34.4863 -6
      vertex 26.163 26.163 -6
      vertex 33.8343 34.7739 -6
    endloop
  endfacet
  facet normal -0 0 -1
    outer loop
      vertex 33.8343 34.7739 -6
      vertex 26.163 26.163 -6
      vertex 33.7052 35.0856 -6
    endloop
  endfacet
  facet normal 0.522532 -0.85262 0
    outer loop
      vertex 71.708 -93.782 -6
      vertex 71.9756 -93.618 0
      vertex 71.708 -93.782 0
    endloop
  endfacet
  facet normal 0.522532 -0.85262 0
    outer loop
      vertex 71.9756 -93.618 0
      vertex 71.708 -93.782 -6
      vertex 71.9756 -93.618 -6
    endloop
  endfacet
  facet normal 0.972417 0.23325 0
    outer loop
      vertex -37.7948 -36.4144 4
      vertex -37.8735 -36.0863 -6
      vertex -37.8735 -36.0863 4
    endloop
  endfacet
  facet normal 0.972417 0.23325 0
    outer loop
      vertex -37.8735 -36.0863 -6
      vertex -37.7948 -36.4144 4
      vertex -37.7948 -36.4144 -6
    endloop
  endfacet
  facet normal -0.972417 -0.23325 0
    outer loop
      vertex -33.6265 -35.4137 -6
      vertex -33.7052 -35.0856 4
      vertex -33.7052 -35.0856 -6
    endloop
  endfacet
  facet normal -0.972417 -0.23325 0
    outer loop
      vertex -33.7052 -35.0856 4
      vertex -33.6265 -35.4137 -6
      vertex -33.6265 -35.4137 4
    endloop
  endfacet
  facet normal -0.99691 -0.0785552 0
    outer loop
      vertex -33.6 -35.75 -6
      vertex -33.6265 -35.4137 4
      vertex -33.6265 -35.4137 -6
    endloop
  endfacet
  facet normal -0.99691 -0.0785552 0
    outer loop
      vertex -33.6265 -35.4137 4
      vertex -33.6 -35.75 -6
      vertex -33.6 -35.75 4
    endloop
  endfacet
  facet normal -0.92389 -0.382657 0
    outer loop
      vertex -33.7052 -35.0856 -6
      vertex -33.8343 -34.7739 4
      vertex -33.8343 -34.7739 -6
    endloop
  endfacet
  facet normal -0.92389 -0.382657 0
    outer loop
      vertex -33.8343 -34.7739 4
      vertex -33.7052 -35.0856 -6
      vertex -33.7052 -35.0856 4
    endloop
  endfacet
  facet normal -0.382657 0.92389 0
    outer loop
      vertex -34.7739 -37.6657 -6
      vertex -35.0856 -37.7948 4
      vertex -34.7739 -37.6657 4
    endloop
  endfacet
  facet normal -0.382657 0.92389 0
    outer loop
      vertex -35.0856 -37.7948 4
      vertex -34.7739 -37.6657 -6
      vertex -35.0856 -37.7948 -6
    endloop
  endfacet
  facet normal -0.852563 0.522625 0
    outer loop
      vertex -34.0106 -37.0137 -6
      vertex -33.8343 -36.7261 4
      vertex -33.8343 -36.7261 -6
    endloop
  endfacet
  facet normal -0.852563 0.522625 0
    outer loop
      vertex -33.8343 -36.7261 4
      vertex -34.0106 -37.0137 -6
      vertex -34.0106 -37.0137 4
    endloop
  endfacet
  facet normal 0.64935 -0.76049 0
    outer loop
      vertex -37.2703 -34.2297 -6
      vertex -37.0137 -34.0106 4
      vertex -37.2703 -34.2297 4
    endloop
  endfacet
  facet normal 0.64935 -0.76049 0
    outer loop
      vertex -37.0137 -34.0106 4
      vertex -37.2703 -34.2297 -6
      vertex -37.0137 -34.0106 -6
    endloop
  endfacet
  facet normal 0.382657 -0.92389 0
    outer loop
      vertex -36.7261 -33.8343 -6
      vertex -36.4144 -33.7052 4
      vertex -36.7261 -33.8343 4
    endloop
  endfacet
  facet normal 0.382657 -0.92389 0
    outer loop
      vertex -36.4144 -33.7052 4
      vertex -36.7261 -33.8343 -6
      vertex -36.4144 -33.7052 -6
    endloop
  endfacet
  facet normal -0.76049 0.64935 0
    outer loop
      vertex -34.2297 -37.2703 -6
      vertex -34.0106 -37.0137 4
      vertex -34.0106 -37.0137 -6
    endloop
  endfacet
  facet normal -0.76049 0.64935 0
    outer loop
      vertex -34.0106 -37.0137 4
      vertex -34.2297 -37.2703 -6
      vertex -34.2297 -37.2703 4
    endloop
  endfacet
  facet normal -0.99691 0.0785552 0
    outer loop
      vertex -33.6265 -36.0863 -6
      vertex -33.6 -35.75 4
      vertex -33.6 -35.75 -6
    endloop
  endfacet
  facet normal -0.99691 0.0785552 0
    outer loop
      vertex -33.6 -35.75 4
      vertex -33.6265 -36.0863 -6
      vertex -33.6265 -36.0863 4
    endloop
  endfacet
  facet normal -0.92389 0.382657 0
    outer loop
      vertex -33.8343 -36.7261 -6
      vertex -33.7052 -36.4144 4
      vertex -33.7052 -36.4144 -6
    endloop
  endfacet
  facet normal -0.92389 0.382657 0
    outer loop
      vertex -33.7052 -36.4144 4
      vertex -33.8343 -36.7261 -6
      vertex -33.8343 -36.7261 4
    endloop
  endfacet
  facet normal 0.92389 0.382657 0
    outer loop
      vertex -37.6657 -36.7261 4
      vertex -37.7948 -36.4144 -6
      vertex -37.7948 -36.4144 4
    endloop
  endfacet
  facet normal 0.92389 0.382657 0
    outer loop
      vertex -37.7948 -36.4144 -6
      vertex -37.6657 -36.7261 4
      vertex -37.6657 -36.7261 -6
    endloop
  endfacet
  facet normal 0.99691 -0.0785552 0
    outer loop
      vertex -37.9 -35.75 4
      vertex -37.8735 -35.4137 -6
      vertex -37.8735 -35.4137 4
    endloop
  endfacet
  facet normal 0.99691 -0.0785552 0
    outer loop
      vertex -37.8735 -35.4137 -6
      vertex -37.9 -35.75 4
      vertex -37.9 -35.75 -6
    endloop
  endfacet
  facet normal 0.972417 -0.23325 0
    outer loop
      vertex -37.8735 -35.4137 4
      vertex -37.7948 -35.0856 -6
      vertex -37.7948 -35.0856 4
    endloop
  endfacet
  facet normal 0.972417 -0.23325 0
    outer loop
      vertex -37.7948 -35.0856 -6
      vertex -37.8735 -35.4137 4
      vertex -37.8735 -35.4137 -6
    endloop
  endfacet
  facet normal -0.23325 -0.972417 0
    outer loop
      vertex -35.4137 -33.6265 -6
      vertex -35.0856 -33.7052 4
      vertex -35.4137 -33.6265 4
    endloop
  endfacet
  facet normal -0.23325 -0.972417 -0
    outer loop
      vertex -35.0856 -33.7052 4
      vertex -35.4137 -33.6265 -6
      vertex -35.0856 -33.7052 -6
    endloop
  endfacet
  facet normal 0.0785552 -0.99691 0
    outer loop
      vertex -36.0863 -33.6265 -6
      vertex -35.75 -33.6 4
      vertex -36.0863 -33.6265 4
    endloop
  endfacet
  facet normal 0.0785552 -0.99691 0
    outer loop
      vertex -35.75 -33.6 4
      vertex -36.0863 -33.6265 -6
      vertex -35.75 -33.6 -6
    endloop
  endfacet
  facet normal 0.76049 0.64935 0
    outer loop
      vertex -37.2703 -37.2703 4
      vertex -37.4894 -37.0137 -6
      vertex -37.4894 -37.0137 4
    endloop
  endfacet
  facet normal 0.76049 0.64935 0
    outer loop
      vertex -37.4894 -37.0137 -6
      vertex -37.2703 -37.2703 4
      vertex -37.2703 -37.2703 -6
    endloop
  endfacet
  facet normal 0.23325 0.972417 -0
    outer loop
      vertex -36.0863 -37.8735 -6
      vertex -36.4144 -37.7948 4
      vertex -36.0863 -37.8735 4
    endloop
  endfacet
  facet normal 0.23325 0.972417 0
    outer loop
      vertex -36.4144 -37.7948 4
      vertex -36.0863 -37.8735 -6
      vertex -36.4144 -37.7948 -6
    endloop
  endfacet
  facet normal 0.64935 0.76049 -0
    outer loop
      vertex -37.0137 -37.4894 -6
      vertex -37.2703 -37.2703 4
      vertex -37.0137 -37.4894 4
    endloop
  endfacet
  facet normal 0.64935 0.76049 0
    outer loop
      vertex -37.2703 -37.2703 4
      vertex -37.0137 -37.4894 -6
      vertex -37.2703 -37.2703 -6
    endloop
  endfacet
  facet normal -0.852563 -0.522625 0
    outer loop
      vertex -33.8343 -34.7739 -6
      vertex -34.0106 -34.4863 4
      vertex -34.0106 -34.4863 -6
    endloop
  endfacet
  facet normal -0.852563 -0.522625 0
    outer loop
      vertex -34.0106 -34.4863 4
      vertex -33.8343 -34.7739 -6
      vertex -33.8343 -34.7739 4
    endloop
  endfacet
  facet normal 0.92389 -0.382657 0
    outer loop
      vertex -37.7948 -35.0856 4
      vertex -37.6657 -34.7739 -6
      vertex -37.6657 -34.7739 4
    endloop
  endfacet
  facet normal 0.92389 -0.382657 0
    outer loop
      vertex -37.6657 -34.7739 -6
      vertex -37.7948 -35.0856 4
      vertex -37.7948 -35.0856 -6
    endloop
  endfacet
  facet normal 0.522625 -0.852563 0
    outer loop
      vertex -37.0137 -34.0106 -6
      vertex -36.7261 -33.8343 4
      vertex -37.0137 -34.0106 4
    endloop
  endfacet
  facet normal 0.522625 -0.852563 0
    outer loop
      vertex -36.7261 -33.8343 4
      vertex -37.0137 -34.0106 -6
      vertex -36.7261 -33.8343 -6
    endloop
  endfacet
  facet normal 0.0785552 0.99691 -0
    outer loop
      vertex -35.75 -37.9 -6
      vertex -36.0863 -37.8735 4
      vertex -35.75 -37.9 4
    endloop
  endfacet
  facet normal 0.0785552 0.99691 0
    outer loop
      vertex -36.0863 -37.8735 4
      vertex -35.75 -37.9 -6
      vertex -36.0863 -37.8735 -6
    endloop
  endfacet
  facet normal -0.522625 -0.852563 0
    outer loop
      vertex -34.7739 -33.8343 -6
      vertex -34.4863 -34.0106 4
      vertex -34.7739 -33.8343 4
    endloop
  endfacet
  facet normal -0.522625 -0.852563 -0
    outer loop
      vertex -34.4863 -34.0106 4
      vertex -34.7739 -33.8343 -6
      vertex -34.4863 -34.0106 -6
    endloop
  endfacet
  facet normal -0.522625 0.852563 0
    outer loop
      vertex -34.4863 -37.4894 -6
      vertex -34.7739 -37.6657 4
      vertex -34.4863 -37.4894 4
    endloop
  endfacet
  facet normal -0.522625 0.852563 0
    outer loop
      vertex -34.7739 -37.6657 4
      vertex -34.4863 -37.4894 -6
      vertex -34.7739 -37.6657 -6
    endloop
  endfacet
  facet normal 0.76049 -0.64935 0
    outer loop
      vertex -37.4894 -34.4863 4
      vertex -37.2703 -34.2297 -6
      vertex -37.2703 -34.2297 4
    endloop
  endfacet
  facet normal 0.76049 -0.64935 0
    outer loop
      vertex -37.2703 -34.2297 -6
      vertex -37.4894 -34.4863 4
      vertex -37.4894 -34.4863 -6
    endloop
  endfacet
  facet normal 0.23325 -0.972417 0
    outer loop
      vertex -36.4144 -33.7052 -6
      vertex -36.0863 -33.6265 4
      vertex -36.4144 -33.7052 4
    endloop
  endfacet
  facet normal 0.23325 -0.972417 0
    outer loop
      vertex -36.0863 -33.6265 4
      vertex -36.4144 -33.7052 -6
      vertex -36.0863 -33.6265 -6
    endloop
  endfacet
  facet normal 0.522625 0.852563 -0
    outer loop
      vertex -36.7261 -37.6657 -6
      vertex -37.0137 -37.4894 4
      vertex -36.7261 -37.6657 4
    endloop
  endfacet
  facet normal 0.522625 0.852563 0
    outer loop
      vertex -37.0137 -37.4894 4
      vertex -36.7261 -37.6657 -6
      vertex -37.0137 -37.4894 -6
    endloop
  endfacet
  facet normal -0.76049 -0.64935 0
    outer loop
      vertex -34.0106 -34.4863 -6
      vertex -34.2297 -34.2297 4
      vertex -34.2297 -34.2297 -6
    endloop
  endfacet
  facet normal -0.76049 -0.64935 0
    outer loop
      vertex -34.2297 -34.2297 4
      vertex -34.0106 -34.4863 -6
      vertex -34.0106 -34.4863 4
    endloop
  endfacet
  facet normal -0.64935 -0.76049 0
    outer loop
      vertex -34.4863 -34.0106 -6
      vertex -34.2297 -34.2297 4
      vertex -34.4863 -34.0106 4
    endloop
  endfacet
  facet normal -0.64935 -0.76049 -0
    outer loop
      vertex -34.2297 -34.2297 4
      vertex -34.4863 -34.0106 -6
      vertex -34.2297 -34.2297 -6
    endloop
  endfacet
  facet normal -0.0785552 0.99691 0
    outer loop
      vertex -35.4137 -37.8735 -6
      vertex -35.75 -37.9 4
      vertex -35.4137 -37.8735 4
    endloop
  endfacet
  facet normal -0.0785552 0.99691 0
    outer loop
      vertex -35.75 -37.9 4
      vertex -35.4137 -37.8735 -6
      vertex -35.75 -37.9 -6
    endloop
  endfacet
  facet normal 0.852563 0.522625 0
    outer loop
      vertex -37.4894 -37.0137 4
      vertex -37.6657 -36.7261 -6
      vertex -37.6657 -36.7261 4
    endloop
  endfacet
  facet normal 0.852563 0.522625 0
    outer loop
      vertex -37.6657 -36.7261 -6
      vertex -37.4894 -37.0137 4
      vertex -37.4894 -37.0137 -6
    endloop
  endfacet
  facet normal -0.23325 0.972417 0
    outer loop
      vertex -35.0856 -37.7948 -6
      vertex -35.4137 -37.8735 4
      vertex -35.0856 -37.7948 4
    endloop
  endfacet
  facet normal -0.23325 0.972417 0
    outer loop
      vertex -35.4137 -37.8735 4
      vertex -35.0856 -37.7948 -6
      vertex -35.4137 -37.8735 -6
    endloop
  endfacet
  facet normal -0.64935 0.76049 0
    outer loop
      vertex -34.2297 -37.2703 -6
      vertex -34.4863 -37.4894 4
      vertex -34.2297 -37.2703 4
    endloop
  endfacet
  facet normal -0.64935 0.76049 0
    outer loop
      vertex -34.4863 -37.4894 4
      vertex -34.2297 -37.2703 -6
      vertex -34.4863 -37.4894 -6
    endloop
  endfacet
  facet normal 0.99691 0.0785552 0
    outer loop
      vertex -37.8735 -36.0863 4
      vertex -37.9 -35.75 -6
      vertex -37.9 -35.75 4
    endloop
  endfacet
  facet normal 0.99691 0.0785552 0
    outer loop
      vertex -37.9 -35.75 -6
      vertex -37.8735 -36.0863 4
      vertex -37.8735 -36.0863 -6
    endloop
  endfacet
  facet normal -0.972417 0.23325 0
    outer loop
      vertex -33.7052 -36.4144 -6
      vertex -33.6265 -36.0863 4
      vertex -33.6265 -36.0863 -6
    endloop
  endfacet
  facet normal -0.972417 0.23325 0
    outer loop
      vertex -33.6265 -36.0863 4
      vertex -33.7052 -36.4144 -6
      vertex -33.7052 -36.4144 4
    endloop
  endfacet
  facet normal -0.382657 -0.92389 0
    outer loop
      vertex -35.0856 -33.7052 -6
      vertex -34.7739 -33.8343 4
      vertex -35.0856 -33.7052 4
    endloop
  endfacet
  facet normal -0.382657 -0.92389 -0
    outer loop
      vertex -34.7739 -33.8343 4
      vertex -35.0856 -33.7052 -6
      vertex -34.7739 -33.8343 -6
    endloop
  endfacet
  facet normal 0.382657 0.92389 -0
    outer loop
      vertex -36.4144 -37.7948 -6
      vertex -36.7261 -37.6657 4
      vertex -36.4144 -37.7948 4
    endloop
  endfacet
  facet normal 0.382657 0.92389 0
    outer loop
      vertex -36.7261 -37.6657 4
      vertex -36.4144 -37.7948 -6
      vertex -36.7261 -37.6657 -6
    endloop
  endfacet
  facet normal -0.0785552 -0.99691 0
    outer loop
      vertex -35.75 -33.6 -6
      vertex -35.4137 -33.6265 4
      vertex -35.75 -33.6 4
    endloop
  endfacet
  facet normal -0.0785552 -0.99691 -0
    outer loop
      vertex -35.4137 -33.6265 4
      vertex -35.75 -33.6 -6
      vertex -35.4137 -33.6265 -6
    endloop
  endfacet
  facet normal 0.852563 -0.522625 0
    outer loop
      vertex -37.6657 -34.7739 4
      vertex -37.4894 -34.4863 -6
      vertex -37.4894 -34.4863 4
    endloop
  endfacet
  facet normal 0.852563 -0.522625 0
    outer loop
      vertex -37.4894 -34.4863 -6
      vertex -37.6657 -34.7739 4
      vertex -37.6657 -34.7739 -6
    endloop
  endfacet
  facet normal -0.382657 0.92389 0
    outer loop
      vertex -34.7739 33.8343 -6
      vertex -35.0856 33.7052 4
      vertex -34.7739 33.8343 4
    endloop
  endfacet
  facet normal -0.382657 0.92389 0
    outer loop
      vertex -35.0856 33.7052 4
      vertex -34.7739 33.8343 -6
      vertex -35.0856 33.7052 -6
    endloop
  endfacet
  facet normal -0.972417 -0.23325 0
    outer loop
      vertex -33.6265 36.0863 -6
      vertex -33.7052 36.4144 4
      vertex -33.7052 36.4144 -6
    endloop
  endfacet
  facet normal -0.972417 -0.23325 0
    outer loop
      vertex -33.7052 36.4144 4
      vertex -33.6265 36.0863 -6
      vertex -33.6265 36.0863 4
    endloop
  endfacet
  facet normal -0.99691 -0.0785552 0
    outer loop
      vertex -33.6 35.75 -6
      vertex -33.6265 36.0863 4
      vertex -33.6265 36.0863 -6
    endloop
  endfacet
  facet normal -0.99691 -0.0785552 0
    outer loop
      vertex -33.6265 36.0863 4
      vertex -33.6 35.75 -6
      vertex -33.6 35.75 4
    endloop
  endfacet
  facet normal -0.92389 -0.382657 0
    outer loop
      vertex -33.7052 36.4144 -6
      vertex -33.8343 36.7261 4
      vertex -33.8343 36.7261 -6
    endloop
  endfacet
  facet normal -0.92389 -0.382657 0
    outer loop
      vertex -33.8343 36.7261 4
      vertex -33.7052 36.4144 -6
      vertex -33.7052 36.4144 4
    endloop
  endfacet
  facet normal 0.852563 0.522625 0
    outer loop
      vertex -37.4894 34.4863 4
      vertex -37.6657 34.7739 -6
      vertex -37.6657 34.7739 4
    endloop
  endfacet
  facet normal 0.852563 0.522625 0
    outer loop
      vertex -37.6657 34.7739 -6
      vertex -37.4894 34.4863 4
      vertex -37.4894 34.4863 -6
    endloop
  endfacet
  facet normal -0.0785552 -0.99691 0
    outer loop
      vertex -35.75 37.9 -6
      vertex -35.4137 37.8735 4
      vertex -35.75 37.9 4
    endloop
  endfacet
  facet normal -0.0785552 -0.99691 -0
    outer loop
      vertex -35.4137 37.8735 4
      vertex -35.75 37.9 -6
      vertex -35.4137 37.8735 -6
    endloop
  endfacet
  facet normal -0.23325 -0.972417 0
    outer loop
      vertex -35.4137 37.8735 -6
      vertex -35.0856 37.7948 4
      vertex -35.4137 37.8735 4
    endloop
  endfacet
  facet normal -0.23325 -0.972417 -0
    outer loop
      vertex -35.0856 37.7948 4
      vertex -35.4137 37.8735 -6
      vertex -35.0856 37.7948 -6
    endloop
  endfacet
  facet normal 0.0785552 0.99691 -0
    outer loop
      vertex -35.75 33.6 -6
      vertex -36.0863 33.6265 4
      vertex -35.75 33.6 4
    endloop
  endfacet
  facet normal 0.0785552 0.99691 0
    outer loop
      vertex -36.0863 33.6265 4
      vertex -35.75 33.6 -6
      vertex -36.0863 33.6265 -6
    endloop
  endfacet
  facet normal -0.92389 0.382657 0
    outer loop
      vertex -33.8343 34.7739 -6
      vertex -33.7052 35.0856 4
      vertex -33.7052 35.0856 -6
    endloop
  endfacet
  facet normal -0.92389 0.382657 0
    outer loop
      vertex -33.7052 35.0856 4
      vertex -33.8343 34.7739 -6
      vertex -33.8343 34.7739 4
    endloop
  endfacet
  facet normal -0.382657 -0.92389 0
    outer loop
      vertex -35.0856 37.7948 -6
      vertex -34.7739 37.6657 4
      vertex -35.0856 37.7948 4
    endloop
  endfacet
  facet normal -0.382657 -0.92389 -0
    outer loop
      vertex -34.7739 37.6657 4
      vertex -35.0856 37.7948 -6
      vertex -34.7739 37.6657 -6
    endloop
  endfacet
  facet normal -0.852563 0.522625 0
    outer loop
      vertex -34.0106 34.4863 -6
      vertex -33.8343 34.7739 4
      vertex -33.8343 34.7739 -6
    endloop
  endfacet
  facet normal -0.852563 0.522625 0
    outer loop
      vertex -33.8343 34.7739 4
      vertex -34.0106 34.4863 -6
      vertex -34.0106 34.4863 4
    endloop
  endfacet
  facet normal -0.852563 -0.522625 0
    outer loop
      vertex -33.8343 36.7261 -6
      vertex -34.0106 37.0137 4
      vertex -34.0106 37.0137 -6
    endloop
  endfacet
  facet normal -0.852563 -0.522625 0
    outer loop
      vertex -34.0106 37.0137 4
      vertex -33.8343 36.7261 -6
      vertex -33.8343 36.7261 4
    endloop
  endfacet
  facet normal 0.382657 0.92389 -0
    outer loop
      vertex -36.4144 33.7052 -6
      vertex -36.7261 33.8343 4
      vertex -36.4144 33.7052 4
    endloop
  endfacet
  facet normal 0.382657 0.92389 0
    outer loop
      vertex -36.7261 33.8343 4
      vertex -36.4144 33.7052 -6
      vertex -36.7261 33.8343 -6
    endloop
  endfacet
  facet normal 0.23325 0.972417 -0
    outer loop
      vertex -36.0863 33.6265 -6
      vertex -36.4144 33.7052 4
      vertex -36.0863 33.6265 4
    endloop
  endfacet
  facet normal 0.23325 0.972417 0
    outer loop
      vertex -36.4144 33.7052 4
      vertex -36.0863 33.6265 -6
      vertex -36.4144 33.7052 -6
    endloop
  endfacet
  facet normal -0.99691 0.0785552 0
    outer loop
      vertex -33.6265 35.4137 -6
      vertex -33.6 35.75 4
      vertex -33.6 35.75 -6
    endloop
  endfacet
  facet normal -0.99691 0.0785552 0
    outer loop
      vertex -33.6 35.75 4
      vertex -33.6265 35.4137 -6
      vertex -33.6265 35.4137 4
    endloop
  endfacet
  facet normal 0.522625 -0.852563 0
    outer loop
      vertex -37.0137 37.4894 -6
      vertex -36.7261 37.6657 4
      vertex -37.0137 37.4894 4
    endloop
  endfacet
  facet normal 0.522625 -0.852563 0
    outer loop
      vertex -36.7261 37.6657 4
      vertex -37.0137 37.4894 -6
      vertex -36.7261 37.6657 -6
    endloop
  endfacet
  facet normal 0.76049 0.64935 0
    outer loop
      vertex -37.2703 34.2297 4
      vertex -37.4894 34.4863 -6
      vertex -37.4894 34.4863 4
    endloop
  endfacet
  facet normal 0.76049 0.64935 0
    outer loop
      vertex -37.4894 34.4863 -6
      vertex -37.2703 34.2297 4
      vertex -37.2703 34.2297 -6
    endloop
  endfacet
  facet normal 0.76049 -0.64935 0
    outer loop
      vertex -37.4894 37.0137 4
      vertex -37.2703 37.2703 -6
      vertex -37.2703 37.2703 4
    endloop
  endfacet
  facet normal 0.76049 -0.64935 0
    outer loop
      vertex -37.2703 37.2703 -6
      vertex -37.4894 37.0137 4
      vertex -37.4894 37.0137 -6
    endloop
  endfacet
  facet normal 0.972417 -0.23325 0
    outer loop
      vertex -37.8735 36.0863 4
      vertex -37.7948 36.4144 -6
      vertex -37.7948 36.4144 4
    endloop
  endfacet
  facet normal 0.972417 -0.23325 0
    outer loop
      vertex -37.7948 36.4144 -6
      vertex -37.8735 36.0863 4
      vertex -37.8735 36.0863 -6
    endloop
  endfacet
  facet normal -0.23325 0.972417 0
    outer loop
      vertex -35.0856 33.7052 -6
      vertex -35.4137 33.6265 4
      vertex -35.0856 33.7052 4
    endloop
  endfacet
  facet normal -0.23325 0.972417 0
    outer loop
      vertex -35.4137 33.6265 4
      vertex -35.0856 33.7052 -6
      vertex -35.4137 33.6265 -6
    endloop
  endfacet
  facet normal -0.64935 0.76049 0
    outer loop
      vertex -34.2297 34.2297 -6
      vertex -34.4863 34.0106 4
      vertex -34.2297 34.2297 4
    endloop
  endfacet
  facet normal -0.64935 0.76049 0
    outer loop
      vertex -34.4863 34.0106 4
      vertex -34.2297 34.2297 -6
      vertex -34.4863 34.0106 -6
    endloop
  endfacet
  facet normal -0.64935 -0.76049 0
    outer loop
      vertex -34.4863 37.4894 -6
      vertex -34.2297 37.2703 4
      vertex -34.4863 37.4894 4
    endloop
  endfacet
  facet normal -0.64935 -0.76049 -0
    outer loop
      vertex -34.2297 37.2703 4
      vertex -34.4863 37.4894 -6
      vertex -34.2297 37.2703 -6
    endloop
  endfacet
  facet normal -0.76049 0.64935 0
    outer loop
      vertex -34.2297 34.2297 -6
      vertex -34.0106 34.4863 4
      vertex -34.0106 34.4863 -6
    endloop
  endfacet
  facet normal -0.76049 0.64935 0
    outer loop
      vertex -34.0106 34.4863 4
      vertex -34.2297 34.2297 -6
      vertex -34.2297 34.2297 4
    endloop
  endfacet
  facet normal 0.92389 0.382657 0
    outer loop
      vertex -37.6657 34.7739 4
      vertex -37.7948 35.0856 -6
      vertex -37.7948 35.0856 4
    endloop
  endfacet
  facet normal 0.92389 0.382657 0
    outer loop
      vertex -37.7948 35.0856 -6
      vertex -37.6657 34.7739 4
      vertex -37.6657 34.7739 -6
    endloop
  endfacet
  facet normal 0.99691 -0.0785552 0
    outer loop
      vertex -37.9 35.75 4
      vertex -37.8735 36.0863 -6
      vertex -37.8735 36.0863 4
    endloop
  endfacet
  facet normal 0.99691 -0.0785552 0
    outer loop
      vertex -37.8735 36.0863 -6
      vertex -37.9 35.75 4
      vertex -37.9 35.75 -6
    endloop
  endfacet
  facet normal -0.522625 -0.852563 0
    outer loop
      vertex -34.7739 37.6657 -6
      vertex -34.4863 37.4894 4
      vertex -34.7739 37.6657 4
    endloop
  endfacet
  facet normal -0.522625 -0.852563 -0
    outer loop
      vertex -34.4863 37.4894 4
      vertex -34.7739 37.6657 -6
      vertex -34.4863 37.4894 -6
    endloop
  endfacet
  facet normal -0.972417 0.23325 0
    outer loop
      vertex -33.7052 35.0856 -6
      vertex -33.6265 35.4137 4
      vertex -33.6265 35.4137 -6
    endloop
  endfacet
  facet normal -0.972417 0.23325 0
    outer loop
      vertex -33.6265 35.4137 4
      vertex -33.7052 35.0856 -6
      vertex -33.7052 35.0856 4
    endloop
  endfacet
  facet normal 0.382657 -0.92389 0
    outer loop
      vertex -36.7261 37.6657 -6
      vertex -36.4144 37.7948 4
      vertex -36.7261 37.6657 4
    endloop
  endfacet
  facet normal 0.382657 -0.92389 0
    outer loop
      vertex -36.4144 37.7948 4
      vertex -36.7261 37.6657 -6
      vertex -36.4144 37.7948 -6
    endloop
  endfacet
  facet normal 0.64935 0.76049 -0
    outer loop
      vertex -37.0137 34.0106 -6
      vertex -37.2703 34.2297 4
      vertex -37.0137 34.0106 4
    endloop
  endfacet
  facet normal 0.64935 0.76049 0
    outer loop
      vertex -37.2703 34.2297 4
      vertex -37.0137 34.0106 -6
      vertex -37.2703 34.2297 -6
    endloop
  endfacet
  facet normal 0.23325 -0.972417 0
    outer loop
      vertex -36.4144 37.7948 -6
      vertex -36.0863 37.8735 4
      vertex -36.4144 37.7948 4
    endloop
  endfacet
  facet normal 0.23325 -0.972417 0
    outer loop
      vertex -36.0863 37.8735 4
      vertex -36.4144 37.7948 -6
      vertex -36.0863 37.8735 -6
    endloop
  endfacet
  facet normal 0.972417 0.23325 0
    outer loop
      vertex -37.7948 35.0856 4
      vertex -37.8735 35.4137 -6
      vertex -37.8735 35.4137 4
    endloop
  endfacet
  facet normal 0.972417 0.23325 0
    outer loop
      vertex -37.8735 35.4137 -6
      vertex -37.7948 35.0856 4
      vertex -37.7948 35.0856 -6
    endloop
  endfacet
  facet normal -0.0785552 0.99691 0
    outer loop
      vertex -35.4137 33.6265 -6
      vertex -35.75 33.6 4
      vertex -35.4137 33.6265 4
    endloop
  endfacet
  facet normal -0.0785552 0.99691 0
    outer loop
      vertex -35.75 33.6 4
      vertex -35.4137 33.6265 -6
      vertex -35.75 33.6 -6
    endloop
  endfacet
  facet normal 0.0785552 -0.99691 0
    outer loop
      vertex -36.0863 37.8735 -6
      vertex -35.75 37.9 4
      vertex -36.0863 37.8735 4
    endloop
  endfacet
  facet normal 0.0785552 -0.99691 0
    outer loop
      vertex -35.75 37.9 4
      vertex -36.0863 37.8735 -6
      vertex -35.75 37.9 -6
    endloop
  endfacet
  facet normal 0.99691 0.0785552 0
    outer loop
      vertex -37.8735 35.4137 4
      vertex -37.9 35.75 -6
      vertex -37.9 35.75 4
    endloop
  endfacet
  facet normal 0.99691 0.0785552 0
    outer loop
      vertex -37.9 35.75 -6
      vertex -37.8735 35.4137 4
      vertex -37.8735 35.4137 -6
    endloop
  endfacet
  facet normal -0.76049 -0.64935 0
    outer loop
      vertex -34.0106 37.0137 -6
      vertex -34.2297 37.2703 4
      vertex -34.2297 37.2703 -6
    endloop
  endfacet
  facet normal -0.76049 -0.64935 0
    outer loop
      vertex -34.2297 37.2703 4
      vertex -34.0106 37.0137 -6
      vertex -34.0106 37.0137 4
    endloop
  endfacet
  facet normal 0.522625 0.852563 -0
    outer loop
      vertex -36.7261 33.8343 -6
      vertex -37.0137 34.0106 4
      vertex -36.7261 33.8343 4
    endloop
  endfacet
  facet normal 0.522625 0.852563 0
    outer loop
      vertex -37.0137 34.0106 4
      vertex -36.7261 33.8343 -6
      vertex -37.0137 34.0106 -6
    endloop
  endfacet
  facet normal -0.522625 0.852563 0
    outer loop
      vertex -34.4863 34.0106 -6
      vertex -34.7739 33.8343 4
      vertex -34.4863 34.0106 4
    endloop
  endfacet
  facet normal -0.522625 0.852563 0
    outer loop
      vertex -34.7739 33.8343 4
      vertex -34.4863 34.0106 -6
      vertex -34.7739 33.8343 -6
    endloop
  endfacet
  facet normal 0.92389 -0.382657 0
    outer loop
      vertex -37.7948 36.4144 4
      vertex -37.6657 36.7261 -6
      vertex -37.6657 36.7261 4
    endloop
  endfacet
  facet normal 0.92389 -0.382657 0
    outer loop
      vertex -37.6657 36.7261 -6
      vertex -37.7948 36.4144 4
      vertex -37.7948 36.4144 -6
    endloop
  endfacet
  facet normal 0.852563 -0.522625 0
    outer loop
      vertex -37.6657 36.7261 4
      vertex -37.4894 37.0137 -6
      vertex -37.4894 37.0137 4
    endloop
  endfacet
  facet normal 0.852563 -0.522625 0
    outer loop
      vertex -37.4894 37.0137 -6
      vertex -37.6657 36.7261 4
      vertex -37.6657 36.7261 -6
    endloop
  endfacet
  facet normal 0.64935 -0.76049 0
    outer loop
      vertex -37.2703 37.2703 -6
      vertex -37.0137 37.4894 4
      vertex -37.2703 37.2703 4
    endloop
  endfacet
  facet normal 0.64935 -0.76049 0
    outer loop
      vertex -37.0137 37.4894 4
      vertex -37.2703 37.2703 -6
      vertex -37.0137 37.4894 -6
    endloop
  endfacet
  facet normal 0.972417 0.23325 0
    outer loop
      vertex 33.7052 -36.4144 4
      vertex 33.6265 -36.0863 -6
      vertex 33.6265 -36.0863 4
    endloop
  endfacet
  facet normal 0.972417 0.23325 0
    outer loop
      vertex 33.6265 -36.0863 -6
      vertex 33.7052 -36.4144 4
      vertex 33.7052 -36.4144 -6
    endloop
  endfacet
  facet normal -0.972417 -0.23325 0
    outer loop
      vertex 37.8735 -35.4137 -6
      vertex 37.7948 -35.0856 4
      vertex 37.7948 -35.0856 -6
    endloop
  endfacet
  facet normal -0.972417 -0.23325 0
    outer loop
      vertex 37.7948 -35.0856 4
      vertex 37.8735 -35.4137 -6
      vertex 37.8735 -35.4137 4
    endloop
  endfacet
  facet normal -0.99691 -0.0785552 0
    outer loop
      vertex 37.9 -35.75 -6
      vertex 37.8735 -35.4137 4
      vertex 37.8735 -35.4137 -6
    endloop
  endfacet
  facet normal -0.99691 -0.0785552 0
    outer loop
      vertex 37.8735 -35.4137 4
      vertex 37.9 -35.75 -6
      vertex 37.9 -35.75 4
    endloop
  endfacet
  facet normal -0.92389 -0.382657 0
    outer loop
      vertex 37.7948 -35.0856 -6
      vertex 37.6657 -34.7739 4
      vertex 37.6657 -34.7739 -6
    endloop
  endfacet
  facet normal -0.92389 -0.382657 0
    outer loop
      vertex 37.6657 -34.7739 4
      vertex 37.7948 -35.0856 -6
      vertex 37.7948 -35.0856 4
    endloop
  endfacet
  facet normal -0.382657 0.92389 0
    outer loop
      vertex 36.7261 -37.6657 -6
      vertex 36.4144 -37.7948 4
      vertex 36.7261 -37.6657 4
    endloop
  endfacet
  facet normal -0.382657 0.92389 0
    outer loop
      vertex 36.4144 -37.7948 4
      vertex 36.7261 -37.6657 -6
      vertex 36.4144 -37.7948 -6
    endloop
  endfacet
  facet normal -0.852563 0.522625 0
    outer loop
      vertex 37.4894 -37.0137 -6
      vertex 37.6657 -36.7261 4
      vertex 37.6657 -36.7261 -6
    endloop
  endfacet
  facet normal -0.852563 0.522625 0
    outer loop
      vertex 37.6657 -36.7261 4
      vertex 37.4894 -37.0137 -6
      vertex 37.4894 -37.0137 4
    endloop
  endfacet
  facet normal 0.64935 -0.76049 0
    outer loop
      vertex 34.2297 -34.2297 -6
      vertex 34.4863 -34.0106 4
      vertex 34.2297 -34.2297 4
    endloop
  endfacet
  facet normal 0.64935 -0.76049 0
    outer loop
      vertex 34.4863 -34.0106 4
      vertex 34.2297 -34.2297 -6
      vertex 34.4863 -34.0106 -6
    endloop
  endfacet
  facet normal 0.382657 -0.92389 0
    outer loop
      vertex 34.7739 -33.8343 -6
      vertex 35.0856 -33.7052 4
      vertex 34.7739 -33.8343 4
    endloop
  endfacet
  facet normal 0.382657 -0.92389 0
    outer loop
      vertex 35.0856 -33.7052 4
      vertex 34.7739 -33.8343 -6
      vertex 35.0856 -33.7052 -6
    endloop
  endfacet
  facet normal -0.76049 0.64935 0
    outer loop
      vertex 37.2703 -37.2703 -6
      vertex 37.4894 -37.0137 4
      vertex 37.4894 -37.0137 -6
    endloop
  endfacet
  facet normal -0.76049 0.64935 0
    outer loop
      vertex 37.4894 -37.0137 4
      vertex 37.2703 -37.2703 -6
      vertex 37.2703 -37.2703 4
    endloop
  endfacet
  facet normal -0.99691 0.0785552 0
    outer loop
      vertex 37.8735 -36.0863 -6
      vertex 37.9 -35.75 4
      vertex 37.9 -35.75 -6
    endloop
  endfacet
  facet normal -0.99691 0.0785552 0
    outer loop
      vertex 37.9 -35.75 4
      vertex 37.8735 -36.0863 -6
      vertex 37.8735 -36.0863 4
    endloop
  endfacet
  facet normal -0.92389 0.382657 0
    outer loop
      vertex 37.6657 -36.7261 -6
      vertex 37.7948 -36.4144 4
      vertex 37.7948 -36.4144 -6
    endloop
  endfacet
  facet normal -0.92389 0.382657 0
    outer loop
      vertex 37.7948 -36.4144 4
      vertex 37.6657 -36.7261 -6
      vertex 37.6657 -36.7261 4
    endloop
  endfacet
  facet normal 0.92389 0.382657 0
    outer loop
      vertex 33.8343 -36.7261 4
      vertex 33.7052 -36.4144 -6
      vertex 33.7052 -36.4144 4
    endloop
  endfacet
  facet normal 0.92389 0.382657 0
    outer loop
      vertex 33.7052 -36.4144 -6
      vertex 33.8343 -36.7261 4
      vertex 33.8343 -36.7261 -6
    endloop
  endfacet
  facet normal 0.99691 -0.0785552 0
    outer loop
      vertex 33.6 -35.75 4
      vertex 33.6265 -35.4137 -6
      vertex 33.6265 -35.4137 4
    endloop
  endfacet
  facet normal 0.99691 -0.0785552 0
    outer loop
      vertex 33.6265 -35.4137 -6
      vertex 33.6 -35.75 4
      vertex 33.6 -35.75 -6
    endloop
  endfacet
  facet normal 0.972417 -0.23325 0
    outer loop
      vertex 33.6265 -35.4137 4
      vertex 33.7052 -35.0856 -6
      vertex 33.7052 -35.0856 4
    endloop
  endfacet
  facet normal 0.972417 -0.23325 0
    outer loop
      vertex 33.7052 -35.0856 -6
      vertex 33.6265 -35.4137 4
      vertex 33.6265 -35.4137 -6
    endloop
  endfacet
  facet normal -0.23325 -0.972417 0
    outer loop
      vertex 36.0863 -33.6265 -6
      vertex 36.4144 -33.7052 4
      vertex 36.0863 -33.6265 4
    endloop
  endfacet
  facet normal -0.23325 -0.972417 -0
    outer loop
      vertex 36.4144 -33.7052 4
      vertex 36.0863 -33.6265 -6
      vertex 36.4144 -33.7052 -6
    endloop
  endfacet
  facet normal 0.0785552 -0.99691 0
    outer loop
      vertex 35.4137 -33.6265 -6
      vertex 35.75 -33.6 4
      vertex 35.4137 -33.6265 4
    endloop
  endfacet
  facet normal 0.0785552 -0.99691 0
    outer loop
      vertex 35.75 -33.6 4
      vertex 35.4137 -33.6265 -6
      vertex 35.75 -33.6 -6
    endloop
  endfacet
  facet normal 0.76049 0.64935 0
    outer loop
      vertex 34.2297 -37.2703 4
      vertex 34.0106 -37.0137 -6
      vertex 34.0106 -37.0137 4
    endloop
  endfacet
  facet normal 0.76049 0.64935 0
    outer loop
      vertex 34.0106 -37.0137 -6
      vertex 34.2297 -37.2703 4
      vertex 34.2297 -37.2703 -6
    endloop
  endfacet
  facet normal 0.23325 0.972417 -0
    outer loop
      vertex 35.4137 -37.8735 -6
      vertex 35.0856 -37.7948 4
      vertex 35.4137 -37.8735 4
    endloop
  endfacet
  facet normal 0.23325 0.972417 0
    outer loop
      vertex 35.0856 -37.7948 4
      vertex 35.4137 -37.8735 -6
      vertex 35.0856 -37.7948 -6
    endloop
  endfacet
  facet normal 0.64935 0.76049 -0
    outer loop
      vertex 34.4863 -37.4894 -6
      vertex 34.2297 -37.2703 4
      vertex 34.4863 -37.4894 4
    endloop
  endfacet
  facet normal 0.64935 0.76049 0
    outer loop
      vertex 34.2297 -37.2703 4
      vertex 34.4863 -37.4894 -6
      vertex 34.2297 -37.2703 -6
    endloop
  endfacet
  facet normal -0.852563 -0.522625 0
    outer loop
      vertex 37.6657 -34.7739 -6
      vertex 37.4894 -34.4863 4
      vertex 37.4894 -34.4863 -6
    endloop
  endfacet
  facet normal -0.852563 -0.522625 0
    outer loop
      vertex 37.4894 -34.4863 4
      vertex 37.6657 -34.7739 -6
      vertex 37.6657 -34.7739 4
    endloop
  endfacet
  facet normal 0.92389 -0.382657 0
    outer loop
      vertex 33.7052 -35.0856 4
      vertex 33.8343 -34.7739 -6
      vertex 33.8343 -34.7739 4
    endloop
  endfacet
  facet normal 0.92389 -0.382657 0
    outer loop
      vertex 33.8343 -34.7739 -6
      vertex 33.7052 -35.0856 4
      vertex 33.7052 -35.0856 -6
    endloop
  endfacet
  facet normal 0.522625 -0.852563 0
    outer loop
      vertex 34.4863 -34.0106 -6
      vertex 34.7739 -33.8343 4
      vertex 34.4863 -34.0106 4
    endloop
  endfacet
  facet normal 0.522625 -0.852563 0
    outer loop
      vertex 34.7739 -33.8343 4
      vertex 34.4863 -34.0106 -6
      vertex 34.7739 -33.8343 -6
    endloop
  endfacet
  facet normal 0.0785552 0.99691 -0
    outer loop
      vertex 35.75 -37.9 -6
      vertex 35.4137 -37.8735 4
      vertex 35.75 -37.9 4
    endloop
  endfacet
  facet normal 0.0785552 0.99691 0
    outer loop
      vertex 35.4137 -37.8735 4
      vertex 35.75 -37.9 -6
      vertex 35.4137 -37.8735 -6
    endloop
  endfacet
  facet normal -0.522625 -0.852563 0
    outer loop
      vertex 36.7261 -33.8343 -6
      vertex 37.0137 -34.0106 4
      vertex 36.7261 -33.8343 4
    endloop
  endfacet
  facet normal -0.522625 -0.852563 -0
    outer loop
      vertex 37.0137 -34.0106 4
      vertex 36.7261 -33.8343 -6
      vertex 37.0137 -34.0106 -6
    endloop
  endfacet
  facet normal -0.522625 0.852563 0
    outer loop
      vertex 37.0137 -37.4894 -6
      vertex 36.7261 -37.6657 4
      vertex 37.0137 -37.4894 4
    endloop
  endfacet
  facet normal -0.522625 0.852563 0
    outer loop
      vertex 36.7261 -37.6657 4
      vertex 37.0137 -37.4894 -6
      vertex 36.7261 -37.6657 -6
    endloop
  endfacet
  facet normal 0.76049 -0.64935 0
    outer loop
      vertex 34.0106 -34.4863 4
      vertex 34.2297 -34.2297 -6
      vertex 34.2297 -34.2297 4
    endloop
  endfacet
  facet normal 0.76049 -0.64935 0
    outer loop
      vertex 34.2297 -34.2297 -6
      vertex 34.0106 -34.4863 4
      vertex 34.0106 -34.4863 -6
    endloop
  endfacet
  facet normal 0.23325 -0.972417 0
    outer loop
      vertex 35.0856 -33.7052 -6
      vertex 35.4137 -33.6265 4
      vertex 35.0856 -33.7052 4
    endloop
  endfacet
  facet normal 0.23325 -0.972417 0
    outer loop
      vertex 35.4137 -33.6265 4
      vertex 35.0856 -33.7052 -6
      vertex 35.4137 -33.6265 -6
    endloop
  endfacet
  facet normal 0.522625 0.852563 -0
    outer loop
      vertex 34.7739 -37.6657 -6
      vertex 34.4863 -37.4894 4
      vertex 34.7739 -37.6657 4
    endloop
  endfacet
  facet normal 0.522625 0.852563 0
    outer loop
      vertex 34.4863 -37.4894 4
      vertex 34.7739 -37.6657 -6
      vertex 34.4863 -37.4894 -6
    endloop
  endfacet
  facet normal -0.76049 -0.64935 0
    outer loop
      vertex 37.4894 -34.4863 -6
      vertex 37.2703 -34.2297 4
      vertex 37.2703 -34.2297 -6
    endloop
  endfacet
  facet normal -0.76049 -0.64935 0
    outer loop
      vertex 37.2703 -34.2297 4
      vertex 37.4894 -34.4863 -6
      vertex 37.4894 -34.4863 4
    endloop
  endfacet
  facet normal -0.64935 -0.76049 0
    outer loop
      vertex 37.0137 -34.0106 -6
      vertex 37.2703 -34.2297 4
      vertex 37.0137 -34.0106 4
    endloop
  endfacet
  facet normal -0.64935 -0.76049 -0
    outer loop
      vertex 37.2703 -34.2297 4
      vertex 37.0137 -34.0106 -6
      vertex 37.2703 -34.2297 -6
    endloop
  endfacet
  facet normal -0.0785552 0.99691 0
    outer loop
      vertex 36.0863 -37.8735 -6
      vertex 35.75 -37.9 4
      vertex 36.0863 -37.8735 4
    endloop
  endfacet
  facet normal -0.0785552 0.99691 0
    outer loop
      vertex 35.75 -37.9 4
      vertex 36.0863 -37.8735 -6
      vertex 35.75 -37.9 -6
    endloop
  endfacet
  facet normal 0.382657 0.92389 -0
    outer loop
      vertex 35.0856 -37.7948 -6
      vertex 34.7739 -37.6657 4
      vertex 35.0856 -37.7948 4
    endloop
  endfacet
  facet normal 0.382657 0.92389 0
    outer loop
      vertex 34.7739 -37.6657 4
      vertex 35.0856 -37.7948 -6
      vertex 34.7739 -37.6657 -6
    endloop
  endfacet
  facet normal 0.852563 0.522625 0
    outer loop
      vertex 34.0106 -37.0137 4
      vertex 33.8343 -36.7261 -6
      vertex 33.8343 -36.7261 4
    endloop
  endfacet
  facet normal 0.852563 0.522625 0
    outer loop
      vertex 33.8343 -36.7261 -6
      vertex 34.0106 -37.0137 4
      vertex 34.0106 -37.0137 -6
    endloop
  endfacet
  facet normal -0.23325 0.972417 0
    outer loop
      vertex 36.4144 -37.7948 -6
      vertex 36.0863 -37.8735 4
      vertex 36.4144 -37.7948 4
    endloop
  endfacet
  facet normal -0.23325 0.972417 0
    outer loop
      vertex 36.0863 -37.8735 4
      vertex 36.4144 -37.7948 -6
      vertex 36.0863 -37.8735 -6
    endloop
  endfacet
  facet normal -0.64935 0.76049 0
    outer loop
      vertex 37.2703 -37.2703 -6
      vertex 37.0137 -37.4894 4
      vertex 37.2703 -37.2703 4
    endloop
  endfacet
  facet normal -0.64935 0.76049 0
    outer loop
      vertex 37.0137 -37.4894 4
      vertex 37.2703 -37.2703 -6
      vertex 37.0137 -37.4894 -6
    endloop
  endfacet
  facet normal 0.99691 0.0785552 0
    outer loop
      vertex 33.6265 -36.0863 4
      vertex 33.6 -35.75 -6
      vertex 33.6 -35.75 4
    endloop
  endfacet
  facet normal 0.99691 0.0785552 0
    outer loop
      vertex 33.6 -35.75 -6
      vertex 33.6265 -36.0863 4
      vertex 33.6265 -36.0863 -6
    endloop
  endfacet
  facet normal -0.972417 0.23325 0
    outer loop
      vertex 37.7948 -36.4144 -6
      vertex 37.8735 -36.0863 4
      vertex 37.8735 -36.0863 -6
    endloop
  endfacet
  facet normal -0.972417 0.23325 0
    outer loop
      vertex 37.8735 -36.0863 4
      vertex 37.7948 -36.4144 -6
      vertex 37.7948 -36.4144 4
    endloop
  endfacet
  facet normal -0.382657 -0.92389 0
    outer loop
      vertex 36.4144 -33.7052 -6
      vertex 36.7261 -33.8343 4
      vertex 36.4144 -33.7052 4
    endloop
  endfacet
  facet normal -0.382657 -0.92389 -0
    outer loop
      vertex 36.7261 -33.8343 4
      vertex 36.4144 -33.7052 -6
      vertex 36.7261 -33.8343 -6
    endloop
  endfacet
  facet normal -0.0785552 -0.99691 0
    outer loop
      vertex 35.75 -33.6 -6
      vertex 36.0863 -33.6265 4
      vertex 35.75 -33.6 4
    endloop
  endfacet
  facet normal -0.0785552 -0.99691 -0
    outer loop
      vertex 36.0863 -33.6265 4
      vertex 35.75 -33.6 -6
      vertex 36.0863 -33.6265 -6
    endloop
  endfacet
  facet normal 0.852563 -0.522625 0
    outer loop
      vertex 33.8343 -34.7739 4
      vertex 34.0106 -34.4863 -6
      vertex 34.0106 -34.4863 4
    endloop
  endfacet
  facet normal 0.852563 -0.522625 0
    outer loop
      vertex 34.0106 -34.4863 -6
      vertex 33.8343 -34.7739 4
      vertex 33.8343 -34.7739 -6
    endloop
  endfacet
  facet normal -0.382657 0.92389 0
    outer loop
      vertex 36.7261 33.8343 -6
      vertex 36.4144 33.7052 4
      vertex 36.7261 33.8343 4
    endloop
  endfacet
  facet normal -0.382657 0.92389 0
    outer loop
      vertex 36.4144 33.7052 4
      vertex 36.7261 33.8343 -6
      vertex 36.4144 33.7052 -6
    endloop
  endfacet
  facet normal -0.972417 -0.23325 0
    outer loop
      vertex 37.8735 36.0863 -6
      vertex 37.7948 36.4144 4
      vertex 37.7948 36.4144 -6
    endloop
  endfacet
  facet normal -0.972417 -0.23325 0
    outer loop
      vertex 37.7948 36.4144 4
      vertex 37.8735 36.0863 -6
      vertex 37.8735 36.0863 4
    endloop
  endfacet
  facet normal -0.99691 -0.0785552 0
    outer loop
      vertex 37.9 35.75 -6
      vertex 37.8735 36.0863 4
      vertex 37.8735 36.0863 -6
    endloop
  endfacet
  facet normal -0.99691 -0.0785552 0
    outer loop
      vertex 37.8735 36.0863 4
      vertex 37.9 35.75 -6
      vertex 37.9 35.75 4
    endloop
  endfacet
  facet normal -0.92389 -0.382657 0
    outer loop
      vertex 37.7948 36.4144 -6
      vertex 37.6657 36.7261 4
      vertex 37.6657 36.7261 -6
    endloop
  endfacet
  facet normal -0.92389 -0.382657 0
    outer loop
      vertex 37.6657 36.7261 4
      vertex 37.7948 36.4144 -6
      vertex 37.7948 36.4144 4
    endloop
  endfacet
  facet normal 0.852563 0.522625 0
    outer loop
      vertex 34.0106 34.4863 4
      vertex 33.8343 34.7739 -6
      vertex 33.8343 34.7739 4
    endloop
  endfacet
  facet normal 0.852563 0.522625 0
    outer loop
      vertex 33.8343 34.7739 -6
      vertex 34.0106 34.4863 4
      vertex 34.0106 34.4863 -6
    endloop
  endfacet
  facet normal -0.0785552 -0.99691 0
    outer loop
      vertex 35.75 37.9 -6
      vertex 36.0863 37.8735 4
      vertex 35.75 37.9 4
    endloop
  endfacet
  facet normal -0.0785552 -0.99691 -0
    outer loop
      vertex 36.0863 37.8735 4
      vertex 35.75 37.9 -6
      vertex 36.0863 37.8735 -6
    endloop
  endfacet
  facet normal -0.23325 -0.972417 0
    outer loop
      vertex 36.0863 37.8735 -6
      vertex 36.4144 37.7948 4
      vertex 36.0863 37.8735 4
    endloop
  endfacet
  facet normal -0.23325 -0.972417 -0
    outer loop
      vertex 36.4144 37.7948 4
      vertex 36.0863 37.8735 -6
      vertex 36.4144 37.7948 -6
    endloop
  endfacet
  facet normal 0.0785552 0.99691 -0
    outer loop
      vertex 35.75 33.6 -6
      vertex 35.4137 33.6265 4
      vertex 35.75 33.6 4
    endloop
  endfacet
  facet normal 0.0785552 0.99691 0
    outer loop
      vertex 35.4137 33.6265 4
      vertex 35.75 33.6 -6
      vertex 35.4137 33.6265 -6
    endloop
  endfacet
  facet normal -0.92389 0.382657 0
    outer loop
      vertex 37.6657 34.7739 -6
      vertex 37.7948 35.0856 4
      vertex 37.7948 35.0856 -6
    endloop
  endfacet
  facet normal -0.92389 0.382657 0
    outer loop
      vertex 37.7948 35.0856 4
      vertex 37.6657 34.7739 -6
      vertex 37.6657 34.7739 4
    endloop
  endfacet
  facet normal -0.382657 -0.92389 0
    outer loop
      vertex 36.4144 37.7948 -6
      vertex 36.7261 37.6657 4
      vertex 36.4144 37.7948 4
    endloop
  endfacet
  facet normal -0.382657 -0.92389 -0
    outer loop
      vertex 36.7261 37.6657 4
      vertex 36.4144 37.7948 -6
      vertex 36.7261 37.6657 -6
    endloop
  endfacet
  facet normal -0.852563 0.522625 0
    outer loop
      vertex 37.4894 34.4863 -6
      vertex 37.6657 34.7739 4
      vertex 37.6657 34.7739 -6
    endloop
  endfacet
  facet normal -0.852563 0.522625 0
    outer loop
      vertex 37.6657 34.7739 4
      vertex 37.4894 34.4863 -6
      vertex 37.4894 34.4863 4
    endloop
  endfacet
  facet normal -0.852563 -0.522625 0
    outer loop
      vertex 37.6657 36.7261 -6
      vertex 37.4894 37.0137 4
      vertex 37.4894 37.0137 -6
    endloop
  endfacet
  facet normal -0.852563 -0.522625 0
    outer loop
      vertex 37.4894 37.0137 4
      vertex 37.6657 36.7261 -6
      vertex 37.6657 36.7261 4
    endloop
  endfacet
  facet normal 0.382657 0.92389 -0
    outer loop
      vertex 35.0856 33.7052 -6
      vertex 34.7739 33.8343 4
      vertex 35.0856 33.7052 4
    endloop
  endfacet
  facet normal 0.382657 0.92389 0
    outer loop
      vertex 34.7739 33.8343 4
      vertex 35.0856 33.7052 -6
      vertex 34.7739 33.8343 -6
    endloop
  endfacet
  facet normal 0.23325 0.972417 -0
    outer loop
      vertex 35.4137 33.6265 -6
      vertex 35.0856 33.7052 4
      vertex 35.4137 33.6265 4
    endloop
  endfacet
  facet normal 0.23325 0.972417 0
    outer loop
      vertex 35.0856 33.7052 4
      vertex 35.4137 33.6265 -6
      vertex 35.0856 33.7052 -6
    endloop
  endfacet
  facet normal -0.99691 0.0785552 0
    outer loop
      vertex 37.8735 35.4137 -6
      vertex 37.9 35.75 4
      vertex 37.9 35.75 -6
    endloop
  endfacet
  facet normal -0.99691 0.0785552 0
    outer loop
      vertex 37.9 35.75 4
      vertex 37.8735 35.4137 -6
      vertex 37.8735 35.4137 4
    endloop
  endfacet
  facet normal 0.522625 -0.852563 0
    outer loop
      vertex 34.4863 37.4894 -6
      vertex 34.7739 37.6657 4
      vertex 34.4863 37.4894 4
    endloop
  endfacet
  facet normal 0.522625 -0.852563 0
    outer loop
      vertex 34.7739 37.6657 4
      vertex 34.4863 37.4894 -6
      vertex 34.7739 37.6657 -6
    endloop
  endfacet
  facet normal 0.64935 -0.76049 0
    outer loop
      vertex 34.2297 37.2703 -6
      vertex 34.4863 37.4894 4
      vertex 34.2297 37.2703 4
    endloop
  endfacet
  facet normal 0.64935 -0.76049 0
    outer loop
      vertex 34.4863 37.4894 4
      vertex 34.2297 37.2703 -6
      vertex 34.4863 37.4894 -6
    endloop
  endfacet
  facet normal 0.76049 0.64935 0
    outer loop
      vertex 34.2297 34.2297 4
      vertex 34.0106 34.4863 -6
      vertex 34.0106 34.4863 4
    endloop
  endfacet
  facet normal 0.76049 0.64935 0
    outer loop
      vertex 34.0106 34.4863 -6
      vertex 34.2297 34.2297 4
      vertex 34.2297 34.2297 -6
    endloop
  endfacet
  facet normal 0.76049 -0.64935 0
    outer loop
      vertex 34.0106 37.0137 4
      vertex 34.2297 37.2703 -6
      vertex 34.2297 37.2703 4
    endloop
  endfacet
  facet normal 0.76049 -0.64935 0
    outer loop
      vertex 34.2297 37.2703 -6
      vertex 34.0106 37.0137 4
      vertex 34.0106 37.0137 -6
    endloop
  endfacet
  facet normal 0.972417 -0.23325 0
    outer loop
      vertex 33.6265 36.0863 4
      vertex 33.7052 36.4144 -6
      vertex 33.7052 36.4144 4
    endloop
  endfacet
  facet normal 0.972417 -0.23325 0
    outer loop
      vertex 33.7052 36.4144 -6
      vertex 33.6265 36.0863 4
      vertex 33.6265 36.0863 -6
    endloop
  endfacet
  facet normal -0.23325 0.972417 0
    outer loop
      vertex 36.4144 33.7052 -6
      vertex 36.0863 33.6265 4
      vertex 36.4144 33.7052 4
    endloop
  endfacet
  facet normal -0.23325 0.972417 0
    outer loop
      vertex 36.0863 33.6265 4
      vertex 36.4144 33.7052 -6
      vertex 36.0863 33.6265 -6
    endloop
  endfacet
  facet normal -0.64935 0.76049 0
    outer loop
      vertex 37.2703 34.2297 -6
      vertex 37.0137 34.0106 4
      vertex 37.2703 34.2297 4
    endloop
  endfacet
  facet normal -0.64935 0.76049 0
    outer loop
      vertex 37.0137 34.0106 4
      vertex 37.2703 34.2297 -6
      vertex 37.0137 34.0106 -6
    endloop
  endfacet
  facet normal -0.64935 -0.76049 0
    outer loop
      vertex 37.0137 37.4894 -6
      vertex 37.2703 37.2703 4
      vertex 37.0137 37.4894 4
    endloop
  endfacet
  facet normal -0.64935 -0.76049 -0
    outer loop
      vertex 37.2703 37.2703 4
      vertex 37.0137 37.4894 -6
      vertex 37.2703 37.2703 -6
    endloop
  endfacet
  facet normal -0.76049 0.64935 0
    outer loop
      vertex 37.2703 34.2297 -6
      vertex 37.4894 34.4863 4
      vertex 37.4894 34.4863 -6
    endloop
  endfacet
  facet normal -0.76049 0.64935 0
    outer loop
      vertex 37.4894 34.4863 4
      vertex 37.2703 34.2297 -6
      vertex 37.2703 34.2297 4
    endloop
  endfacet
  facet normal 0.92389 0.382657 0
    outer loop
      vertex 33.8343 34.7739 4
      vertex 33.7052 35.0856 -6
      vertex 33.7052 35.0856 4
    endloop
  endfacet
  facet normal 0.92389 0.382657 0
    outer loop
      vertex 33.7052 35.0856 -6
      vertex 33.8343 34.7739 4
      vertex 33.8343 34.7739 -6
    endloop
  endfacet
  facet normal 0.99691 -0.0785552 0
    outer loop
      vertex 33.6 35.75 4
      vertex 33.6265 36.0863 -6
      vertex 33.6265 36.0863 4
    endloop
  endfacet
  facet normal 0.99691 -0.0785552 0
    outer loop
      vertex 33.6265 36.0863 -6
      vertex 33.6 35.75 4
      vertex 33.6 35.75 -6
    endloop
  endfacet
  facet normal -0.522625 -0.852563 0
    outer loop
      vertex 36.7261 37.6657 -6
      vertex 37.0137 37.4894 4
      vertex 36.7261 37.6657 4
    endloop
  endfacet
  facet normal -0.522625 -0.852563 -0
    outer loop
      vertex 37.0137 37.4894 4
      vertex 36.7261 37.6657 -6
      vertex 37.0137 37.4894 -6
    endloop
  endfacet
  facet normal -0.972417 0.23325 0
    outer loop
      vertex 37.7948 35.0856 -6
      vertex 37.8735 35.4137 4
      vertex 37.8735 35.4137 -6
    endloop
  endfacet
  facet normal -0.972417 0.23325 0
    outer loop
      vertex 37.8735 35.4137 4
      vertex 37.7948 35.0856 -6
      vertex 37.7948 35.0856 4
    endloop
  endfacet
  facet normal 0.382657 -0.92389 0
    outer loop
      vertex 34.7739 37.6657 -6
      vertex 35.0856 37.7948 4
      vertex 34.7739 37.6657 4
    endloop
  endfacet
  facet normal 0.382657 -0.92389 0
    outer loop
      vertex 35.0856 37.7948 4
      vertex 34.7739 37.6657 -6
      vertex 35.0856 37.7948 -6
    endloop
  endfacet
  facet normal 0.64935 0.76049 -0
    outer loop
      vertex 34.4863 34.0106 -6
      vertex 34.2297 34.2297 4
      vertex 34.4863 34.0106 4
    endloop
  endfacet
  facet normal 0.64935 0.76049 0
    outer loop
      vertex 34.2297 34.2297 4
      vertex 34.4863 34.0106 -6
      vertex 34.2297 34.2297 -6
    endloop
  endfacet
  facet normal 0.23325 -0.972417 0
    outer loop
      vertex 35.0856 37.7948 -6
      vertex 35.4137 37.8735 4
      vertex 35.0856 37.7948 4
    endloop
  endfacet
  facet normal 0.23325 -0.972417 0
    outer loop
      vertex 35.4137 37.8735 4
      vertex 35.0856 37.7948 -6
      vertex 35.4137 37.8735 -6
    endloop
  endfacet
  facet normal 0.972417 0.23325 0
    outer loop
      vertex 33.7052 35.0856 4
      vertex 33.6265 35.4137 -6
      vertex 33.6265 35.4137 4
    endloop
  endfacet
  facet normal 0.972417 0.23325 0
    outer loop
      vertex 33.6265 35.4137 -6
      vertex 33.7052 35.0856 4
      vertex 33.7052 35.0856 -6
    endloop
  endfacet
  facet normal -0.0785552 0.99691 0
    outer loop
      vertex 36.0863 33.6265 -6
      vertex 35.75 33.6 4
      vertex 36.0863 33.6265 4
    endloop
  endfacet
  facet normal -0.0785552 0.99691 0
    outer loop
      vertex 35.75 33.6 4
      vertex 36.0863 33.6265 -6
      vertex 35.75 33.6 -6
    endloop
  endfacet
  facet normal 0.0785552 -0.99691 0
    outer loop
      vertex 35.4137 37.8735 -6
      vertex 35.75 37.9 4
      vertex 35.4137 37.8735 4
    endloop
  endfacet
  facet normal 0.0785552 -0.99691 0
    outer loop
      vertex 35.75 37.9 4
      vertex 35.4137 37.8735 -6
      vertex 35.75 37.9 -6
    endloop
  endfacet
  facet normal 0.99691 0.0785552 0
    outer loop
      vertex 33.6265 35.4137 4
      vertex 33.6 35.75 -6
      vertex 33.6 35.75 4
    endloop
  endfacet
  facet normal 0.99691 0.0785552 0
    outer loop
      vertex 33.6 35.75 -6
      vertex 33.6265 35.4137 4
      vertex 33.6265 35.4137 -6
    endloop
  endfacet
  facet normal -0.76049 -0.64935 0
    outer loop
      vertex 37.4894 37.0137 -6
      vertex 37.2703 37.2703 4
      vertex 37.2703 37.2703 -6
    endloop
  endfacet
  facet normal -0.76049 -0.64935 0
    outer loop
      vertex 37.2703 37.2703 4
      vertex 37.4894 37.0137 -6
      vertex 37.4894 37.0137 4
    endloop
  endfacet
  facet normal 0.522625 0.852563 -0
    outer loop
      vertex 34.7739 33.8343 -6
      vertex 34.4863 34.0106 4
      vertex 34.7739 33.8343 4
    endloop
  endfacet
  facet normal 0.522625 0.852563 0
    outer loop
      vertex 34.4863 34.0106 4
      vertex 34.7739 33.8343 -6
      vertex 34.4863 34.0106 -6
    endloop
  endfacet
  facet normal -0.522625 0.852563 0
    outer loop
      vertex 37.0137 34.0106 -6
      vertex 36.7261 33.8343 4
      vertex 37.0137 34.0106 4
    endloop
  endfacet
  facet normal -0.522625 0.852563 0
    outer loop
      vertex 36.7261 33.8343 4
      vertex 37.0137 34.0106 -6
      vertex 36.7261 33.8343 -6
    endloop
  endfacet
  facet normal 0.92389 -0.382657 0
    outer loop
      vertex 33.7052 36.4144 4
      vertex 33.8343 36.7261 -6
      vertex 33.8343 36.7261 4
    endloop
  endfacet
  facet normal 0.92389 -0.382657 0
    outer loop
      vertex 33.8343 36.7261 -6
      vertex 33.7052 36.4144 4
      vertex 33.7052 36.4144 -6
    endloop
  endfacet
  facet normal 0.852563 -0.522625 0
    outer loop
      vertex 33.8343 36.7261 4
      vertex 34.0106 37.0137 -6
      vertex 34.0106 37.0137 4
    endloop
  endfacet
  facet normal 0.852563 -0.522625 0
    outer loop
      vertex 34.0106 37.0137 -6
      vertex 33.8343 36.7261 4
      vertex 33.8343 36.7261 -6
    endloop
  endfacet
  facet normal 0.972369 0.23345 0
    outer loop
      vertex -35.1891 -11.4336 4
      vertex -36.5445 -5.78807 -6
      vertex -36.5445 -5.78807 4
    endloop
  endfacet
  facet normal 0.972369 0.23345 0
    outer loop
      vertex -36.5445 -5.78807 -6
      vertex -35.1891 -11.4336 4
      vertex -35.1891 -11.4336 -6
    endloop
  endfacet
  facet normal -0.972369 -0.23345 0
    outer loop
      vertex 36.5445 5.78807 -6
      vertex 35.1891 11.4336 4
      vertex 35.1891 11.4336 -6
    endloop
  endfacet
  facet normal -0.972369 -0.23345 0
    outer loop
      vertex 35.1891 11.4336 4
      vertex 36.5445 5.78807 -6
      vertex 36.5445 5.78807 4
    endloop
  endfacet
  facet normal -0.996918 -0.0784473 0
    outer loop
      vertex 36.5445 5.78807 -6
      vertex 36.9016 1.25 2
      vertex 36.5445 5.78807 4
    endloop
  endfacet
  facet normal -0.996918 -0.0784538 -3.68345e-06
    outer loop
      vertex 37 0 -6
      vertex 36.9016 1.25 2
      vertex 36.5445 5.78807 -6
    endloop
  endfacet
  facet normal -0.996916 -0.0784772 0
    outer loop
      vertex 36.9016 1.25 2
      vertex 37 0 -6
      vertex 37 0 2
    endloop
  endfacet
  facet normal -0.996918 -0.0784473 0
    outer loop
      vertex 36.5445 5.78807 4
      vertex 36.9016 1.25 2
      vertex 36.9016 1.25 4
    endloop
  endfacet
  facet normal -0.923876 -0.382692 0
    outer loop
      vertex 35.1891 11.4336 -6
      vertex 32.9672 16.7976 4
      vertex 32.9672 16.7976 -6
    endloop
  endfacet
  facet normal -0.923876 -0.382692 0
    outer loop
      vertex 32.9672 16.7976 4
      vertex 35.1891 11.4336 -6
      vertex 35.1891 11.4336 4
    endloop
  endfacet
  facet normal -0.382692 0.923876 0
    outer loop
      vertex 16.7976 -32.9672 -6
      vertex 11.4336 -35.1891 4
      vertex 16.7976 -32.9672 4
    endloop
  endfacet
  facet normal -0.382692 0.923876 0
    outer loop
      vertex 11.4336 -35.1891 4
      vertex 16.7976 -32.9672 -6
      vertex 11.4336 -35.1891 -6
    endloop
  endfacet
  facet normal -0.852646 0.52249 0
    outer loop
      vertex 29.9336 -21.7481 -6
      vertex 32.9672 -16.7976 4
      vertex 32.9672 -16.7976 -6
    endloop
  endfacet
  facet normal -0.852646 0.52249 0
    outer loop
      vertex 32.9672 -16.7976 4
      vertex 29.9336 -21.7481 -6
      vertex 29.9336 -21.7481 4
    endloop
  endfacet
  facet normal 0.649418 -0.760432 0
    outer loop
      vertex -26.163 26.163 2
      vertex -26.163 26.163 -6
      vertex -25.2095 26.9773 2
    endloop
  endfacet
  facet normal 0.649446 -0.760408 0
    outer loop
      vertex -25.2095 26.9773 2
      vertex -21.7481 29.9336 4
      vertex -25.2095 26.9773 4
    endloop
  endfacet
  facet normal 0.64944 -0.760413 -4.60801e-06
    outer loop
      vertex -21.7481 29.9336 -6
      vertex -25.2095 26.9773 2
      vertex -26.163 26.163 -6
    endloop
  endfacet
  facet normal 0.649446 -0.760408 0
    outer loop
      vertex -25.2095 26.9773 2
      vertex -21.7481 29.9336 -6
      vertex -21.7481 29.9336 4
    endloop
  endfacet
  facet normal 0.382692 -0.923876 0
    outer loop
      vertex -16.7976 32.9672 -6
      vertex -11.4336 35.1891 4
      vertex -16.7976 32.9672 4
    endloop
  endfacet
  facet normal 0.382692 -0.923876 0
    outer loop
      vertex -11.4336 35.1891 4
      vertex -16.7976 32.9672 -6
      vertex -11.4336 35.1891 -6
    endloop
  endfacet
  facet normal -0.760408 0.649446 0
    outer loop
      vertex 29.9336 -21.7481 -6
      vertex 26.9773 -25.2095 2
      vertex 29.9336 -21.7481 4
    endloop
  endfacet
  facet normal -0.760413 0.64944 -4.60801e-06
    outer loop
      vertex 26.163 -26.163 -6
      vertex 26.9773 -25.2095 2
      vertex 29.9336 -21.7481 -6
    endloop
  endfacet
  facet normal -0.760432 0.649418 0
    outer loop
      vertex 26.9773 -25.2095 2
      vertex 26.163 -26.163 -6
      vertex 26.163 -26.163 2
    endloop
  endfacet
  facet normal -0.760408 0.649446 0
    outer loop
      vertex 29.9336 -21.7481 4
      vertex 26.9773 -25.2095 2
      vertex 26.9773 -25.2095 4
    endloop
  endfacet
  facet normal -0.996916 0.0784772 0
    outer loop
      vertex 37 0 -6
      vertex 36.9016 -1.25 2
      vertex 37 0 2
    endloop
  endfacet
  facet normal -0.996918 0.0784538 -3.68345e-06
    outer loop
      vertex 36.5445 -5.78807 -6
      vertex 36.9016 -1.25 2
      vertex 37 0 -6
    endloop
  endfacet
  facet normal -0.996918 0.0784473 0
    outer loop
      vertex 36.5445 -5.78807 4
      vertex 36.9016 -1.25 2
      vertex 36.5445 -5.78807 -6
    endloop
  endfacet
  facet normal -0.996918 0.0784473 0
    outer loop
      vertex 36.9016 -1.25 2
      vertex 36.5445 -5.78807 4
      vertex 36.9016 -1.25 4
    endloop
  endfacet
  facet normal -0.923876 0.382692 0
    outer loop
      vertex 32.9672 -16.7976 -6
      vertex 35.1891 -11.4336 4
      vertex 35.1891 -11.4336 -6
    endloop
  endfacet
  facet normal -0.923876 0.382692 0
    outer loop
      vertex 35.1891 -11.4336 4
      vertex 32.9672 -16.7976 -6
      vertex 32.9672 -16.7976 4
    endloop
  endfacet
  facet normal 0.923876 0.382692 0
    outer loop
      vertex -32.9672 -16.7976 4
      vertex -35.1891 -11.4336 -6
      vertex -35.1891 -11.4336 4
    endloop
  endfacet
  facet normal 0.923876 0.382692 0
    outer loop
      vertex -35.1891 -11.4336 -6
      vertex -32.9672 -16.7976 4
      vertex -32.9672 -16.7976 -6
    endloop
  endfacet
  facet normal 0.996918 -0.0784473 0
    outer loop
      vertex -36.9016 1.25 2
      vertex -36.5445 5.78807 4
      vertex -36.9016 1.25 4
    endloop
  endfacet
  facet normal 0.996918 -0.0784473 0
    outer loop
      vertex -36.5445 5.78807 4
      vertex -36.9016 1.25 2
      vertex -36.5445 5.78807 -6
    endloop
  endfacet
  facet normal 0.996916 -0.0784772 0
    outer loop
      vertex -37 0 -6
      vertex -36.9016 1.25 2
      vertex -37 0 2
    endloop
  endfacet
  facet normal 0.996918 -0.0784538 -3.68345e-06
    outer loop
      vertex -36.9016 1.25 2
      vertex -37 0 -6
      vertex -36.5445 5.78807 -6
    endloop
  endfacet
  facet normal 0.972369 -0.23345 0
    outer loop
      vertex -36.5445 5.78807 4
      vertex -35.1891 11.4336 -6
      vertex -35.1891 11.4336 4
    endloop
  endfacet
  facet normal 0.972369 -0.23345 0
    outer loop
      vertex -35.1891 11.4336 -6
      vertex -36.5445 5.78807 4
      vertex -36.5445 5.78807 -6
    endloop
  endfacet
  facet normal -0.23345 -0.972369 0
    outer loop
      vertex 5.78807 36.5445 -6
      vertex 11.4336 35.1891 4
      vertex 5.78807 36.5445 4
    endloop
  endfacet
  facet normal -0.23345 -0.972369 -0
    outer loop
      vertex 11.4336 35.1891 4
      vertex 5.78807 36.5445 -6
      vertex 11.4336 35.1891 -6
    endloop
  endfacet
  facet normal 0.0784473 -0.996918 0
    outer loop
      vertex -5.78807 36.5445 4
      vertex -1.25 36.9016 2
      vertex -1.25 36.9016 4
    endloop
  endfacet
  facet normal 0.0784473 -0.996918 0
    outer loop
      vertex -5.78807 36.5445 -6
      vertex -1.25 36.9016 2
      vertex -5.78807 36.5445 4
    endloop
  endfacet
  facet normal 0.0784538 -0.996918 -3.68345e-06
    outer loop
      vertex 0 37 -6
      vertex -1.25 36.9016 2
      vertex -5.78807 36.5445 -6
    endloop
  endfacet
  facet normal 0.0784772 -0.996916 0
    outer loop
      vertex -1.25 36.9016 2
      vertex 0 37 -6
      vertex 0 37 2
    endloop
  endfacet
  facet normal 0.760408 0.649446 -0
    outer loop
      vertex -26.9773 -25.2095 2
      vertex -29.9336 -21.7481 4
      vertex -26.9773 -25.2095 4
    endloop
  endfacet
  facet normal 0.760408 0.649446 0
    outer loop
      vertex -29.9336 -21.7481 4
      vertex -26.9773 -25.2095 2
      vertex -29.9336 -21.7481 -6
    endloop
  endfacet
  facet normal 0.760432 0.649418 -0
    outer loop
      vertex -26.163 -26.163 -6
      vertex -26.9773 -25.2095 2
      vertex -26.163 -26.163 2
    endloop
  endfacet
  facet normal 0.760413 0.64944 -4.60801e-06
    outer loop
      vertex -26.9773 -25.2095 2
      vertex -26.163 -26.163 -6
      vertex -29.9336 -21.7481 -6
    endloop
  endfacet
  facet normal 0.23345 0.972369 -0
    outer loop
      vertex -5.78807 -36.5445 -6
      vertex -11.4336 -35.1891 4
      vertex -5.78807 -36.5445 4
    endloop
  endfacet
  facet normal 0.23345 0.972369 0
    outer loop
      vertex -11.4336 -35.1891 4
      vertex -5.78807 -36.5445 -6
      vertex -11.4336 -35.1891 -6
    endloop
  endfacet
  facet normal 0.649446 0.760408 0
    outer loop
      vertex -21.7481 -29.9336 4
      vertex -25.2095 -26.9773 2
      vertex -25.2095 -26.9773 4
    endloop
  endfacet
  facet normal 0.649446 0.760408 -0
    outer loop
      vertex -21.7481 -29.9336 -6
      vertex -25.2095 -26.9773 2
      vertex -21.7481 -29.9336 4
    endloop
  endfacet
  facet normal 0.64944 0.760413 -4.60801e-06
    outer loop
      vertex -26.163 -26.163 -6
      vertex -25.2095 -26.9773 2
      vertex -21.7481 -29.9336 -6
    endloop
  endfacet
  facet normal 0.649418 0.760432 0
    outer loop
      vertex -25.2095 -26.9773 2
      vertex -26.163 -26.163 -6
      vertex -26.163 -26.163 2
    endloop
  endfacet
  facet normal -0.852646 -0.52249 0
    outer loop
      vertex 32.9672 16.7976 -6
      vertex 29.9336 21.7481 4
      vertex 29.9336 21.7481 -6
    endloop
  endfacet
  facet normal -0.852646 -0.52249 0
    outer loop
      vertex 29.9336 21.7481 4
      vertex 32.9672 16.7976 -6
      vertex 32.9672 16.7976 4
    endloop
  endfacet
  facet normal 0.923876 -0.382692 0
    outer loop
      vertex -35.1891 11.4336 4
      vertex -32.9672 16.7976 -6
      vertex -32.9672 16.7976 4
    endloop
  endfacet
  facet normal 0.923876 -0.382692 0
    outer loop
      vertex -32.9672 16.7976 -6
      vertex -35.1891 11.4336 4
      vertex -35.1891 11.4336 -6
    endloop
  endfacet
  facet normal 0.52249 -0.852646 0
    outer loop
      vertex -21.7481 29.9336 -6
      vertex -16.7976 32.9672 4
      vertex -21.7481 29.9336 4
    endloop
  endfacet
  facet normal 0.52249 -0.852646 0
    outer loop
      vertex -16.7976 32.9672 4
      vertex -21.7481 29.9336 -6
      vertex -16.7976 32.9672 -6
    endloop
  endfacet
  facet normal 0.0784772 0.996916 0
    outer loop
      vertex 0 -37 2
      vertex 0 -37 -6
      vertex -1.25 -36.9016 2
    endloop
  endfacet
  facet normal 0.0784473 0.996918 -0
    outer loop
      vertex -1.25 -36.9016 2
      vertex -5.78807 -36.5445 4
      vertex -1.25 -36.9016 4
    endloop
  endfacet
  facet normal 0.0784538 0.996918 -3.68345e-06
    outer loop
      vertex -5.78807 -36.5445 -6
      vertex -1.25 -36.9016 2
      vertex 0 -37 -6
    endloop
  endfacet
  facet normal 0.0784473 0.996918 0
    outer loop
      vertex -1.25 -36.9016 2
      vertex -5.78807 -36.5445 -6
      vertex -5.78807 -36.5445 4
    endloop
  endfacet
  facet normal -0.52249 -0.852646 0
    outer loop
      vertex 16.7976 32.9672 -6
      vertex 21.7481 29.9336 4
      vertex 16.7976 32.9672 4
    endloop
  endfacet
  facet normal -0.52249 -0.852646 -0
    outer loop
      vertex 21.7481 29.9336 4
      vertex 16.7976 32.9672 -6
      vertex 21.7481 29.9336 -6
    endloop
  endfacet
  facet normal -0.52249 0.852646 0
    outer loop
      vertex 21.7481 -29.9336 -6
      vertex 16.7976 -32.9672 4
      vertex 21.7481 -29.9336 4
    endloop
  endfacet
  facet normal -0.52249 0.852646 0
    outer loop
      vertex 16.7976 -32.9672 4
      vertex 21.7481 -29.9336 -6
      vertex 16.7976 -32.9672 -6
    endloop
  endfacet
  facet normal 0.760408 -0.649446 0
    outer loop
      vertex -26.9773 25.2095 4
      vertex -29.9336 21.7481 4
      vertex -26.9773 25.2095 2
    endloop
  endfacet
  facet normal 0.760432 -0.649418 0
    outer loop
      vertex -26.9773 25.2095 2
      vertex -26.163 26.163 -6
      vertex -26.163 26.163 2
    endloop
  endfacet
  facet normal 0.760408 -0.649446 0
    outer loop
      vertex -29.9336 21.7481 -6
      vertex -26.9773 25.2095 2
      vertex -29.9336 21.7481 4
    endloop
  endfacet
  facet normal 0.760413 -0.64944 -4.60801e-06
    outer loop
      vertex -26.9773 25.2095 2
      vertex -29.9336 21.7481 -6
      vertex -26.163 26.163 -6
    endloop
  endfacet
  facet normal 0.23345 -0.972369 0
    outer loop
      vertex -11.4336 35.1891 -6
      vertex -5.78807 36.5445 4
      vertex -11.4336 35.1891 4
    endloop
  endfacet
  facet normal 0.23345 -0.972369 0
    outer loop
      vertex -5.78807 36.5445 4
      vertex -11.4336 35.1891 -6
      vertex -5.78807 36.5445 -6
    endloop
  endfacet
  facet normal 0.52249 0.852646 -0
    outer loop
      vertex -16.7976 -32.9672 -6
      vertex -21.7481 -29.9336 4
      vertex -16.7976 -32.9672 4
    endloop
  endfacet
  facet normal 0.52249 0.852646 0
    outer loop
      vertex -21.7481 -29.9336 4
      vertex -16.7976 -32.9672 -6
      vertex -21.7481 -29.9336 -6
    endloop
  endfacet
  facet normal -0.760432 -0.649418 0
    outer loop
      vertex 26.163 26.163 -6
      vertex 26.9773 25.2095 2
      vertex 26.163 26.163 2
    endloop
  endfacet
  facet normal -0.760413 -0.64944 -4.60801e-06
    outer loop
      vertex 29.9336 21.7481 -6
      vertex 26.9773 25.2095 2
      vertex 26.163 26.163 -6
    endloop
  endfacet
  facet normal -0.760408 -0.649446 -0
    outer loop
      vertex 29.9336 21.7481 4
      vertex 26.9773 25.2095 2
      vertex 29.9336 21.7481 -6
    endloop
  endfacet
  facet normal -0.760408 -0.649446 0
    outer loop
      vertex 26.9773 25.2095 2
      vertex 29.9336 21.7481 4
      vertex 26.9773 25.2095 4
    endloop
  endfacet
  facet normal -0.649446 -0.760408 0
    outer loop
      vertex 21.7481 29.9336 4
      vertex 25.2095 26.9773 2
      vertex 25.2095 26.9773 4
    endloop
  endfacet
  facet normal -0.649446 -0.760408 0
    outer loop
      vertex 21.7481 29.9336 -6
      vertex 25.2095 26.9773 2
      vertex 21.7481 29.9336 4
    endloop
  endfacet
  facet normal -0.64944 -0.760413 -4.60801e-06
    outer loop
      vertex 26.163 26.163 -6
      vertex 25.2095 26.9773 2
      vertex 21.7481 29.9336 -6
    endloop
  endfacet
  facet normal -0.649418 -0.760432 0
    outer loop
      vertex 25.2095 26.9773 2
      vertex 26.163 26.163 -6
      vertex 26.163 26.163 2
    endloop
  endfacet
  facet normal -0.0784473 0.996918 0
    outer loop
      vertex 5.78807 -36.5445 4
      vertex 1.25 -36.9016 2
      vertex 1.25 -36.9016 4
    endloop
  endfacet
  facet normal -0.0784473 0.996918 0
    outer loop
      vertex 5.78807 -36.5445 -6
      vertex 1.25 -36.9016 2
      vertex 5.78807 -36.5445 4
    endloop
  endfacet
  facet normal -0.0784538 0.996918 -3.68345e-06
    outer loop
      vertex 0 -37 -6
      vertex 1.25 -36.9016 2
      vertex 5.78807 -36.5445 -6
    endloop
  endfacet
  facet normal -0.0784772 0.996916 0
    outer loop
      vertex 1.25 -36.9016 2
      vertex 0 -37 -6
      vertex 0 -37 2
    endloop
  endfacet
  facet normal 0.382692 0.923876 -0
    outer loop
      vertex -11.4336 -35.1891 -6
      vertex -16.7976 -32.9672 4
      vertex -11.4336 -35.1891 4
    endloop
  endfacet
  facet normal 0.382692 0.923876 0
    outer loop
      vertex -16.7976 -32.9672 4
      vertex -11.4336 -35.1891 -6
      vertex -16.7976 -32.9672 -6
    endloop
  endfacet
  facet normal 0.852646 0.52249 0
    outer loop
      vertex -29.9336 -21.7481 4
      vertex -32.9672 -16.7976 -6
      vertex -32.9672 -16.7976 4
    endloop
  endfacet
  facet normal 0.852646 0.52249 0
    outer loop
      vertex -32.9672 -16.7976 -6
      vertex -29.9336 -21.7481 4
      vertex -29.9336 -21.7481 -6
    endloop
  endfacet
  facet normal -0.23345 0.972369 0
    outer loop
      vertex 11.4336 -35.1891 -6
      vertex 5.78807 -36.5445 4
      vertex 11.4336 -35.1891 4
    endloop
  endfacet
  facet normal -0.23345 0.972369 0
    outer loop
      vertex 5.78807 -36.5445 4
      vertex 11.4336 -35.1891 -6
      vertex 5.78807 -36.5445 -6
    endloop
  endfacet
  facet normal -0.649418 0.760432 0
    outer loop
      vertex 26.163 -26.163 2
      vertex 26.163 -26.163 -6
      vertex 25.2095 -26.9773 2
    endloop
  endfacet
  facet normal -0.649446 0.760408 0
    outer loop
      vertex 25.2095 -26.9773 2
      vertex 21.7481 -29.9336 4
      vertex 25.2095 -26.9773 4
    endloop
  endfacet
  facet normal -0.64944 0.760413 -4.60801e-06
    outer loop
      vertex 21.7481 -29.9336 -6
      vertex 25.2095 -26.9773 2
      vertex 26.163 -26.163 -6
    endloop
  endfacet
  facet normal -0.649446 0.760408 0
    outer loop
      vertex 25.2095 -26.9773 2
      vertex 21.7481 -29.9336 -6
      vertex 21.7481 -29.9336 4
    endloop
  endfacet
  facet normal 0.996918 0.0784473 0
    outer loop
      vertex -36.9016 -1.25 4
      vertex -36.5445 -5.78807 4
      vertex -36.9016 -1.25 2
    endloop
  endfacet
  facet normal 0.996916 0.0784772 0
    outer loop
      vertex -36.9016 -1.25 2
      vertex -37 0 -6
      vertex -37 0 2
    endloop
  endfacet
  facet normal 0.996918 0.0784473 -0
    outer loop
      vertex -36.5445 -5.78807 -6
      vertex -36.9016 -1.25 2
      vertex -36.5445 -5.78807 4
    endloop
  endfacet
  facet normal 0.996918 0.0784538 -3.68345e-06
    outer loop
      vertex -36.9016 -1.25 2
      vertex -36.5445 -5.78807 -6
      vertex -37 0 -6
    endloop
  endfacet
  facet normal -0.972369 0.23345 0
    outer loop
      vertex 35.1891 -11.4336 -6
      vertex 36.5445 -5.78807 4
      vertex 36.5445 -5.78807 -6
    endloop
  endfacet
  facet normal -0.972369 0.23345 0
    outer loop
      vertex 36.5445 -5.78807 4
      vertex 35.1891 -11.4336 -6
      vertex 35.1891 -11.4336 4
    endloop
  endfacet
  facet normal -0.382692 -0.923876 0
    outer loop
      vertex 11.4336 35.1891 -6
      vertex 16.7976 32.9672 4
      vertex 11.4336 35.1891 4
    endloop
  endfacet
  facet normal -0.382692 -0.923876 -0
    outer loop
      vertex 16.7976 32.9672 4
      vertex 11.4336 35.1891 -6
      vertex 16.7976 32.9672 -6
    endloop
  endfacet
  facet normal -0.0784772 -0.996916 -0
    outer loop
      vertex 0 37 2
      vertex 0 37 -6
      vertex 1.25 36.9016 2
    endloop
  endfacet
  facet normal -0.0784473 -0.996918 0
    outer loop
      vertex 1.25 36.9016 2
      vertex 5.78807 36.5445 4
      vertex 1.25 36.9016 4
    endloop
  endfacet
  facet normal -0.0784538 -0.996918 -3.68345e-06
    outer loop
      vertex 5.78807 36.5445 -6
      vertex 1.25 36.9016 2
      vertex 0 37 -6
    endloop
  endfacet
  facet normal -0.0784473 -0.996918 0
    outer loop
      vertex 1.25 36.9016 2
      vertex 5.78807 36.5445 -6
      vertex 5.78807 36.5445 4
    endloop
  endfacet
  facet normal 0.852646 -0.52249 0
    outer loop
      vertex -32.9672 16.7976 4
      vertex -29.9336 21.7481 -6
      vertex -29.9336 21.7481 4
    endloop
  endfacet
  facet normal 0.852646 -0.52249 0
    outer loop
      vertex -29.9336 21.7481 -6
      vertex -32.9672 16.7976 4
      vertex -32.9672 16.7976 -6
    endloop
  endfacet
  facet normal 0 0 1
    outer loop
      vertex 25.5631 27.3308 4.5
      vertex 27.3308 25.5631 4.5
      vertex 26.5165 26.5165 4.5
    endloop
  endfacet
  facet normal 0 0 1
    outer loop
      vertex 25.5631 27.3308 4.5
      vertex 3.01777 1.25 4.5
      vertex 27.3308 25.5631 4.5
    endloop
  endfacet
  facet normal 0 0 1
    outer loop
      vertex 3.01777 1.25 4.5
      vertex 1.25 3.01777 4.5
      vertex 3.01777 -1.25 4.5
    endloop
  endfacet
  facet normal -0 0 1
    outer loop
      vertex 1.25 3.01777 4.5
      vertex 3.01777 1.25 4.5
      vertex 25.5631 27.3308 4.5
    endloop
  endfacet
  facet normal 0 0 1
    outer loop
      vertex 37.4016 1.25 4.5
      vertex 37.4016 -1.25 4.5
      vertex 37.5 0 4.5
    endloop
  endfacet
  facet normal -0 0 1
    outer loop
      vertex 3.01777 1.25 4.5
      vertex 37.4016 -1.25 4.5
      vertex 37.4016 1.25 4.5
    endloop
  endfacet
  facet normal 0 0 1
    outer loop
      vertex 37.4016 -1.25 4.5
      vertex 3.01777 1.25 4.5
      vertex 3.01777 -1.25 4.5
    endloop
  endfacet
  facet normal 0 0 1
    outer loop
      vertex 27.3308 -25.5631 4.5
      vertex 25.5631 -27.3308 4.5
      vertex 26.5165 -26.5165 4.5
    endloop
  endfacet
  facet normal 0 0 1
    outer loop
      vertex 3.01777 -1.25 4.5
      vertex 25.5631 -27.3308 4.5
      vertex 27.3308 -25.5631 4.5
    endloop
  endfacet
  facet normal 0 0 1
    outer loop
      vertex 3.01777 -1.25 4.5
      vertex 1.25 -3.01777 4.5
      vertex 25.5631 -27.3308 4.5
    endloop
  endfacet
  facet normal 0 0 1
    outer loop
      vertex 1.25 -3.01777 4.5
      vertex 3.01777 -1.25 4.5
      vertex 1.25 3.01777 4.5
    endloop
  endfacet
  facet normal -0 0 1
    outer loop
      vertex -37.4016 1.25 4.5
      vertex -3.01777 -1.25 4.5
      vertex -3.01777 1.25 4.5
    endloop
  endfacet
  facet normal 0 0 1
    outer loop
      vertex -37.4016 1.25 4.5
      vertex -37.4016 -1.25 4.5
      vertex -3.01777 -1.25 4.5
    endloop
  endfacet
  facet normal 0 -0 1
    outer loop
      vertex -37.4016 -1.25 4.5
      vertex -37.4016 1.25 4.5
      vertex -37.5 0 4.5
    endloop
  endfacet
  facet normal 0 0 1
    outer loop
      vertex -1.25 3.01777 4.5
      vertex -3.01777 1.25 4.5
      vertex -1.25 -3.01777 4.5
    endloop
  endfacet
  facet normal 0 0 1
    outer loop
      vertex -25.5631 27.3308 4.5
      vertex -3.01777 1.25 4.5
      vertex -1.25 3.01777 4.5
    endloop
  endfacet
  facet normal 0 0 1
    outer loop
      vertex -27.3308 25.5631 4.5
      vertex -25.5631 27.3308 4.5
      vertex -26.5165 26.5165 4.5
    endloop
  endfacet
  facet normal 0 0 1
    outer loop
      vertex -25.5631 27.3308 4.5
      vertex -27.3308 25.5631 4.5
      vertex -3.01777 1.25 4.5
    endloop
  endfacet
  facet normal 0 0 1
    outer loop
      vertex -1.25 3.01777 4.5
      vertex 1.25 3.01777 4.5
      vertex 1.25 37.4016 4.5
    endloop
  endfacet
  facet normal 0 0 1
    outer loop
      vertex 1.25 3.01777 4.5
      vertex -1.25 3.01777 4.5
      vertex 1.25 -3.01777 4.5
    endloop
  endfacet
  facet normal 0 0 1
    outer loop
      vertex -1.25 37.4016 4.5
      vertex 1.25 37.4016 4.5
      vertex 0 37.5 4.5
    endloop
  endfacet
  facet normal 0 0 1
    outer loop
      vertex -1.25 -3.01777 4.5
      vertex 1.25 -3.01777 4.5
      vertex -1.25 3.01777 4.5
    endloop
  endfacet
  facet normal 0 0 1
    outer loop
      vertex 1.25 37.4016 4.5
      vertex -1.25 37.4016 4.5
      vertex -1.25 3.01777 4.5
    endloop
  endfacet
  facet normal 0 0 1
    outer loop
      vertex 1.25 -3.01777 4.5
      vertex -1.25 -3.01777 4.5
      vertex 1.25 -37.4016 4.5
    endloop
  endfacet
  facet normal 0 0 1
    outer loop
      vertex -1.25 -37.4016 4.5
      vertex 1.25 -37.4016 4.5
      vertex -1.25 -3.01777 4.5
    endloop
  endfacet
  facet normal 0 0 1
    outer loop
      vertex 1.25 -37.4016 4.5
      vertex -1.25 -37.4016 4.5
      vertex 0 -37.5 4.5
    endloop
  endfacet
  facet normal -0 0 1
    outer loop
      vertex -3.01777 -1.25 4.5
      vertex -1.25 -3.01777 4.5
      vertex -3.01777 1.25 4.5
    endloop
  endfacet
  facet normal 0 0 1
    outer loop
      vertex -3.01777 -1.25 4.5
      vertex -25.5631 -27.3308 4.5
      vertex -1.25 -3.01777 4.5
    endloop
  endfacet
  facet normal -0 0 1
    outer loop
      vertex -27.3308 -25.5631 4.5
      vertex -25.5631 -27.3308 4.5
      vertex -3.01777 -1.25 4.5
    endloop
  endfacet
  facet normal 0 0 1
    outer loop
      vertex -25.5631 -27.3308 4.5
      vertex -27.3308 -25.5631 4.5
      vertex -26.5165 -26.5165 4.5
    endloop
  endfacet
  facet normal 0 0 -1
    outer loop
      vertex 25.2095 -26.9773 2
      vertex 26.9773 -25.2095 2
      vertex 26.163 -26.163 2
    endloop
  endfacet
  facet normal 0 0 -1
    outer loop
      vertex 25.2095 -26.9773 2
      vertex 3.01777 -1.25 2
      vertex 26.9773 -25.2095 2
    endloop
  endfacet
  facet normal -0 0 -1
    outer loop
      vertex 3.01777 -1.25 2
      vertex 1.25 -3.01777 2
      vertex 3.01777 1.25 2
    endloop
  endfacet
  facet normal 0 0 -1
    outer loop
      vertex 1.25 -3.01777 2
      vertex 3.01777 -1.25 2
      vertex 25.2095 -26.9773 2
    endloop
  endfacet
  facet normal 0 0 -1
    outer loop
      vertex 36.9016 -1.25 2
      vertex 36.9016 1.25 2
      vertex 37 0 2
    endloop
  endfacet
  facet normal 0 0 -1
    outer loop
      vertex 3.01777 -1.25 2
      vertex 36.9016 1.25 2
      vertex 36.9016 -1.25 2
    endloop
  endfacet
  facet normal -0 0 -1
    outer loop
      vertex 36.9016 1.25 2
      vertex 3.01777 -1.25 2
      vertex 3.01777 1.25 2
    endloop
  endfacet
  facet normal 0 0 -1
    outer loop
      vertex 26.9773 25.2095 2
      vertex 25.2095 26.9773 2
      vertex 26.163 26.163 2
    endloop
  endfacet
  facet normal 0 0 -1
    outer loop
      vertex 3.01777 1.25 2
      vertex 25.2095 26.9773 2
      vertex 26.9773 25.2095 2
    endloop
  endfacet
  facet normal 0 0 -1
    outer loop
      vertex 3.01777 1.25 2
      vertex 1.25 3.01777 2
      vertex 25.2095 26.9773 2
    endloop
  endfacet
  facet normal 0 0 -1
    outer loop
      vertex 1.25 3.01777 2
      vertex 3.01777 1.25 2
      vertex 1.25 -3.01777 2
    endloop
  endfacet
  facet normal 0 0 -1
    outer loop
      vertex -36.9016 -1.25 2
      vertex -3.01777 1.25 2
      vertex -3.01777 -1.25 2
    endloop
  endfacet
  facet normal 0 0 -1
    outer loop
      vertex -36.9016 -1.25 2
      vertex -36.9016 1.25 2
      vertex -3.01777 1.25 2
    endloop
  endfacet
  facet normal 0 -0 -1
    outer loop
      vertex -36.9016 1.25 2
      vertex -36.9016 -1.25 2
      vertex -37 0 2
    endloop
  endfacet
  facet normal 0 0 -1
    outer loop
      vertex -1.25 -3.01777 2
      vertex -3.01777 -1.25 2
      vertex -1.25 3.01777 2
    endloop
  endfacet
  facet normal 0 0 -1
    outer loop
      vertex -25.2095 -26.9773 2
      vertex -3.01777 -1.25 2
      vertex -1.25 -3.01777 2
    endloop
  endfacet
  facet normal 0 0 -1
    outer loop
      vertex -26.9773 -25.2095 2
      vertex -25.2095 -26.9773 2
      vertex -26.163 -26.163 2
    endloop
  endfacet
  facet normal 0 0 -1
    outer loop
      vertex -25.2095 -26.9773 2
      vertex -26.9773 -25.2095 2
      vertex -3.01777 -1.25 2
    endloop
  endfacet
  facet normal 0 0 -1
    outer loop
      vertex -1.25 -3.01777 2
      vertex 1.25 -3.01777 2
      vertex 1.25 -36.9016 2
    endloop
  endfacet
  facet normal 0 0 -1
    outer loop
      vertex 1.25 -3.01777 2
      vertex -1.25 -3.01777 2
      vertex 1.25 3.01777 2
    endloop
  endfacet
  facet normal 0 0 -1
    outer loop
      vertex -1.25 -36.9016 2
      vertex 1.25 -36.9016 2
      vertex 0 -37 2
    endloop
  endfacet
  facet normal 0 0 -1
    outer loop
      vertex -1.25 3.01777 2
      vertex 1.25 3.01777 2
      vertex -1.25 -3.01777 2
    endloop
  endfacet
  facet normal 0 0 -1
    outer loop
      vertex 1.25 -36.9016 2
      vertex -1.25 -36.9016 2
      vertex -1.25 -3.01777 2
    endloop
  endfacet
  facet normal 0 0 -1
    outer loop
      vertex 1.25 3.01777 2
      vertex -1.25 3.01777 2
      vertex 1.25 36.9016 2
    endloop
  endfacet
  facet normal 0 0 -1
    outer loop
      vertex -1.25 36.9016 2
      vertex 1.25 36.9016 2
      vertex -1.25 3.01777 2
    endloop
  endfacet
  facet normal 0 0 -1
    outer loop
      vertex 1.25 36.9016 2
      vertex -1.25 36.9016 2
      vertex 0 37 2
    endloop
  endfacet
  facet normal 0 0 -1
    outer loop
      vertex -3.01777 1.25 2
      vertex -1.25 3.01777 2
      vertex -3.01777 -1.25 2
    endloop
  endfacet
  facet normal 0 0 -1
    outer loop
      vertex -3.01777 1.25 2
      vertex -25.2095 26.9773 2
      vertex -1.25 3.01777 2
    endloop
  endfacet
  facet normal 0 0 -1
    outer loop
      vertex -26.9773 25.2095 2
      vertex -25.2095 26.9773 2
      vertex -3.01777 1.25 2
    endloop
  endfacet
  facet normal 0 0 -1
    outer loop
      vertex -25.2095 26.9773 2
      vertex -26.9773 25.2095 2
      vertex -26.163 26.163 2
    endloop
  endfacet
  facet normal 0 1 0
    outer loop
      vertex -3.01777 1.25 4.5
      vertex -36.9016 1.25 4
      vertex -37.4016 1.25 4.5
    endloop
  endfacet
  facet normal 0 1 -0
    outer loop
      vertex -3.01777 1.25 2
      vertex -36.9016 1.25 4
      vertex -3.01777 1.25 4.5
    endloop
  endfacet
  facet normal 0 1 0
    outer loop
      vertex -36.9016 1.25 4
      vertex -3.01777 1.25 2
      vertex -36.9016 1.25 2
    endloop
  endfacet
  facet normal 0 1 0
    outer loop
      vertex -37.4016 1.25 4.5
      vertex -36.9016 1.25 4
      vertex -37.4016 1.25 4
    endloop
  endfacet
  facet normal 0 1 0
    outer loop
      vertex 36.9016 1.25 4
      vertex 37.4016 1.25 4.5
      vertex 37.4016 1.25 4
    endloop
  endfacet
  facet normal 0 1 0
    outer loop
      vertex 37.4016 1.25 4.5
      vertex 36.9016 1.25 4
      vertex 3.01777 1.25 4.5
    endloop
  endfacet
  facet normal 0 1 0
    outer loop
      vertex 3.01777 1.25 2
      vertex 36.9016 1.25 4
      vertex 36.9016 1.25 2
    endloop
  endfacet
  facet normal 0 1 0
    outer loop
      vertex 36.9016 1.25 4
      vertex 3.01777 1.25 2
      vertex 3.01777 1.25 4.5
    endloop
  endfacet
  facet normal 0 -1 0
    outer loop
      vertex -36.9016 -1.25 4
      vertex -37.4016 -1.25 4.5
      vertex -37.4016 -1.25 4
    endloop
  endfacet
  facet normal 0 -1 0
    outer loop
      vertex -37.4016 -1.25 4.5
      vertex -36.9016 -1.25 4
      vertex -3.01777 -1.25 4.5
    endloop
  endfacet
  facet normal 0 -1 0
    outer loop
      vertex -3.01777 -1.25 2
      vertex -36.9016 -1.25 4
      vertex -36.9016 -1.25 2
    endloop
  endfacet
  facet normal 0 -1 0
    outer loop
      vertex -36.9016 -1.25 4
      vertex -3.01777 -1.25 2
      vertex -3.01777 -1.25 4.5
    endloop
  endfacet
  facet normal 0 -1 0
    outer loop
      vertex 3.01777 -1.25 4.5
      vertex 36.9016 -1.25 4
      vertex 37.4016 -1.25 4.5
    endloop
  endfacet
  facet normal 0 -1 0
    outer loop
      vertex 3.01777 -1.25 2
      vertex 36.9016 -1.25 4
      vertex 3.01777 -1.25 4.5
    endloop
  endfacet
  facet normal 0 -1 -0
    outer loop
      vertex 36.9016 -1.25 4
      vertex 3.01777 -1.25 2
      vertex 36.9016 -1.25 2
    endloop
  endfacet
  facet normal 0 -1 -0
    outer loop
      vertex 37.4016 -1.25 4.5
      vertex 36.9016 -1.25 4
      vertex 37.4016 -1.25 4
    endloop
  endfacet
  facet normal -0.707106 0.707107 0
    outer loop
      vertex -26.9773 -25.2095 4
      vertex -3.01777 -1.25 2
      vertex -26.9773 -25.2095 2
    endloop
  endfacet
  facet normal -0.707106 0.707107 0
    outer loop
      vertex -3.01777 -1.25 2
      vertex -26.9773 -25.2095 4
      vertex -3.01777 -1.25 4.5
    endloop
  endfacet
  facet normal -0.707207 0.707007 0
    outer loop
      vertex -27.3308 -25.5631 4.5
      vertex -26.9773 -25.2095 4
      vertex -27.3308 -25.5631 4
    endloop
  endfacet
  facet normal -0.707108 0.707106 0.000139982
    outer loop
      vertex -26.9773 -25.2095 4
      vertex -27.3308 -25.5631 4.5
      vertex -3.01777 -1.25 4.5
    endloop
  endfacet
  facet normal -0.707107 0.707106 0
    outer loop
      vertex 25.2095 26.9773 2
      vertex 1.25 3.01777 2
      vertex 25.2095 26.9773 4
    endloop
  endfacet
  facet normal -0.707007 0.707207 0
    outer loop
      vertex 25.2095 26.9773 4
      vertex 25.5631 27.3308 4.5
      vertex 25.5631 27.3308 4
    endloop
  endfacet
  facet normal -0.707107 0.707106 0
    outer loop
      vertex 1.25 3.01777 4.5
      vertex 25.2095 26.9773 4
      vertex 1.25 3.01777 2
    endloop
  endfacet
  facet normal -0.707106 0.707108 0.000139982
    outer loop
      vertex 25.2095 26.9773 4
      vertex 1.25 3.01777 4.5
      vertex 25.5631 27.3308 4.5
    endloop
  endfacet
  facet normal 0.707107 -0.707106 0
    outer loop
      vertex -1.25 -3.01777 4.5
      vertex -25.2095 -26.9773 4
      vertex -1.25 -3.01777 2
    endloop
  endfacet
  facet normal 0.707106 -0.707108 0.000139982
    outer loop
      vertex -25.5631 -27.3308 4.5
      vertex -25.2095 -26.9773 4
      vertex -1.25 -3.01777 4.5
    endloop
  endfacet
  facet normal 0.707007 -0.707207 0
    outer loop
      vertex -25.2095 -26.9773 4
      vertex -25.5631 -27.3308 4.5
      vertex -25.5631 -27.3308 4
    endloop
  endfacet
  facet normal 0.707107 -0.707106 0
    outer loop
      vertex -1.25 -3.01777 2
      vertex -25.2095 -26.9773 4
      vertex -25.2095 -26.9773 2
    endloop
  endfacet
  facet normal 0.707207 -0.707007 0
    outer loop
      vertex 27.3308 25.5631 4.5
      vertex 26.9773 25.2095 4
      vertex 27.3308 25.5631 4
    endloop
  endfacet
  facet normal 0.707108 -0.707106 0.000139982
    outer loop
      vertex 3.01777 1.25 4.5
      vertex 26.9773 25.2095 4
      vertex 27.3308 25.5631 4.5
    endloop
  endfacet
  facet normal 0.707106 -0.707107 0
    outer loop
      vertex 3.01777 1.25 2
      vertex 26.9773 25.2095 4
      vertex 3.01777 1.25 4.5
    endloop
  endfacet
  facet normal 0.707106 -0.707107 0
    outer loop
      vertex 26.9773 25.2095 4
      vertex 3.01777 1.25 2
      vertex 26.9773 25.2095 2
    endloop
  endfacet
  facet normal -1 0 0
    outer loop
      vertex -1.25 -36.9016 4
      vertex -1.25 -3.01777 2
      vertex -1.25 -36.9016 2
    endloop
  endfacet
  facet normal -1 0 0
    outer loop
      vertex -1.25 -3.01777 2
      vertex -1.25 -36.9016 4
      vertex -1.25 -3.01777 4.5
    endloop
  endfacet
  facet normal -1 0 0
    outer loop
      vertex -1.25 -37.4016 4.5
      vertex -1.25 -36.9016 4
      vertex -1.25 -37.4016 4
    endloop
  endfacet
  facet normal -1 0 0
    outer loop
      vertex -1.25 -36.9016 4
      vertex -1.25 -37.4016 4.5
      vertex -1.25 -3.01777 4.5
    endloop
  endfacet
  facet normal -1 0 0
    outer loop
      vertex -1.25 36.9016 2
      vertex -1.25 3.01777 2
      vertex -1.25 36.9016 4
    endloop
  endfacet
  facet normal -1 0 0
    outer loop
      vertex -1.25 36.9016 4
      vertex -1.25 37.4016 4.5
      vertex -1.25 37.4016 4
    endloop
  endfacet
  facet normal -1 0 0
    outer loop
      vertex -1.25 3.01777 4.5
      vertex -1.25 36.9016 4
      vertex -1.25 3.01777 2
    endloop
  endfacet
  facet normal -1 0 0
    outer loop
      vertex -1.25 36.9016 4
      vertex -1.25 3.01777 4.5
      vertex -1.25 37.4016 4.5
    endloop
  endfacet
  facet normal 1 0 0
    outer loop
      vertex 1.25 37.4016 4.5
      vertex 1.25 36.9016 4
      vertex 1.25 37.4016 4
    endloop
  endfacet
  facet normal 1 -0 0
    outer loop
      vertex 1.25 3.01777 4.5
      vertex 1.25 36.9016 4
      vertex 1.25 37.4016 4.5
    endloop
  endfacet
  facet normal 1 0 0
    outer loop
      vertex 1.25 3.01777 2
      vertex 1.25 36.9016 4
      vertex 1.25 3.01777 4.5
    endloop
  endfacet
  facet normal 1 0 0
    outer loop
      vertex 1.25 36.9016 4
      vertex 1.25 3.01777 2
      vertex 1.25 36.9016 2
    endloop
  endfacet
  facet normal 1 0 0
    outer loop
      vertex 1.25 -3.01777 4.5
      vertex 1.25 -36.9016 4
      vertex 1.25 -3.01777 2
    endloop
  endfacet
  facet normal 1 -0 0
    outer loop
      vertex 1.25 -37.4016 4.5
      vertex 1.25 -36.9016 4
      vertex 1.25 -3.01777 4.5
    endloop
  endfacet
  facet normal 1 0 0
    outer loop
      vertex 1.25 -36.9016 4
      vertex 1.25 -37.4016 4.5
      vertex 1.25 -37.4016 4
    endloop
  endfacet
  facet normal 1 0 0
    outer loop
      vertex 1.25 -3.01777 2
      vertex 1.25 -36.9016 4
      vertex 1.25 -36.9016 2
    endloop
  endfacet
  facet normal -0.707106 -0.707107 0
    outer loop
      vertex -26.9773 25.2095 2
      vertex -3.01777 1.25 2
      vertex -26.9773 25.2095 4
    endloop
  endfacet
  facet normal -0.707207 -0.707007 0
    outer loop
      vertex -26.9773 25.2095 4
      vertex -27.3308 25.5631 4.5
      vertex -27.3308 25.5631 4
    endloop
  endfacet
  facet normal -0.707106 -0.707107 -0
    outer loop
      vertex -3.01777 1.25 4.5
      vertex -26.9773 25.2095 4
      vertex -3.01777 1.25 2
    endloop
  endfacet
  facet normal -0.707108 -0.707106 0.000139982
    outer loop
      vertex -26.9773 25.2095 4
      vertex -3.01777 1.25 4.5
      vertex -27.3308 25.5631 4.5
    endloop
  endfacet
  facet normal -0.707107 -0.707106 -0
    outer loop
      vertex 25.2095 -26.9773 4
      vertex 1.25 -3.01777 2
      vertex 25.2095 -26.9773 2
    endloop
  endfacet
  facet normal -0.707107 -0.707106 0
    outer loop
      vertex 1.25 -3.01777 2
      vertex 25.2095 -26.9773 4
      vertex 1.25 -3.01777 4.5
    endloop
  endfacet
  facet normal -0.707007 -0.707207 -0
    outer loop
      vertex 25.5631 -27.3308 4.5
      vertex 25.2095 -26.9773 4
      vertex 25.5631 -27.3308 4
    endloop
  endfacet
  facet normal -0.707106 -0.707108 0.000139982
    outer loop
      vertex 25.2095 -26.9773 4
      vertex 25.5631 -27.3308 4.5
      vertex 1.25 -3.01777 4.5
    endloop
  endfacet
  facet normal 0.707007 0.707207 0
    outer loop
      vertex -25.5631 27.3308 4.5
      vertex -25.2095 26.9773 4
      vertex -25.5631 27.3308 4
    endloop
  endfacet
  facet normal 0.707106 0.707108 0.000139982
    outer loop
      vertex -1.25 3.01777 4.5
      vertex -25.2095 26.9773 4
      vertex -25.5631 27.3308 4.5
    endloop
  endfacet
  facet normal 0.707107 0.707106 -0
    outer loop
      vertex -1.25 3.01777 2
      vertex -25.2095 26.9773 4
      vertex -1.25 3.01777 4.5
    endloop
  endfacet
  facet normal 0.707107 0.707106 0
    outer loop
      vertex -25.2095 26.9773 4
      vertex -1.25 3.01777 2
      vertex -25.2095 26.9773 2
    endloop
  endfacet
  facet normal 0.707106 0.707107 0
    outer loop
      vertex 3.01777 -1.25 4.5
      vertex 26.9773 -25.2095 4
      vertex 3.01777 -1.25 2
    endloop
  endfacet
  facet normal 0.707108 0.707106 0.000139982
    outer loop
      vertex 27.3308 -25.5631 4.5
      vertex 26.9773 -25.2095 4
      vertex 3.01777 -1.25 4.5
    endloop
  endfacet
  facet normal 0.707207 0.707007 0
    outer loop
      vertex 26.9773 -25.2095 4
      vertex 27.3308 -25.5631 4.5
      vertex 27.3308 -25.5631 4
    endloop
  endfacet
  facet normal 0.707106 0.707107 0
    outer loop
      vertex 3.01777 -1.25 2
      vertex 26.9773 -25.2095 4
      vertex 26.9773 -25.2095 2
    endloop
  endfacet
  facet normal 0.996916 0.0784772 0
    outer loop
      vertex 37.5 0 4.5
      vertex 37.4016 1.25 4
      vertex 37.4016 1.25 4.5
    endloop
  endfacet
  facet normal 0.996916 0.0784772 0
    outer loop
      vertex 37.4016 1.25 4
      vertex 37.5 0 4.5
      vertex 37.5 0 4
    endloop
  endfacet
  facet normal -0.649457 0.760398 0
    outer loop
      vertex -25.5631 27.3308 4
      vertex -26.5165 26.5165 4.5
      vertex -25.5631 27.3308 4.5
    endloop
  endfacet
  facet normal -0.649457 0.760398 0
    outer loop
      vertex -26.5165 26.5165 4.5
      vertex -25.5631 27.3308 4
      vertex -26.5165 26.5165 4
    endloop
  endfacet
  facet normal 0.760398 -0.649457 0
    outer loop
      vertex 26.5165 -26.5165 4.5
      vertex 27.3308 -25.5631 4
      vertex 27.3308 -25.5631 4.5
    endloop
  endfacet
  facet normal 0.760398 -0.649457 0
    outer loop
      vertex 27.3308 -25.5631 4
      vertex 26.5165 -26.5165 4.5
      vertex 26.5165 -26.5165 4
    endloop
  endfacet
  facet normal 0.996916 -0.0784772 0
    outer loop
      vertex 37.4016 -1.25 4.5
      vertex 37.5 0 4
      vertex 37.5 0 4.5
    endloop
  endfacet
  facet normal 0.996916 -0.0784772 0
    outer loop
      vertex 37.5 0 4
      vertex 37.4016 -1.25 4.5
      vertex 37.4016 -1.25 4
    endloop
  endfacet
  facet normal -0.996916 0.0784772 0
    outer loop
      vertex -37.5 0 4
      vertex -37.4016 1.25 4.5
      vertex -37.4016 1.25 4
    endloop
  endfacet
  facet normal -0.996916 0.0784772 0
    outer loop
      vertex -37.4016 1.25 4.5
      vertex -37.5 0 4
      vertex -37.5 0 4.5
    endloop
  endfacet
  facet normal -0.0784772 0.996916 0
    outer loop
      vertex 0 37.5 4
      vertex -1.25 37.4016 4.5
      vertex 0 37.5 4.5
    endloop
  endfacet
  facet normal -0.0784772 0.996916 0
    outer loop
      vertex -1.25 37.4016 4.5
      vertex 0 37.5 4
      vertex -1.25 37.4016 4
    endloop
  endfacet
  facet normal -0.760398 -0.649457 0
    outer loop
      vertex -26.5165 -26.5165 4
      vertex -27.3308 -25.5631 4.5
      vertex -27.3308 -25.5631 4
    endloop
  endfacet
  facet normal -0.760398 -0.649457 0
    outer loop
      vertex -27.3308 -25.5631 4.5
      vertex -26.5165 -26.5165 4
      vertex -26.5165 -26.5165 4.5
    endloop
  endfacet
  facet normal -0.649457 -0.760398 0
    outer loop
      vertex -26.5165 -26.5165 4
      vertex -25.5631 -27.3308 4.5
      vertex -26.5165 -26.5165 4.5
    endloop
  endfacet
  facet normal -0.649457 -0.760398 -0
    outer loop
      vertex -25.5631 -27.3308 4.5
      vertex -26.5165 -26.5165 4
      vertex -25.5631 -27.3308 4
    endloop
  endfacet
  facet normal -0.0784772 -0.996916 0
    outer loop
      vertex -1.25 -37.4016 4
      vertex 0 -37.5 4.5
      vertex -1.25 -37.4016 4.5
    endloop
  endfacet
  facet normal -0.0784772 -0.996916 -0
    outer loop
      vertex 0 -37.5 4.5
      vertex -1.25 -37.4016 4
      vertex 0 -37.5 4
    endloop
  endfacet
  facet normal -0.760398 0.649457 0
    outer loop
      vertex -27.3308 25.5631 4
      vertex -26.5165 26.5165 4.5
      vertex -26.5165 26.5165 4
    endloop
  endfacet
  facet normal -0.760398 0.649457 0
    outer loop
      vertex -26.5165 26.5165 4.5
      vertex -27.3308 25.5631 4
      vertex -27.3308 25.5631 4.5
    endloop
  endfacet
  facet normal 0.760398 0.649457 0
    outer loop
      vertex 27.3308 25.5631 4.5
      vertex 26.5165 26.5165 4
      vertex 26.5165 26.5165 4.5
    endloop
  endfacet
  facet normal 0.760398 0.649457 0
    outer loop
      vertex 26.5165 26.5165 4
      vertex 27.3308 25.5631 4.5
      vertex 27.3308 25.5631 4
    endloop
  endfacet
  facet normal 0.649457 0.760398 -0
    outer loop
      vertex 26.5165 26.5165 4
      vertex 25.5631 27.3308 4.5
      vertex 26.5165 26.5165 4.5
    endloop
  endfacet
  facet normal 0.649457 0.760398 0
    outer loop
      vertex 25.5631 27.3308 4.5
      vertex 26.5165 26.5165 4
      vertex 25.5631 27.3308 4
    endloop
  endfacet
  facet normal 0.0784772 -0.996916 0
    outer loop
      vertex 0 -37.5 4
      vertex 1.25 -37.4016 4.5
      vertex 0 -37.5 4.5
    endloop
  endfacet
  facet normal 0.0784772 -0.996916 0
    outer loop
      vertex 1.25 -37.4016 4.5
      vertex 0 -37.5 4
      vertex 1.25 -37.4016 4
    endloop
  endfacet
  facet normal 0.649457 -0.760398 0
    outer loop
      vertex 25.5631 -27.3308 4
      vertex 26.5165 -26.5165 4.5
      vertex 25.5631 -27.3308 4.5
    endloop
  endfacet
  facet normal 0.649457 -0.760398 0
    outer loop
      vertex 26.5165 -26.5165 4.5
      vertex 25.5631 -27.3308 4
      vertex 26.5165 -26.5165 4
    endloop
  endfacet
  facet normal -0.996916 -0.0784772 0
    outer loop
      vertex -37.4016 -1.25 4
      vertex -37.5 0 4.5
      vertex -37.5 0 4
    endloop
  endfacet
  facet normal -0.996916 -0.0784772 0
    outer loop
      vertex -37.5 0 4.5
      vertex -37.4016 -1.25 4
      vertex -37.4016 -1.25 4.5
    endloop
  endfacet
  facet normal 0.0784772 0.996916 -0
    outer loop
      vertex 1.25 37.4016 4
      vertex 0 37.5 4.5
      vertex 1.25 37.4016 4.5
    endloop
  endfacet
  facet normal 0.0784772 0.996916 0
    outer loop
      vertex 0 37.5 4.5
      vertex 1.25 37.4016 4
      vertex 0 37.5 4
    endloop
  endfacet
  facet normal -0.972368 -0.233453 0
    outer loop
      vertex -61.2063 -50.8541 4
      vertex -61.4261 -49.9386 20
      vertex -61.4261 -49.9386 4
    endloop
  endfacet
  facet normal -0.972368 -0.233453 0
    outer loop
      vertex -61.4261 -49.9386 20
      vertex -61.2063 -50.8541 4
      vertex -61.2063 -50.8541 20
    endloop
  endfacet
  facet normal 0.972368 0.233453 0
    outer loop
      vertex -49.5739 -48.0614 20
      vertex -49.7937 -47.1459 4
      vertex -49.7937 -47.1459 20
    endloop
  endfacet
  facet normal 0.972368 0.233453 0
    outer loop
      vertex -49.7937 -47.1459 4
      vertex -49.5739 -48.0614 20
      vertex -49.5739 -48.0614 4
    endloop
  endfacet
  facet normal 0.996915 0.0784914 0
    outer loop
      vertex -49.5 -49 20
      vertex -49.5739 -48.0614 4
      vertex -49.5739 -48.0614 20
    endloop
  endfacet
  facet normal 0.996915 0.0784914 0
    outer loop
      vertex -49.5739 -48.0614 4
      vertex -49.5 -49 20
      vertex -49.5 -49 4
    endloop
  endfacet
  facet normal 0.923873 0.382699 0
    outer loop
      vertex -49.7937 -47.1459 20
      vertex -50.154 -46.2761 4
      vertex -50.154 -46.2761 20
    endloop
  endfacet
  facet normal 0.923873 0.382699 0
    outer loop
      vertex -50.154 -46.2761 4
      vertex -49.7937 -47.1459 20
      vertex -49.7937 -47.1459 4
    endloop
  endfacet
  facet normal 0.382699 -0.923873 0
    outer loop
      vertex -53.6459 -54.7063 4
      vertex -52.7761 -54.346 20
      vertex -53.6459 -54.7063 20
    endloop
  endfacet
  facet normal 0.382699 -0.923873 0
    outer loop
      vertex -52.7761 -54.346 20
      vertex -53.6459 -54.7063 4
      vertex -52.7761 -54.346 4
    endloop
  endfacet
  facet normal 0.852667 -0.522455 0
    outer loop
      vertex -50.6459 -52.5267 20
      vertex -50.154 -51.7239 4
      vertex -50.154 -51.7239 20
    endloop
  endfacet
  facet normal 0.852667 -0.522455 0
    outer loop
      vertex -50.154 -51.7239 4
      vertex -50.6459 -52.5267 20
      vertex -50.6459 -52.5267 4
    endloop
  endfacet
  facet normal -0.649487 0.760373 0
    outer loop
      vertex -59.0267 -44.1459 4
      vertex -59.7426 -44.7574 20
      vertex -59.0267 -44.1459 20
    endloop
  endfacet
  facet normal -0.649487 0.760373 0
    outer loop
      vertex -59.7426 -44.7574 20
      vertex -59.0267 -44.1459 4
      vertex -59.7426 -44.7574 4
    endloop
  endfacet
  facet normal -0.382699 0.923873 0
    outer loop
      vertex -57.3541 -43.2937 4
      vertex -58.2239 -43.654 20
      vertex -57.3541 -43.2937 20
    endloop
  endfacet
  facet normal -0.382699 0.923873 0
    outer loop
      vertex -58.2239 -43.654 20
      vertex -57.3541 -43.2937 4
      vertex -58.2239 -43.654 4
    endloop
  endfacet
  facet normal 0.760373 -0.649487 0
    outer loop
      vertex -51.2574 -53.2426 20
      vertex -50.6459 -52.5267 4
      vertex -50.6459 -52.5267 20
    endloop
  endfacet
  facet normal 0.760373 -0.649487 0
    outer loop
      vertex -50.6459 -52.5267 4
      vertex -51.2574 -53.2426 20
      vertex -51.2574 -53.2426 4
    endloop
  endfacet
  facet normal 0.996915 -0.0784914 0
    outer loop
      vertex -49.5739 -49.9386 20
      vertex -49.5 -49 4
      vertex -49.5 -49 20
    endloop
  endfacet
  facet normal 0.996915 -0.0784914 0
    outer loop
      vertex -49.5 -49 4
      vertex -49.5739 -49.9386 20
      vertex -49.5739 -49.9386 4
    endloop
  endfacet
  facet normal 0.923873 -0.382699 0
    outer loop
      vertex -50.154 -51.7239 20
      vertex -49.7937 -50.8541 4
      vertex -49.7937 -50.8541 20
    endloop
  endfacet
  facet normal 0.923873 -0.382699 0
    outer loop
      vertex -49.7937 -50.8541 4
      vertex -50.154 -51.7239 20
      vertex -50.154 -51.7239 4
    endloop
  endfacet
  facet normal -0.923873 -0.382699 0
    outer loop
      vertex -60.846 -51.7239 4
      vertex -61.2063 -50.8541 20
      vertex -61.2063 -50.8541 4
    endloop
  endfacet
  facet normal -0.923873 -0.382699 0
    outer loop
      vertex -61.2063 -50.8541 20
      vertex -60.846 -51.7239 4
      vertex -60.846 -51.7239 20
    endloop
  endfacet
  facet normal -0.996915 0.0784914 0
    outer loop
      vertex -61.5 -49 4
      vertex -61.4261 -48.0614 20
      vertex -61.4261 -48.0614 4
    endloop
  endfacet
  facet normal -0.996915 0.0784914 0
    outer loop
      vertex -61.4261 -48.0614 20
      vertex -61.5 -49 4
      vertex -61.5 -49 20
    endloop
  endfacet
  facet normal -0.972368 0.233453 0
    outer loop
      vertex -61.4261 -48.0614 4
      vertex -61.2063 -47.1459 20
      vertex -61.2063 -47.1459 4
    endloop
  endfacet
  facet normal -0.972368 0.233453 0
    outer loop
      vertex -61.2063 -47.1459 20
      vertex -61.4261 -48.0614 4
      vertex -61.4261 -48.0614 20
    endloop
  endfacet
  facet normal 0.233453 0.972368 -0
    outer loop
      vertex -53.6459 -43.2937 4
      vertex -54.5614 -43.0739 20
      vertex -53.6459 -43.2937 20
    endloop
  endfacet
  facet normal 0.233453 0.972368 0
    outer loop
      vertex -54.5614 -43.0739 20
      vertex -53.6459 -43.2937 4
      vertex -54.5614 -43.0739 4
    endloop
  endfacet
  facet normal -0.0784914 0.996915 0
    outer loop
      vertex -55.5 -43 4
      vertex -56.4386 -43.0739 20
      vertex -55.5 -43 20
    endloop
  endfacet
  facet normal -0.0784914 0.996915 0
    outer loop
      vertex -56.4386 -43.0739 20
      vertex -55.5 -43 4
      vertex -56.4386 -43.0739 4
    endloop
  endfacet
  facet normal -0.760373 -0.649487 0
    outer loop
      vertex -59.7426 -53.2426 4
      vertex -60.3541 -52.5267 20
      vertex -60.3541 -52.5267 4
    endloop
  endfacet
  facet normal -0.760373 -0.649487 0
    outer loop
      vertex -60.3541 -52.5267 20
      vertex -59.7426 -53.2426 4
      vertex -59.7426 -53.2426 20
    endloop
  endfacet
  facet normal -0.233453 -0.972368 0
    outer loop
      vertex -57.3541 -54.7063 4
      vertex -56.4386 -54.9261 20
      vertex -57.3541 -54.7063 20
    endloop
  endfacet
  facet normal -0.233453 -0.972368 -0
    outer loop
      vertex -56.4386 -54.9261 20
      vertex -57.3541 -54.7063 4
      vertex -56.4386 -54.9261 4
    endloop
  endfacet
  facet normal -0.649487 -0.760373 0
    outer loop
      vertex -59.7426 -53.2426 4
      vertex -59.0267 -53.8541 20
      vertex -59.7426 -53.2426 20
    endloop
  endfacet
  facet normal -0.649487 -0.760373 -0
    outer loop
      vertex -59.0267 -53.8541 20
      vertex -59.7426 -53.2426 4
      vertex -59.0267 -53.8541 4
    endloop
  endfacet
  facet normal 0.852667 0.522455 0
    outer loop
      vertex -50.154 -46.2761 20
      vertex -50.6459 -45.4733 4
      vertex -50.6459 -45.4733 20
    endloop
  endfacet
  facet normal 0.852667 0.522455 0
    outer loop
      vertex -50.6459 -45.4733 4
      vertex -50.154 -46.2761 20
      vertex -50.154 -46.2761 4
    endloop
  endfacet
  facet normal -0.923873 0.382699 0
    outer loop
      vertex -61.2063 -47.1459 4
      vertex -60.846 -46.2761 20
      vertex -60.846 -46.2761 4
    endloop
  endfacet
  facet normal -0.923873 0.382699 0
    outer loop
      vertex -60.846 -46.2761 20
      vertex -61.2063 -47.1459 4
      vertex -61.2063 -47.1459 20
    endloop
  endfacet
  facet normal -0.522455 0.852667 0
    outer loop
      vertex -58.2239 -43.654 4
      vertex -59.0267 -44.1459 20
      vertex -58.2239 -43.654 20
    endloop
  endfacet
  facet normal -0.522455 0.852667 0
    outer loop
      vertex -59.0267 -44.1459 20
      vertex -58.2239 -43.654 4
      vertex -59.0267 -44.1459 4
    endloop
  endfacet
  facet normal -0.0784914 -0.996915 0
    outer loop
      vertex -56.4386 -54.9261 4
      vertex -55.5 -55 20
      vertex -56.4386 -54.9261 20
    endloop
  endfacet
  facet normal -0.0784914 -0.996915 -0
    outer loop
      vertex -55.5 -55 20
      vertex -56.4386 -54.9261 4
      vertex -55.5 -55 4
    endloop
  endfacet
  facet normal 0.522455 0.852667 -0
    outer loop
      vertex -51.9733 -44.1459 4
      vertex -52.7761 -43.654 20
      vertex -51.9733 -44.1459 20
    endloop
  endfacet
  facet normal 0.522455 0.852667 0
    outer loop
      vertex -52.7761 -43.654 20
      vertex -51.9733 -44.1459 4
      vertex -52.7761 -43.654 4
    endloop
  endfacet
  facet normal 0.522455 -0.852667 0
    outer loop
      vertex -52.7761 -54.346 4
      vertex -51.9733 -53.8541 20
      vertex -52.7761 -54.346 20
    endloop
  endfacet
  facet normal 0.522455 -0.852667 0
    outer loop
      vertex -51.9733 -53.8541 20
      vertex -52.7761 -54.346 4
      vertex -51.9733 -53.8541 4
    endloop
  endfacet
  facet normal -0.760373 0.649487 0
    outer loop
      vertex -60.3541 -45.4733 4
      vertex -59.7426 -44.7574 20
      vertex -59.7426 -44.7574 4
    endloop
  endfacet
  facet normal -0.760373 0.649487 0
    outer loop
      vertex -59.7426 -44.7574 20
      vertex -60.3541 -45.4733 4
      vertex -60.3541 -45.4733 20
    endloop
  endfacet
  facet normal -0.233453 0.972368 0
    outer loop
      vertex -56.4386 -43.0739 4
      vertex -57.3541 -43.2937 20
      vertex -56.4386 -43.0739 20
    endloop
  endfacet
  facet normal -0.233453 0.972368 0
    outer loop
      vertex -57.3541 -43.2937 20
      vertex -56.4386 -43.0739 4
      vertex -57.3541 -43.2937 4
    endloop
  endfacet
  facet normal -0.522455 -0.852667 0
    outer loop
      vertex -59.0267 -53.8541 4
      vertex -58.2239 -54.346 20
      vertex -59.0267 -53.8541 20
    endloop
  endfacet
  facet normal -0.522455 -0.852667 -0
    outer loop
      vertex -58.2239 -54.346 20
      vertex -59.0267 -53.8541 4
      vertex -58.2239 -54.346 4
    endloop
  endfacet
  facet normal 0.760373 0.649487 0
    outer loop
      vertex -50.6459 -45.4733 20
      vertex -51.2574 -44.7574 4
      vertex -51.2574 -44.7574 20
    endloop
  endfacet
  facet normal 0.760373 0.649487 0
    outer loop
      vertex -51.2574 -44.7574 4
      vertex -50.6459 -45.4733 20
      vertex -50.6459 -45.4733 4
    endloop
  endfacet
  facet normal 0.649487 0.760373 -0
    outer loop
      vertex -51.2574 -44.7574 4
      vertex -51.9733 -44.1459 20
      vertex -51.2574 -44.7574 20
    endloop
  endfacet
  facet normal 0.649487 0.760373 0
    outer loop
      vertex -51.9733 -44.1459 20
      vertex -51.2574 -44.7574 4
      vertex -51.9733 -44.1459 4
    endloop
  endfacet
  facet normal 0.0784914 -0.996915 0
    outer loop
      vertex -55.5 -55 4
      vertex -54.5614 -54.9261 20
      vertex -55.5 -55 20
    endloop
  endfacet
  facet normal 0.0784914 -0.996915 0
    outer loop
      vertex -54.5614 -54.9261 20
      vertex -55.5 -55 4
      vertex -54.5614 -54.9261 4
    endloop
  endfacet
  facet normal -0.382699 -0.923873 0
    outer loop
      vertex -58.2239 -54.346 4
      vertex -57.3541 -54.7063 20
      vertex -58.2239 -54.346 20
    endloop
  endfacet
  facet normal -0.382699 -0.923873 -0
    outer loop
      vertex -57.3541 -54.7063 20
      vertex -58.2239 -54.346 4
      vertex -57.3541 -54.7063 4
    endloop
  endfacet
  facet normal -0.852667 -0.522455 0
    outer loop
      vertex -60.3541 -52.5267 4
      vertex -60.846 -51.7239 20
      vertex -60.846 -51.7239 4
    endloop
  endfacet
  facet normal -0.852667 -0.522455 0
    outer loop
      vertex -60.846 -51.7239 20
      vertex -60.3541 -52.5267 4
      vertex -60.3541 -52.5267 20
    endloop
  endfacet
  facet normal 0.233453 -0.972368 0
    outer loop
      vertex -54.5614 -54.9261 4
      vertex -53.6459 -54.7063 20
      vertex -54.5614 -54.9261 20
    endloop
  endfacet
  facet normal 0.233453 -0.972368 0
    outer loop
      vertex -53.6459 -54.7063 20
      vertex -54.5614 -54.9261 4
      vertex -53.6459 -54.7063 4
    endloop
  endfacet
  facet normal 0.649487 -0.760373 0
    outer loop
      vertex -51.9733 -53.8541 4
      vertex -51.2574 -53.2426 20
      vertex -51.9733 -53.8541 20
    endloop
  endfacet
  facet normal 0.649487 -0.760373 0
    outer loop
      vertex -51.2574 -53.2426 20
      vertex -51.9733 -53.8541 4
      vertex -51.2574 -53.2426 4
    endloop
  endfacet
  facet normal -0.996915 -0.0784914 0
    outer loop
      vertex -61.4261 -49.9386 4
      vertex -61.5 -49 20
      vertex -61.5 -49 4
    endloop
  endfacet
  facet normal -0.996915 -0.0784914 0
    outer loop
      vertex -61.5 -49 20
      vertex -61.4261 -49.9386 4
      vertex -61.4261 -49.9386 20
    endloop
  endfacet
  facet normal 0.972368 -0.233453 0
    outer loop
      vertex -49.7937 -50.8541 20
      vertex -49.5739 -49.9386 4
      vertex -49.5739 -49.9386 20
    endloop
  endfacet
  facet normal 0.972368 -0.233453 0
    outer loop
      vertex -49.5739 -49.9386 4
      vertex -49.7937 -50.8541 20
      vertex -49.7937 -50.8541 4
    endloop
  endfacet
  facet normal 0.382699 0.923873 -0
    outer loop
      vertex -52.7761 -43.654 4
      vertex -53.6459 -43.2937 20
      vertex -52.7761 -43.654 20
    endloop
  endfacet
  facet normal 0.382699 0.923873 0
    outer loop
      vertex -53.6459 -43.2937 20
      vertex -52.7761 -43.654 4
      vertex -53.6459 -43.2937 4
    endloop
  endfacet
  facet normal 0 0 1
    outer loop
      vertex -52.6 -49 20
      vertex -49.5 -49 20
      vertex -49.5739 -48.0614 20
    endloop
  endfacet
  facet normal 0 0 1
    outer loop
      vertex -52.6357 -48.5463 20
      vertex -49.5739 -48.0614 20
      vertex -49.7937 -47.1459 20
    endloop
  endfacet
  facet normal 0 0 1
    outer loop
      vertex -49.5 -49 20
      vertex -52.6 -49 20
      vertex -49.5739 -49.9386 20
    endloop
  endfacet
  facet normal 0 0 1
    outer loop
      vertex -52.7419 -48.1039 20
      vertex -49.7937 -47.1459 20
      vertex -50.154 -46.2761 20
    endloop
  endfacet
  facet normal -0 0 1
    outer loop
      vertex -52.6357 -49.4537 20
      vertex -49.5739 -49.9386 20
      vertex -52.6 -49 20
    endloop
  endfacet
  facet normal 0 0 1
    outer loop
      vertex -52.9161 -47.6834 20
      vertex -50.154 -46.2761 20
      vertex -50.6459 -45.4733 20
    endloop
  endfacet
  facet normal 0 0 1
    outer loop
      vertex -49.5739 -49.9386 20
      vertex -52.6357 -49.4537 20
      vertex -49.7937 -50.8541 20
    endloop
  endfacet
  facet normal 0 0 1
    outer loop
      vertex -53.1539 -47.2954 20
      vertex -50.6459 -45.4733 20
      vertex -51.2574 -44.7574 20
    endloop
  endfacet
  facet normal -0 0 1
    outer loop
      vertex -52.7419 -49.8961 20
      vertex -49.7937 -50.8541 20
      vertex -52.6357 -49.4537 20
    endloop
  endfacet
  facet normal 0 0 1
    outer loop
      vertex -53.4494 -46.9494 20
      vertex -51.2574 -44.7574 20
      vertex -51.9733 -44.1459 20
    endloop
  endfacet
  facet normal 0 0 1
    outer loop
      vertex -49.7937 -50.8541 20
      vertex -52.7419 -49.8961 20
      vertex -50.154 -51.7239 20
    endloop
  endfacet
  facet normal -0 0 1
    outer loop
      vertex -52.9161 -50.3166 20
      vertex -50.154 -51.7239 20
      vertex -52.7419 -49.8961 20
    endloop
  endfacet
  facet normal 0 0 1
    outer loop
      vertex -49.5739 -48.0614 20
      vertex -52.6357 -48.5463 20
      vertex -52.6 -49 20
    endloop
  endfacet
  facet normal 0 0 1
    outer loop
      vertex -49.7937 -47.1459 20
      vertex -52.7419 -48.1039 20
      vertex -52.6357 -48.5463 20
    endloop
  endfacet
  facet normal 0 0 1
    outer loop
      vertex -53.7954 -46.6539 20
      vertex -51.9733 -44.1459 20
      vertex -52.7761 -43.654 20
    endloop
  endfacet
  facet normal 0 0 1
    outer loop
      vertex -50.154 -46.2761 20
      vertex -52.9161 -47.6834 20
      vertex -52.7419 -48.1039 20
    endloop
  endfacet
  facet normal 0 0 1
    outer loop
      vertex -50.6459 -45.4733 20
      vertex -53.1539 -47.2954 20
      vertex -52.9161 -47.6834 20
    endloop
  endfacet
  facet normal 0 0 1
    outer loop
      vertex -51.2574 -44.7574 20
      vertex -53.4494 -46.9494 20
      vertex -53.1539 -47.2954 20
    endloop
  endfacet
  facet normal 0 0 1
    outer loop
      vertex -54.1834 -46.4161 20
      vertex -52.7761 -43.654 20
      vertex -53.6459 -43.2937 20
    endloop
  endfacet
  facet normal 0 0 1
    outer loop
      vertex -51.9733 -44.1459 20
      vertex -53.7954 -46.6539 20
      vertex -53.4494 -46.9494 20
    endloop
  endfacet
  facet normal 0 0 1
    outer loop
      vertex -52.7761 -43.654 20
      vertex -54.1834 -46.4161 20
      vertex -53.7954 -46.6539 20
    endloop
  endfacet
  facet normal 0 0 1
    outer loop
      vertex -54.6039 -46.2419 20
      vertex -53.6459 -43.2937 20
      vertex -54.5614 -43.0739 20
    endloop
  endfacet
  facet normal 0 0 1
    outer loop
      vertex -53.6459 -43.2937 20
      vertex -54.6039 -46.2419 20
      vertex -54.1834 -46.4161 20
    endloop
  endfacet
  facet normal 0 0 1
    outer loop
      vertex -54.5614 -43.0739 20
      vertex -55.0463 -46.1357 20
      vertex -54.6039 -46.2419 20
    endloop
  endfacet
  facet normal 0 0 1
    outer loop
      vertex -55.5 -43 20
      vertex -55.0463 -46.1357 20
      vertex -54.5614 -43.0739 20
    endloop
  endfacet
  facet normal 0 0 1
    outer loop
      vertex -55.5 -43 20
      vertex -55.5 -46.1 20
      vertex -55.0463 -46.1357 20
    endloop
  endfacet
  facet normal 0 0 1
    outer loop
      vertex -55.5 -43 20
      vertex -55.9537 -46.1357 20
      vertex -55.5 -46.1 20
    endloop
  endfacet
  facet normal -0 0 1
    outer loop
      vertex -56.4386 -43.0739 20
      vertex -55.9537 -46.1357 20
      vertex -55.5 -43 20
    endloop
  endfacet
  facet normal 0 0 1
    outer loop
      vertex -55.9537 -46.1357 20
      vertex -56.4386 -43.0739 20
      vertex -56.3961 -46.2419 20
    endloop
  endfacet
  facet normal -0 0 1
    outer loop
      vertex -57.3541 -43.2937 20
      vertex -56.3961 -46.2419 20
      vertex -56.4386 -43.0739 20
    endloop
  endfacet
  facet normal 0 0 1
    outer loop
      vertex -56.3961 -46.2419 20
      vertex -57.3541 -43.2937 20
      vertex -56.8166 -46.4161 20
    endloop
  endfacet
  facet normal -0 0 1
    outer loop
      vertex -58.2239 -43.654 20
      vertex -56.8166 -46.4161 20
      vertex -57.3541 -43.2937 20
    endloop
  endfacet
  facet normal 0 0 1
    outer loop
      vertex -56.8166 -46.4161 20
      vertex -58.2239 -43.654 20
      vertex -57.2046 -46.6539 20
    endloop
  endfacet
  facet normal -0 0 1
    outer loop
      vertex -59.0267 -44.1459 20
      vertex -57.2046 -46.6539 20
      vertex -58.2239 -43.654 20
    endloop
  endfacet
  facet normal 0 0 1
    outer loop
      vertex -57.2046 -46.6539 20
      vertex -59.0267 -44.1459 20
      vertex -57.5506 -46.9494 20
    endloop
  endfacet
  facet normal -0 0 1
    outer loop
      vertex -59.7426 -44.7574 20
      vertex -57.5506 -46.9494 20
      vertex -59.0267 -44.1459 20
    endloop
  endfacet
  facet normal 0 0 1
    outer loop
      vertex -57.5506 -46.9494 20
      vertex -59.7426 -44.7574 20
      vertex -57.8461 -47.2954 20
    endloop
  endfacet
  facet normal -0 0 1
    outer loop
      vertex -60.3541 -45.4733 20
      vertex -57.8461 -47.2954 20
      vertex -59.7426 -44.7574 20
    endloop
  endfacet
  facet normal 0 0 1
    outer loop
      vertex -57.8461 -47.2954 20
      vertex -60.3541 -45.4733 20
      vertex -58.0839 -47.6834 20
    endloop
  endfacet
  facet normal -0 0 1
    outer loop
      vertex -60.846 -46.2761 20
      vertex -58.0839 -47.6834 20
      vertex -60.3541 -45.4733 20
    endloop
  endfacet
  facet normal 0 0 1
    outer loop
      vertex -50.154 -51.7239 20
      vertex -52.9161 -50.3166 20
      vertex -50.6459 -52.5267 20
    endloop
  endfacet
  facet normal -0 0 1
    outer loop
      vertex -53.1539 -50.7046 20
      vertex -50.6459 -52.5267 20
      vertex -52.9161 -50.3166 20
    endloop
  endfacet
  facet normal 0 0 1
    outer loop
      vertex -50.6459 -52.5267 20
      vertex -53.1539 -50.7046 20
      vertex -51.2574 -53.2426 20
    endloop
  endfacet
  facet normal -0 0 1
    outer loop
      vertex -53.4494 -51.0506 20
      vertex -51.2574 -53.2426 20
      vertex -53.1539 -50.7046 20
    endloop
  endfacet
  facet normal 0 0 1
    outer loop
      vertex -51.2574 -53.2426 20
      vertex -53.4494 -51.0506 20
      vertex -51.9733 -53.8541 20
    endloop
  endfacet
  facet normal -0 0 1
    outer loop
      vertex -53.7954 -51.3461 20
      vertex -51.9733 -53.8541 20
      vertex -53.4494 -51.0506 20
    endloop
  endfacet
  facet normal 0 0 1
    outer loop
      vertex -51.9733 -53.8541 20
      vertex -53.7954 -51.3461 20
      vertex -52.7761 -54.346 20
    endloop
  endfacet
  facet normal -0 0 1
    outer loop
      vertex -54.1834 -51.5839 20
      vertex -52.7761 -54.346 20
      vertex -53.7954 -51.3461 20
    endloop
  endfacet
  facet normal 0 0 1
    outer loop
      vertex -52.7761 -54.346 20
      vertex -54.1834 -51.5839 20
      vertex -53.6459 -54.7063 20
    endloop
  endfacet
  facet normal -0 0 1
    outer loop
      vertex -54.6039 -51.7581 20
      vertex -53.6459 -54.7063 20
      vertex -54.1834 -51.5839 20
    endloop
  endfacet
  facet normal 0 0 1
    outer loop
      vertex -53.6459 -54.7063 20
      vertex -54.6039 -51.7581 20
      vertex -54.5614 -54.9261 20
    endloop
  endfacet
  facet normal -0 0 1
    outer loop
      vertex -55.0463 -51.8643 20
      vertex -54.5614 -54.9261 20
      vertex -54.6039 -51.7581 20
    endloop
  endfacet
  facet normal -0 0 1
    outer loop
      vertex -55.5 -51.9 20
      vertex -54.5614 -54.9261 20
      vertex -55.0463 -51.8643 20
    endloop
  endfacet
  facet normal 0 0 1
    outer loop
      vertex -55.5 -51.9 20
      vertex -55.5 -55 20
      vertex -54.5614 -54.9261 20
    endloop
  endfacet
  facet normal 0 0 1
    outer loop
      vertex -55.9537 -51.8643 20
      vertex -55.5 -55 20
      vertex -55.5 -51.9 20
    endloop
  endfacet
  facet normal 0 0 1
    outer loop
      vertex -56.4386 -54.9261 20
      vertex -55.9537 -51.8643 20
      vertex -56.3961 -51.7581 20
    endloop
  endfacet
  facet normal 0 0 1
    outer loop
      vertex -55.9537 -51.8643 20
      vertex -56.4386 -54.9261 20
      vertex -55.5 -55 20
    endloop
  endfacet
  facet normal 0 0 1
    outer loop
      vertex -57.3541 -54.7063 20
      vertex -56.3961 -51.7581 20
      vertex -56.8166 -51.5839 20
    endloop
  endfacet
  facet normal 0 0 1
    outer loop
      vertex -58.2239 -54.346 20
      vertex -56.8166 -51.5839 20
      vertex -57.2046 -51.3461 20
    endloop
  endfacet
  facet normal 0 0 1
    outer loop
      vertex -56.3961 -51.7581 20
      vertex -57.3541 -54.7063 20
      vertex -56.4386 -54.9261 20
    endloop
  endfacet
  facet normal 0 0 1
    outer loop
      vertex -59.0267 -53.8541 20
      vertex -57.2046 -51.3461 20
      vertex -57.5506 -51.0506 20
    endloop
  endfacet
  facet normal 0 0 1
    outer loop
      vertex -59.7426 -53.2426 20
      vertex -57.5506 -51.0506 20
      vertex -57.8461 -50.7046 20
    endloop
  endfacet
  facet normal 0 0 1
    outer loop
      vertex -60.3541 -52.5267 20
      vertex -57.8461 -50.7046 20
      vertex -58.0839 -50.3166 20
    endloop
  endfacet
  facet normal 0 0 1
    outer loop
      vertex -56.8166 -51.5839 20
      vertex -58.2239 -54.346 20
      vertex -57.3541 -54.7063 20
    endloop
  endfacet
  facet normal 0 0 1
    outer loop
      vertex -60.846 -51.7239 20
      vertex -58.0839 -50.3166 20
      vertex -58.2581 -49.8961 20
    endloop
  endfacet
  facet normal 0 0 1
    outer loop
      vertex -61.2063 -50.8541 20
      vertex -58.2581 -49.8961 20
      vertex -58.3643 -49.4537 20
    endloop
  endfacet
  facet normal 0 0 1
    outer loop
      vertex -61.4261 -49.9386 20
      vertex -58.3643 -49.4537 20
      vertex -58.4 -49 20
    endloop
  endfacet
  facet normal 0 0 1
    outer loop
      vertex -58.0839 -47.6834 20
      vertex -60.846 -46.2761 20
      vertex -58.2581 -48.1039 20
    endloop
  endfacet
  facet normal 0 0 1
    outer loop
      vertex -57.2046 -51.3461 20
      vertex -59.0267 -53.8541 20
      vertex -58.2239 -54.346 20
    endloop
  endfacet
  facet normal -0 0 1
    outer loop
      vertex -61.2063 -47.1459 20
      vertex -58.2581 -48.1039 20
      vertex -60.846 -46.2761 20
    endloop
  endfacet
  facet normal 0 0 1
    outer loop
      vertex -57.5506 -51.0506 20
      vertex -59.7426 -53.2426 20
      vertex -59.0267 -53.8541 20
    endloop
  endfacet
  facet normal 0 0 1
    outer loop
      vertex -58.2581 -48.1039 20
      vertex -61.2063 -47.1459 20
      vertex -58.3643 -48.5463 20
    endloop
  endfacet
  facet normal 0 0 1
    outer loop
      vertex -57.8461 -50.7046 20
      vertex -60.3541 -52.5267 20
      vertex -59.7426 -53.2426 20
    endloop
  endfacet
  facet normal -0 0 1
    outer loop
      vertex -61.4261 -48.0614 20
      vertex -58.3643 -48.5463 20
      vertex -61.2063 -47.1459 20
    endloop
  endfacet
  facet normal 0 0 1
    outer loop
      vertex -58.0839 -50.3166 20
      vertex -60.846 -51.7239 20
      vertex -60.3541 -52.5267 20
    endloop
  endfacet
  facet normal 0 0 1
    outer loop
      vertex -58.3643 -48.5463 20
      vertex -61.4261 -48.0614 20
      vertex -58.4 -49 20
    endloop
  endfacet
  facet normal 0 0 1
    outer loop
      vertex -58.2581 -49.8961 20
      vertex -61.2063 -50.8541 20
      vertex -60.846 -51.7239 20
    endloop
  endfacet
  facet normal 0 0 1
    outer loop
      vertex -61.5 -49 20
      vertex -58.4 -49 20
      vertex -61.4261 -48.0614 20
    endloop
  endfacet
  facet normal 0 0 1
    outer loop
      vertex -58.3643 -49.4537 20
      vertex -61.4261 -49.9386 20
      vertex -61.2063 -50.8541 20
    endloop
  endfacet
  facet normal 0 0 1
    outer loop
      vertex -58.4 -49 20
      vertex -61.5 -49 20
      vertex -61.4261 -49.9386 20
    endloop
  endfacet
  facet normal 0.0784914 0.996915 -0
    outer loop
      vertex -54.5614 -43.0739 4
      vertex -55.5 -43 20
      vertex -54.5614 -43.0739 20
    endloop
  endfacet
  facet normal 0.0784914 0.996915 0
    outer loop
      vertex -55.5 -43 20
      vertex -54.5614 -43.0739 4
      vertex -55.5 -43 4
    endloop
  endfacet
  facet normal -0.852667 0.522455 0
    outer loop
      vertex -60.846 -46.2761 4
      vertex -60.3541 -45.4733 20
      vertex -60.3541 -45.4733 4
    endloop
  endfacet
  facet normal -0.852667 0.522455 0
    outer loop
      vertex -60.3541 -45.4733 20
      vertex -60.846 -46.2761 4
      vertex -60.846 -46.2761 20
    endloop
  endfacet
  facet normal -0.233423 0.972375 0
    outer loop
      vertex -55.9537 -46.1357 20
      vertex -56.3961 -46.2419 26
      vertex -55.9537 -46.1357 26
    endloop
  endfacet
  facet normal -0.233423 0.972375 0
    outer loop
      vertex -56.3961 -46.2419 26
      vertex -55.9537 -46.1357 20
      vertex -56.3961 -46.2419 20
    endloop
  endfacet
  facet normal 0.972375 0.233423 0
    outer loop
      vertex -52.6357 -48.5463 26
      vertex -52.7419 -48.1039 20
      vertex -52.7419 -48.1039 26
    endloop
  endfacet
  facet normal 0.972375 0.233423 0
    outer loop
      vertex -52.7419 -48.1039 20
      vertex -52.6357 -48.5463 26
      vertex -52.6357 -48.5463 20
    endloop
  endfacet
  facet normal 0.996919 0.0784439 0
    outer loop
      vertex -52.6 -49 26
      vertex -52.6357 -48.5463 20
      vertex -52.6357 -48.5463 26
    endloop
  endfacet
  facet normal 0.996919 0.0784439 0
    outer loop
      vertex -52.6357 -48.5463 20
      vertex -52.6 -49 26
      vertex -52.6 -49 20
    endloop
  endfacet
  facet normal 0.923862 0.382727 0
    outer loop
      vertex -52.7419 -48.1039 26
      vertex -52.9161 -47.6834 20
      vertex -52.9161 -47.6834 26
    endloop
  endfacet
  facet normal 0.923862 0.382727 0
    outer loop
      vertex -52.9161 -47.6834 20
      vertex -52.7419 -48.1039 26
      vertex -52.7419 -48.1039 20
    endloop
  endfacet
  facet normal 0.649433 -0.760419 0
    outer loop
      vertex -53.7954 -51.3461 20
      vertex -53.4494 -51.0506 26
      vertex -53.7954 -51.3461 26
    endloop
  endfacet
  facet normal 0.649433 -0.760419 0
    outer loop
      vertex -53.4494 -51.0506 26
      vertex -53.7954 -51.3461 20
      vertex -53.4494 -51.0506 20
    endloop
  endfacet
  facet normal -0.972375 -0.233423 0
    outer loop
      vertex -58.2581 -49.8961 20
      vertex -58.3643 -49.4537 26
      vertex -58.3643 -49.4537 20
    endloop
  endfacet
  facet normal -0.972375 -0.233423 0
    outer loop
      vertex -58.3643 -49.4537 26
      vertex -58.2581 -49.8961 20
      vertex -58.2581 -49.8961 26
    endloop
  endfacet
  facet normal 0.852608 -0.522552 0
    outer loop
      vertex -53.1539 -50.7046 26
      vertex -52.9161 -50.3166 20
      vertex -52.9161 -50.3166 26
    endloop
  endfacet
  facet normal 0.852608 -0.522552 0
    outer loop
      vertex -52.9161 -50.3166 20
      vertex -53.1539 -50.7046 26
      vertex -53.1539 -50.7046 20
    endloop
  endfacet
  facet normal 0.996919 -0.0784439 0
    outer loop
      vertex -52.6357 -49.4537 26
      vertex -52.6 -49 20
      vertex -52.6 -49 26
    endloop
  endfacet
  facet normal 0.996919 -0.0784439 0
    outer loop
      vertex -52.6 -49 20
      vertex -52.6357 -49.4537 26
      vertex -52.6357 -49.4537 20
    endloop
  endfacet
  facet normal 0.382727 0.923862 -0
    outer loop
      vertex -54.1834 -46.4161 20
      vertex -54.6039 -46.2419 26
      vertex -54.1834 -46.4161 26
    endloop
  endfacet
  facet normal 0.382727 0.923862 0
    outer loop
      vertex -54.6039 -46.2419 26
      vertex -54.1834 -46.4161 20
      vertex -54.6039 -46.2419 20
    endloop
  endfacet
  facet normal 0.852608 0.522552 0
    outer loop
      vertex -52.9161 -47.6834 26
      vertex -53.1539 -47.2954 20
      vertex -53.1539 -47.2954 26
    endloop
  endfacet
  facet normal 0.852608 0.522552 0
    outer loop
      vertex -53.1539 -47.2954 20
      vertex -52.9161 -47.6834 26
      vertex -52.9161 -47.6834 20
    endloop
  endfacet
  facet normal -0.649433 0.760419 0
    outer loop
      vertex -57.2046 -46.6539 20
      vertex -57.5506 -46.9494 26
      vertex -57.2046 -46.6539 26
    endloop
  endfacet
  facet normal -0.649433 0.760419 0
    outer loop
      vertex -57.5506 -46.9494 26
      vertex -57.2046 -46.6539 20
      vertex -57.5506 -46.9494 20
    endloop
  endfacet
  facet normal -0.0784439 -0.996919 0
    outer loop
      vertex -55.9537 -51.8643 20
      vertex -55.5 -51.9 26
      vertex -55.9537 -51.8643 26
    endloop
  endfacet
  facet normal -0.0784439 -0.996919 -0
    outer loop
      vertex -55.5 -51.9 26
      vertex -55.9537 -51.8643 20
      vertex -55.5 -51.9 20
    endloop
  endfacet
  facet normal -0.522552 0.852608 0
    outer loop
      vertex -56.8166 -46.4161 20
      vertex -57.2046 -46.6539 26
      vertex -56.8166 -46.4161 26
    endloop
  endfacet
  facet normal -0.522552 0.852608 0
    outer loop
      vertex -57.2046 -46.6539 26
      vertex -56.8166 -46.4161 20
      vertex -57.2046 -46.6539 20
    endloop
  endfacet
  facet normal -0.923862 0.382727 0
    outer loop
      vertex -58.2581 -48.1039 20
      vertex -58.0839 -47.6834 26
      vertex -58.0839 -47.6834 20
    endloop
  endfacet
  facet normal -0.923862 0.382727 0
    outer loop
      vertex -58.0839 -47.6834 26
      vertex -58.2581 -48.1039 20
      vertex -58.2581 -48.1039 26
    endloop
  endfacet
  facet normal 0.522552 -0.852608 0
    outer loop
      vertex -54.1834 -51.5839 20
      vertex -53.7954 -51.3461 26
      vertex -54.1834 -51.5839 26
    endloop
  endfacet
  facet normal 0.522552 -0.852608 0
    outer loop
      vertex -53.7954 -51.3461 26
      vertex -54.1834 -51.5839 20
      vertex -53.7954 -51.3461 20
    endloop
  endfacet
  facet normal 0.233423 -0.972375 0
    outer loop
      vertex -55.0463 -51.8643 20
      vertex -54.6039 -51.7581 26
      vertex -55.0463 -51.8643 26
    endloop
  endfacet
  facet normal 0.233423 -0.972375 0
    outer loop
      vertex -54.6039 -51.7581 26
      vertex -55.0463 -51.8643 20
      vertex -54.6039 -51.7581 20
    endloop
  endfacet
  facet normal 0 0 1
    outer loop
      vertex -52.6357 -48.5463 26
      vertex -52.6357 -49.4537 26
      vertex -52.6 -49 26
    endloop
  endfacet
  facet normal 0 0 1
    outer loop
      vertex -52.7419 -48.1039 26
      vertex -52.6357 -49.4537 26
      vertex -52.6357 -48.5463 26
    endloop
  endfacet
  facet normal 0 0 1
    outer loop
      vertex -52.7419 -48.1039 26
      vertex -52.7419 -49.8961 26
      vertex -52.6357 -49.4537 26
    endloop
  endfacet
  facet normal 0 0 1
    outer loop
      vertex -52.9161 -47.6834 26
      vertex -52.7419 -49.8961 26
      vertex -52.7419 -48.1039 26
    endloop
  endfacet
  facet normal 0 0 1
    outer loop
      vertex -52.9161 -47.6834 26
      vertex -52.9161 -50.3166 26
      vertex -52.7419 -49.8961 26
    endloop
  endfacet
  facet normal 0 0 1
    outer loop
      vertex -53.1539 -47.2954 26
      vertex -52.9161 -50.3166 26
      vertex -52.9161 -47.6834 26
    endloop
  endfacet
  facet normal 0 0 1
    outer loop
      vertex -53.1539 -47.2954 26
      vertex -53.1539 -50.7046 26
      vertex -52.9161 -50.3166 26
    endloop
  endfacet
  facet normal 0 0 1
    outer loop
      vertex -53.4494 -46.9494 26
      vertex -53.1539 -50.7046 26
      vertex -53.1539 -47.2954 26
    endloop
  endfacet
  facet normal 0 0 1
    outer loop
      vertex -53.4494 -46.9494 26
      vertex -53.4494 -51.0506 26
      vertex -53.1539 -50.7046 26
    endloop
  endfacet
  facet normal 0 0 1
    outer loop
      vertex -53.7954 -46.6539 26
      vertex -53.4494 -51.0506 26
      vertex -53.4494 -46.9494 26
    endloop
  endfacet
  facet normal 0 0 1
    outer loop
      vertex -53.7954 -46.6539 26
      vertex -53.7954 -51.3461 26
      vertex -53.4494 -51.0506 26
    endloop
  endfacet
  facet normal 0 0 1
    outer loop
      vertex -54.1834 -46.4161 26
      vertex -53.7954 -51.3461 26
      vertex -53.7954 -46.6539 26
    endloop
  endfacet
  facet normal 0 0 1
    outer loop
      vertex -54.1834 -46.4161 26
      vertex -54.1834 -51.5839 26
      vertex -53.7954 -51.3461 26
    endloop
  endfacet
  facet normal 0 0 1
    outer loop
      vertex -54.6039 -46.2419 26
      vertex -54.1834 -51.5839 26
      vertex -54.1834 -46.4161 26
    endloop
  endfacet
  facet normal 0 0 1
    outer loop
      vertex -54.6039 -46.2419 26
      vertex -54.6039 -51.7581 26
      vertex -54.1834 -51.5839 26
    endloop
  endfacet
  facet normal 0 0 1
    outer loop
      vertex -55.0463 -46.1357 26
      vertex -54.6039 -51.7581 26
      vertex -54.6039 -46.2419 26
    endloop
  endfacet
  facet normal 0 0 1
    outer loop
      vertex -55.0463 -46.1357 26
      vertex -55.0463 -51.8643 26
      vertex -54.6039 -51.7581 26
    endloop
  endfacet
  facet normal 0 0 1
    outer loop
      vertex -55.5 -46.1 26
      vertex -55.0463 -51.8643 26
      vertex -55.0463 -46.1357 26
    endloop
  endfacet
  facet normal 0 0 1
    outer loop
      vertex -55.5 -46.1 26
      vertex -55.5 -51.9 26
      vertex -55.0463 -51.8643 26
    endloop
  endfacet
  facet normal -0 0 1
    outer loop
      vertex -55.9537 -46.1357 26
      vertex -55.5 -51.9 26
      vertex -55.5 -46.1 26
    endloop
  endfacet
  facet normal 0 0 1
    outer loop
      vertex -55.9537 -46.1357 26
      vertex -55.9537 -51.8643 26
      vertex -55.5 -51.9 26
    endloop
  endfacet
  facet normal -0 0 1
    outer loop
      vertex -56.3961 -46.2419 26
      vertex -55.9537 -51.8643 26
      vertex -55.9537 -46.1357 26
    endloop
  endfacet
  facet normal 0 0 1
    outer loop
      vertex -56.3961 -46.2419 26
      vertex -56.3961 -51.7581 26
      vertex -55.9537 -51.8643 26
    endloop
  endfacet
  facet normal -0 0 1
    outer loop
      vertex -56.8166 -46.4161 26
      vertex -56.3961 -51.7581 26
      vertex -56.3961 -46.2419 26
    endloop
  endfacet
  facet normal 0 0 1
    outer loop
      vertex -56.8166 -46.4161 26
      vertex -56.8166 -51.5839 26
      vertex -56.3961 -51.7581 26
    endloop
  endfacet
  facet normal -0 0 1
    outer loop
      vertex -57.2046 -46.6539 26
      vertex -56.8166 -51.5839 26
      vertex -56.8166 -46.4161 26
    endloop
  endfacet
  facet normal 0 0 1
    outer loop
      vertex -57.2046 -46.6539 26
      vertex -57.2046 -51.3461 26
      vertex -56.8166 -51.5839 26
    endloop
  endfacet
  facet normal -0 0 1
    outer loop
      vertex -57.5506 -46.9494 26
      vertex -57.2046 -51.3461 26
      vertex -57.2046 -46.6539 26
    endloop
  endfacet
  facet normal 0 0 1
    outer loop
      vertex -57.5506 -46.9494 26
      vertex -57.5506 -51.0506 26
      vertex -57.2046 -51.3461 26
    endloop
  endfacet
  facet normal -0 0 1
    outer loop
      vertex -57.8461 -47.2954 26
      vertex -57.5506 -51.0506 26
      vertex -57.5506 -46.9494 26
    endloop
  endfacet
  facet normal 0 0 1
    outer loop
      vertex -57.8461 -47.2954 26
      vertex -57.8461 -50.7046 26
      vertex -57.5506 -51.0506 26
    endloop
  endfacet
  facet normal -0 0 1
    outer loop
      vertex -58.0839 -47.6834 26
      vertex -57.8461 -50.7046 26
      vertex -57.8461 -47.2954 26
    endloop
  endfacet
  facet normal 0 0 1
    outer loop
      vertex -58.0839 -47.6834 26
      vertex -58.0839 -50.3166 26
      vertex -57.8461 -50.7046 26
    endloop
  endfacet
  facet normal -0 0 1
    outer loop
      vertex -58.2581 -48.1039 26
      vertex -58.0839 -50.3166 26
      vertex -58.0839 -47.6834 26
    endloop
  endfacet
  facet normal 0 0 1
    outer loop
      vertex -58.2581 -48.1039 26
      vertex -58.2581 -49.8961 26
      vertex -58.0839 -50.3166 26
    endloop
  endfacet
  facet normal -0 0 1
    outer loop
      vertex -58.3643 -48.5463 26
      vertex -58.2581 -49.8961 26
      vertex -58.2581 -48.1039 26
    endloop
  endfacet
  facet normal 0 0 1
    outer loop
      vertex -58.3643 -48.5463 26
      vertex -58.3643 -49.4537 26
      vertex -58.2581 -49.8961 26
    endloop
  endfacet
  facet normal 0 -0 1
    outer loop
      vertex -58.3643 -49.4537 26
      vertex -58.3643 -48.5463 26
      vertex -58.4 -49 26
    endloop
  endfacet
  facet normal 0.972375 -0.233423 0
    outer loop
      vertex -52.7419 -49.8961 26
      vertex -52.6357 -49.4537 20
      vertex -52.6357 -49.4537 26
    endloop
  endfacet
  facet normal 0.972375 -0.233423 0
    outer loop
      vertex -52.6357 -49.4537 20
      vertex -52.7419 -49.8961 26
      vertex -52.7419 -49.8961 20
    endloop
  endfacet
  facet normal -0.760419 0.649433 0
    outer loop
      vertex -57.8461 -47.2954 20
      vertex -57.5506 -46.9494 26
      vertex -57.5506 -46.9494 20
    endloop
  endfacet
  facet normal -0.760419 0.649433 0
    outer loop
      vertex -57.5506 -46.9494 26
      vertex -57.8461 -47.2954 20
      vertex -57.8461 -47.2954 26
    endloop
  endfacet
  facet normal 0.760419 -0.649433 0
    outer loop
      vertex -53.4494 -51.0506 26
      vertex -53.1539 -50.7046 20
      vertex -53.1539 -50.7046 26
    endloop
  endfacet
  facet normal 0.760419 -0.649433 0
    outer loop
      vertex -53.1539 -50.7046 20
      vertex -53.4494 -51.0506 26
      vertex -53.4494 -51.0506 20
    endloop
  endfacet
  facet normal -0.852608 0.522552 0
    outer loop
      vertex -58.0839 -47.6834 20
      vertex -57.8461 -47.2954 26
      vertex -57.8461 -47.2954 20
    endloop
  endfacet
  facet normal -0.852608 0.522552 0
    outer loop
      vertex -57.8461 -47.2954 26
      vertex -58.0839 -47.6834 20
      vertex -58.0839 -47.6834 26
    endloop
  endfacet
  facet normal -0.382727 0.923862 0
    outer loop
      vertex -56.3961 -46.2419 20
      vertex -56.8166 -46.4161 26
      vertex -56.3961 -46.2419 26
    endloop
  endfacet
  facet normal -0.382727 0.923862 0
    outer loop
      vertex -56.8166 -46.4161 26
      vertex -56.3961 -46.2419 20
      vertex -56.8166 -46.4161 20
    endloop
  endfacet
  facet normal 0.382727 -0.923862 0
    outer loop
      vertex -54.6039 -51.7581 20
      vertex -54.1834 -51.5839 26
      vertex -54.6039 -51.7581 26
    endloop
  endfacet
  facet normal 0.382727 -0.923862 0
    outer loop
      vertex -54.1834 -51.5839 26
      vertex -54.6039 -51.7581 20
      vertex -54.1834 -51.5839 20
    endloop
  endfacet
  facet normal 0.649433 0.760419 -0
    outer loop
      vertex -53.4494 -46.9494 20
      vertex -53.7954 -46.6539 26
      vertex -53.4494 -46.9494 26
    endloop
  endfacet
  facet normal 0.649433 0.760419 0
    outer loop
      vertex -53.7954 -46.6539 26
      vertex -53.4494 -46.9494 20
      vertex -53.7954 -46.6539 20
    endloop
  endfacet
  facet normal 0.233423 0.972375 -0
    outer loop
      vertex -54.6039 -46.2419 20
      vertex -55.0463 -46.1357 26
      vertex -54.6039 -46.2419 26
    endloop
  endfacet
  facet normal 0.233423 0.972375 0
    outer loop
      vertex -55.0463 -46.1357 26
      vertex -54.6039 -46.2419 20
      vertex -55.0463 -46.1357 20
    endloop
  endfacet
  facet normal 0.522552 0.852608 -0
    outer loop
      vertex -53.7954 -46.6539 20
      vertex -54.1834 -46.4161 26
      vertex -53.7954 -46.6539 26
    endloop
  endfacet
  facet normal 0.522552 0.852608 0
    outer loop
      vertex -54.1834 -46.4161 26
      vertex -53.7954 -46.6539 20
      vertex -54.1834 -46.4161 20
    endloop
  endfacet
  facet normal -0.760419 -0.649433 0
    outer loop
      vertex -57.5506 -51.0506 20
      vertex -57.8461 -50.7046 26
      vertex -57.8461 -50.7046 20
    endloop
  endfacet
  facet normal -0.760419 -0.649433 0
    outer loop
      vertex -57.8461 -50.7046 26
      vertex -57.5506 -51.0506 20
      vertex -57.5506 -51.0506 26
    endloop
  endfacet
  facet normal 0.923862 -0.382727 0
    outer loop
      vertex -52.9161 -50.3166 26
      vertex -52.7419 -49.8961 20
      vertex -52.7419 -49.8961 26
    endloop
  endfacet
  facet normal 0.923862 -0.382727 0
    outer loop
      vertex -52.7419 -49.8961 20
      vertex -52.9161 -50.3166 26
      vertex -52.9161 -50.3166 20
    endloop
  endfacet
  facet normal -0.996919 -0.0784439 0
    outer loop
      vertex -58.3643 -49.4537 20
      vertex -58.4 -49 26
      vertex -58.4 -49 20
    endloop
  endfacet
  facet normal -0.996919 -0.0784439 0
    outer loop
      vertex -58.4 -49 26
      vertex -58.3643 -49.4537 20
      vertex -58.3643 -49.4537 26
    endloop
  endfacet
  facet normal -0.852608 -0.522552 0
    outer loop
      vertex -57.8461 -50.7046 20
      vertex -58.0839 -50.3166 26
      vertex -58.0839 -50.3166 20
    endloop
  endfacet
  facet normal -0.852608 -0.522552 0
    outer loop
      vertex -58.0839 -50.3166 26
      vertex -57.8461 -50.7046 20
      vertex -57.8461 -50.7046 26
    endloop
  endfacet
  facet normal -0.996919 0.0784439 0
    outer loop
      vertex -58.4 -49 20
      vertex -58.3643 -48.5463 26
      vertex -58.3643 -48.5463 20
    endloop
  endfacet
  facet normal -0.996919 0.0784439 0
    outer loop
      vertex -58.3643 -48.5463 26
      vertex -58.4 -49 20
      vertex -58.4 -49 26
    endloop
  endfacet
  facet normal -0.0784439 0.996919 0
    outer loop
      vertex -55.5 -46.1 20
      vertex -55.9537 -46.1357 26
      vertex -55.5 -46.1 26
    endloop
  endfacet
  facet normal -0.0784439 0.996919 0
    outer loop
      vertex -55.9537 -46.1357 26
      vertex -55.5 -46.1 20
      vertex -55.9537 -46.1357 20
    endloop
  endfacet
  facet normal 0.0784439 0.996919 -0
    outer loop
      vertex -55.0463 -46.1357 20
      vertex -55.5 -46.1 26
      vertex -55.0463 -46.1357 26
    endloop
  endfacet
  facet normal 0.0784439 0.996919 0
    outer loop
      vertex -55.5 -46.1 26
      vertex -55.0463 -46.1357 20
      vertex -55.5 -46.1 20
    endloop
  endfacet
  facet normal -0.382727 -0.923862 0
    outer loop
      vertex -56.8166 -51.5839 20
      vertex -56.3961 -51.7581 26
      vertex -56.8166 -51.5839 26
    endloop
  endfacet
  facet normal -0.382727 -0.923862 -0
    outer loop
      vertex -56.3961 -51.7581 26
      vertex -56.8166 -51.5839 20
      vertex -56.3961 -51.7581 20
    endloop
  endfacet
  facet normal -0.233423 -0.972375 0
    outer loop
      vertex -56.3961 -51.7581 20
      vertex -55.9537 -51.8643 26
      vertex -56.3961 -51.7581 26
    endloop
  endfacet
  facet normal -0.233423 -0.972375 -0
    outer loop
      vertex -55.9537 -51.8643 26
      vertex -56.3961 -51.7581 20
      vertex -55.9537 -51.8643 20
    endloop
  endfacet
  facet normal -0.923862 -0.382727 0
    outer loop
      vertex -58.0839 -50.3166 20
      vertex -58.2581 -49.8961 26
      vertex -58.2581 -49.8961 20
    endloop
  endfacet
  facet normal -0.923862 -0.382727 0
    outer loop
      vertex -58.2581 -49.8961 26
      vertex -58.0839 -50.3166 20
      vertex -58.0839 -50.3166 26
    endloop
  endfacet
  facet normal 0.760419 0.649433 0
    outer loop
      vertex -53.1539 -47.2954 26
      vertex -53.4494 -46.9494 20
      vertex -53.4494 -46.9494 26
    endloop
  endfacet
  facet normal 0.760419 0.649433 0
    outer loop
      vertex -53.4494 -46.9494 20
      vertex -53.1539 -47.2954 26
      vertex -53.1539 -47.2954 20
    endloop
  endfacet
  facet normal -0.522552 -0.852608 0
    outer loop
      vertex -57.2046 -51.3461 20
      vertex -56.8166 -51.5839 26
      vertex -57.2046 -51.3461 26
    endloop
  endfacet
  facet normal -0.522552 -0.852608 -0
    outer loop
      vertex -56.8166 -51.5839 26
      vertex -57.2046 -51.3461 20
      vertex -56.8166 -51.5839 20
    endloop
  endfacet
  facet normal -0.972375 0.233423 0
    outer loop
      vertex -58.3643 -48.5463 20
      vertex -58.2581 -48.1039 26
      vertex -58.2581 -48.1039 20
    endloop
  endfacet
  facet normal -0.972375 0.233423 0
    outer loop
      vertex -58.2581 -48.1039 26
      vertex -58.3643 -48.5463 20
      vertex -58.3643 -48.5463 26
    endloop
  endfacet
  facet normal 0.0784439 -0.996919 0
    outer loop
      vertex -55.5 -51.9 20
      vertex -55.0463 -51.8643 26
      vertex -55.5 -51.9 26
    endloop
  endfacet
  facet normal 0.0784439 -0.996919 0
    outer loop
      vertex -55.0463 -51.8643 26
      vertex -55.5 -51.9 20
      vertex -55.0463 -51.8643 20
    endloop
  endfacet
  facet normal -0.649433 -0.760419 0
    outer loop
      vertex -57.5506 -51.0506 20
      vertex -57.2046 -51.3461 26
      vertex -57.5506 -51.0506 26
    endloop
  endfacet
  facet normal -0.649433 -0.760419 -0
    outer loop
      vertex -57.2046 -51.3461 26
      vertex -57.5506 -51.0506 20
      vertex -57.2046 -51.3461 20
    endloop
  endfacet
  facet normal -0.972368 -0.233453 0
    outer loop
      vertex -61.2063 47.1459 4
      vertex -61.4261 48.0614 20
      vertex -61.4261 48.0614 4
    endloop
  endfacet
  facet normal -0.972368 -0.233453 0
    outer loop
      vertex -61.4261 48.0614 20
      vertex -61.2063 47.1459 4
      vertex -61.2063 47.1459 20
    endloop
  endfacet
  facet normal 0.972368 0.233453 0
    outer loop
      vertex -49.5739 49.9386 20
      vertex -49.7937 50.8541 4
      vertex -49.7937 50.8541 20
    endloop
  endfacet
  facet normal 0.972368 0.233453 0
    outer loop
      vertex -49.7937 50.8541 4
      vertex -49.5739 49.9386 20
      vertex -49.5739 49.9386 4
    endloop
  endfacet
  facet normal 0.996915 0.0784914 0
    outer loop
      vertex -49.5 49 20
      vertex -49.5739 49.9386 4
      vertex -49.5739 49.9386 20
    endloop
  endfacet
  facet normal 0.996915 0.0784914 0
    outer loop
      vertex -49.5739 49.9386 4
      vertex -49.5 49 20
      vertex -49.5 49 4
    endloop
  endfacet
  facet normal 0.923873 0.382699 0
    outer loop
      vertex -49.7937 50.8541 20
      vertex -50.154 51.7239 4
      vertex -50.154 51.7239 20
    endloop
  endfacet
  facet normal 0.923873 0.382699 0
    outer loop
      vertex -50.154 51.7239 4
      vertex -49.7937 50.8541 20
      vertex -49.7937 50.8541 4
    endloop
  endfacet
  facet normal 0.382699 -0.923873 0
    outer loop
      vertex -53.6459 43.2937 4
      vertex -52.7761 43.654 20
      vertex -53.6459 43.2937 20
    endloop
  endfacet
  facet normal 0.382699 -0.923873 0
    outer loop
      vertex -52.7761 43.654 20
      vertex -53.6459 43.2937 4
      vertex -52.7761 43.654 4
    endloop
  endfacet
  facet normal 0.852667 -0.522455 0
    outer loop
      vertex -50.6459 45.4733 20
      vertex -50.154 46.2761 4
      vertex -50.154 46.2761 20
    endloop
  endfacet
  facet normal 0.852667 -0.522455 0
    outer loop
      vertex -50.154 46.2761 4
      vertex -50.6459 45.4733 20
      vertex -50.6459 45.4733 4
    endloop
  endfacet
  facet normal -0.649487 0.760373 0
    outer loop
      vertex -59.0267 53.8541 4
      vertex -59.7426 53.2426 20
      vertex -59.0267 53.8541 20
    endloop
  endfacet
  facet normal -0.649487 0.760373 0
    outer loop
      vertex -59.7426 53.2426 20
      vertex -59.0267 53.8541 4
      vertex -59.7426 53.2426 4
    endloop
  endfacet
  facet normal -0.382699 0.923873 0
    outer loop
      vertex -57.3541 54.7063 4
      vertex -58.2239 54.346 20
      vertex -57.3541 54.7063 20
    endloop
  endfacet
  facet normal -0.382699 0.923873 0
    outer loop
      vertex -58.2239 54.346 20
      vertex -57.3541 54.7063 4
      vertex -58.2239 54.346 4
    endloop
  endfacet
  facet normal 0.760373 -0.649487 0
    outer loop
      vertex -51.2574 44.7574 20
      vertex -50.6459 45.4733 4
      vertex -50.6459 45.4733 20
    endloop
  endfacet
  facet normal 0.760373 -0.649487 0
    outer loop
      vertex -50.6459 45.4733 4
      vertex -51.2574 44.7574 20
      vertex -51.2574 44.7574 4
    endloop
  endfacet
  facet normal 0.996915 -0.0784914 0
    outer loop
      vertex -49.5739 48.0614 20
      vertex -49.5 49 4
      vertex -49.5 49 20
    endloop
  endfacet
  facet normal 0.996915 -0.0784914 0
    outer loop
      vertex -49.5 49 4
      vertex -49.5739 48.0614 20
      vertex -49.5739 48.0614 4
    endloop
  endfacet
  facet normal 0.923873 -0.382699 0
    outer loop
      vertex -50.154 46.2761 20
      vertex -49.7937 47.1459 4
      vertex -49.7937 47.1459 20
    endloop
  endfacet
  facet normal 0.923873 -0.382699 0
    outer loop
      vertex -49.7937 47.1459 4
      vertex -50.154 46.2761 20
      vertex -50.154 46.2761 4
    endloop
  endfacet
  facet normal -0.923873 -0.382699 0
    outer loop
      vertex -60.846 46.2761 4
      vertex -61.2063 47.1459 20
      vertex -61.2063 47.1459 4
    endloop
  endfacet
  facet normal -0.923873 -0.382699 0
    outer loop
      vertex -61.2063 47.1459 20
      vertex -60.846 46.2761 4
      vertex -60.846 46.2761 20
    endloop
  endfacet
  facet normal -0.996915 0.0784914 0
    outer loop
      vertex -61.5 49 4
      vertex -61.4261 49.9386 20
      vertex -61.4261 49.9386 4
    endloop
  endfacet
  facet normal -0.996915 0.0784914 0
    outer loop
      vertex -61.4261 49.9386 20
      vertex -61.5 49 4
      vertex -61.5 49 20
    endloop
  endfacet
  facet normal -0.972368 0.233453 0
    outer loop
      vertex -61.4261 49.9386 4
      vertex -61.2063 50.8541 20
      vertex -61.2063 50.8541 4
    endloop
  endfacet
  facet normal -0.972368 0.233453 0
    outer loop
      vertex -61.2063 50.8541 20
      vertex -61.4261 49.9386 4
      vertex -61.4261 49.9386 20
    endloop
  endfacet
  facet normal 0.233453 0.972368 -0
    outer loop
      vertex -53.6459 54.7063 4
      vertex -54.5614 54.9261 20
      vertex -53.6459 54.7063 20
    endloop
  endfacet
  facet normal 0.233453 0.972368 0
    outer loop
      vertex -54.5614 54.9261 20
      vertex -53.6459 54.7063 4
      vertex -54.5614 54.9261 4
    endloop
  endfacet
  facet normal -0.0784914 0.996915 0
    outer loop
      vertex -55.5 55 4
      vertex -56.4386 54.9261 20
      vertex -55.5 55 20
    endloop
  endfacet
  facet normal -0.0784914 0.996915 0
    outer loop
      vertex -56.4386 54.9261 20
      vertex -55.5 55 4
      vertex -56.4386 54.9261 4
    endloop
  endfacet
  facet normal -0.760373 -0.649487 0
    outer loop
      vertex -59.7426 44.7574 4
      vertex -60.3541 45.4733 20
      vertex -60.3541 45.4733 4
    endloop
  endfacet
  facet normal -0.760373 -0.649487 0
    outer loop
      vertex -60.3541 45.4733 20
      vertex -59.7426 44.7574 4
      vertex -59.7426 44.7574 20
    endloop
  endfacet
  facet normal -0.233453 -0.972368 0
    outer loop
      vertex -57.3541 43.2937 4
      vertex -56.4386 43.0739 20
      vertex -57.3541 43.2937 20
    endloop
  endfacet
  facet normal -0.233453 -0.972368 -0
    outer loop
      vertex -56.4386 43.0739 20
      vertex -57.3541 43.2937 4
      vertex -56.4386 43.0739 4
    endloop
  endfacet
  facet normal -0.649487 -0.760373 0
    outer loop
      vertex -59.7426 44.7574 4
      vertex -59.0267 44.1459 20
      vertex -59.7426 44.7574 20
    endloop
  endfacet
  facet normal -0.649487 -0.760373 -0
    outer loop
      vertex -59.0267 44.1459 20
      vertex -59.7426 44.7574 4
      vertex -59.0267 44.1459 4
    endloop
  endfacet
  facet normal 0.852667 0.522455 0
    outer loop
      vertex -50.154 51.7239 20
      vertex -50.6459 52.5267 4
      vertex -50.6459 52.5267 20
    endloop
  endfacet
  facet normal 0.852667 0.522455 0
    outer loop
      vertex -50.6459 52.5267 4
      vertex -50.154 51.7239 20
      vertex -50.154 51.7239 4
    endloop
  endfacet
  facet normal -0.923873 0.382699 0
    outer loop
      vertex -61.2063 50.8541 4
      vertex -60.846 51.7239 20
      vertex -60.846 51.7239 4
    endloop
  endfacet
  facet normal -0.923873 0.382699 0
    outer loop
      vertex -60.846 51.7239 20
      vertex -61.2063 50.8541 4
      vertex -61.2063 50.8541 20
    endloop
  endfacet
  facet normal -0.522455 0.852667 0
    outer loop
      vertex -58.2239 54.346 4
      vertex -59.0267 53.8541 20
      vertex -58.2239 54.346 20
    endloop
  endfacet
  facet normal -0.522455 0.852667 0
    outer loop
      vertex -59.0267 53.8541 20
      vertex -58.2239 54.346 4
      vertex -59.0267 53.8541 4
    endloop
  endfacet
  facet normal -0.0784914 -0.996915 0
    outer loop
      vertex -56.4386 43.0739 4
      vertex -55.5 43 20
      vertex -56.4386 43.0739 20
    endloop
  endfacet
  facet normal -0.0784914 -0.996915 -0
    outer loop
      vertex -55.5 43 20
      vertex -56.4386 43.0739 4
      vertex -55.5 43 4
    endloop
  endfacet
  facet normal 0.522455 0.852667 -0
    outer loop
      vertex -51.9733 53.8541 4
      vertex -52.7761 54.346 20
      vertex -51.9733 53.8541 20
    endloop
  endfacet
  facet normal 0.522455 0.852667 0
    outer loop
      vertex -52.7761 54.346 20
      vertex -51.9733 53.8541 4
      vertex -52.7761 54.346 4
    endloop
  endfacet
  facet normal 0.522455 -0.852667 0
    outer loop
      vertex -52.7761 43.654 4
      vertex -51.9733 44.1459 20
      vertex -52.7761 43.654 20
    endloop
  endfacet
  facet normal 0.522455 -0.852667 0
    outer loop
      vertex -51.9733 44.1459 20
      vertex -52.7761 43.654 4
      vertex -51.9733 44.1459 4
    endloop
  endfacet
  facet normal -0.760373 0.649487 0
    outer loop
      vertex -60.3541 52.5267 4
      vertex -59.7426 53.2426 20
      vertex -59.7426 53.2426 4
    endloop
  endfacet
  facet normal -0.760373 0.649487 0
    outer loop
      vertex -59.7426 53.2426 20
      vertex -60.3541 52.5267 4
      vertex -60.3541 52.5267 20
    endloop
  endfacet
  facet normal -0.233453 0.972368 0
    outer loop
      vertex -56.4386 54.9261 4
      vertex -57.3541 54.7063 20
      vertex -56.4386 54.9261 20
    endloop
  endfacet
  facet normal -0.233453 0.972368 0
    outer loop
      vertex -57.3541 54.7063 20
      vertex -56.4386 54.9261 4
      vertex -57.3541 54.7063 4
    endloop
  endfacet
  facet normal -0.522455 -0.852667 0
    outer loop
      vertex -59.0267 44.1459 4
      vertex -58.2239 43.654 20
      vertex -59.0267 44.1459 20
    endloop
  endfacet
  facet normal -0.522455 -0.852667 -0
    outer loop
      vertex -58.2239 43.654 20
      vertex -59.0267 44.1459 4
      vertex -58.2239 43.654 4
    endloop
  endfacet
  facet normal 0.760373 0.649487 0
    outer loop
      vertex -50.6459 52.5267 20
      vertex -51.2574 53.2426 4
      vertex -51.2574 53.2426 20
    endloop
  endfacet
  facet normal 0.760373 0.649487 0
    outer loop
      vertex -51.2574 53.2426 4
      vertex -50.6459 52.5267 20
      vertex -50.6459 52.5267 4
    endloop
  endfacet
  facet normal 0.649487 0.760373 -0
    outer loop
      vertex -51.2574 53.2426 4
      vertex -51.9733 53.8541 20
      vertex -51.2574 53.2426 20
    endloop
  endfacet
  facet normal 0.649487 0.760373 0
    outer loop
      vertex -51.9733 53.8541 20
      vertex -51.2574 53.2426 4
      vertex -51.9733 53.8541 4
    endloop
  endfacet
  facet normal 0 0 1
    outer loop
      vertex -52.6 49 20
      vertex -49.5 49 20
      vertex -49.5739 49.9386 20
    endloop
  endfacet
  facet normal 0 0 1
    outer loop
      vertex -52.6357 49.4537 20
      vertex -49.5739 49.9386 20
      vertex -49.7937 50.8541 20
    endloop
  endfacet
  facet normal 0 0 1
    outer loop
      vertex -49.5 49 20
      vertex -52.6 49 20
      vertex -49.5739 48.0614 20
    endloop
  endfacet
  facet normal 0 0 1
    outer loop
      vertex -52.7419 49.8961 20
      vertex -49.7937 50.8541 20
      vertex -50.154 51.7239 20
    endloop
  endfacet
  facet normal -0 0 1
    outer loop
      vertex -52.6357 48.5463 20
      vertex -49.5739 48.0614 20
      vertex -52.6 49 20
    endloop
  endfacet
  facet normal 0 0 1
    outer loop
      vertex -52.9161 50.3166 20
      vertex -50.154 51.7239 20
      vertex -50.6459 52.5267 20
    endloop
  endfacet
  facet normal 0 0 1
    outer loop
      vertex -49.5739 48.0614 20
      vertex -52.6357 48.5463 20
      vertex -49.7937 47.1459 20
    endloop
  endfacet
  facet normal 0 0 1
    outer loop
      vertex -53.1539 50.7046 20
      vertex -50.6459 52.5267 20
      vertex -51.2574 53.2426 20
    endloop
  endfacet
  facet normal -0 0 1
    outer loop
      vertex -52.7419 48.1039 20
      vertex -49.7937 47.1459 20
      vertex -52.6357 48.5463 20
    endloop
  endfacet
  facet normal 0 0 1
    outer loop
      vertex -53.4494 51.0506 20
      vertex -51.2574 53.2426 20
      vertex -51.9733 53.8541 20
    endloop
  endfacet
  facet normal 0 0 1
    outer loop
      vertex -49.7937 47.1459 20
      vertex -52.7419 48.1039 20
      vertex -50.154 46.2761 20
    endloop
  endfacet
  facet normal -0 0 1
    outer loop
      vertex -52.9161 47.6834 20
      vertex -50.154 46.2761 20
      vertex -52.7419 48.1039 20
    endloop
  endfacet
  facet normal 0 0 1
    outer loop
      vertex -49.5739 49.9386 20
      vertex -52.6357 49.4537 20
      vertex -52.6 49 20
    endloop
  endfacet
  facet normal 0 0 1
    outer loop
      vertex -49.7937 50.8541 20
      vertex -52.7419 49.8961 20
      vertex -52.6357 49.4537 20
    endloop
  endfacet
  facet normal 0 0 1
    outer loop
      vertex -53.7954 51.3461 20
      vertex -51.9733 53.8541 20
      vertex -52.7761 54.346 20
    endloop
  endfacet
  facet normal 0 0 1
    outer loop
      vertex -50.154 51.7239 20
      vertex -52.9161 50.3166 20
      vertex -52.7419 49.8961 20
    endloop
  endfacet
  facet normal 0 0 1
    outer loop
      vertex -50.6459 52.5267 20
      vertex -53.1539 50.7046 20
      vertex -52.9161 50.3166 20
    endloop
  endfacet
  facet normal 0 0 1
    outer loop
      vertex -51.2574 53.2426 20
      vertex -53.4494 51.0506 20
      vertex -53.1539 50.7046 20
    endloop
  endfacet
  facet normal 0 0 1
    outer loop
      vertex -54.1834 51.5839 20
      vertex -52.7761 54.346 20
      vertex -53.6459 54.7063 20
    endloop
  endfacet
  facet normal 0 0 1
    outer loop
      vertex -51.9733 53.8541 20
      vertex -53.7954 51.3461 20
      vertex -53.4494 51.0506 20
    endloop
  endfacet
  facet normal 0 0 1
    outer loop
      vertex -52.7761 54.346 20
      vertex -54.1834 51.5839 20
      vertex -53.7954 51.3461 20
    endloop
  endfacet
  facet normal 0 0 1
    outer loop
      vertex -54.6039 51.7581 20
      vertex -53.6459 54.7063 20
      vertex -54.5614 54.9261 20
    endloop
  endfacet
  facet normal 0 0 1
    outer loop
      vertex -53.6459 54.7063 20
      vertex -54.6039 51.7581 20
      vertex -54.1834 51.5839 20
    endloop
  endfacet
  facet normal 0 0 1
    outer loop
      vertex -54.5614 54.9261 20
      vertex -55.0463 51.8643 20
      vertex -54.6039 51.7581 20
    endloop
  endfacet
  facet normal 0 0 1
    outer loop
      vertex -55.5 55 20
      vertex -55.0463 51.8643 20
      vertex -54.5614 54.9261 20
    endloop
  endfacet
  facet normal 0 0 1
    outer loop
      vertex -55.5 55 20
      vertex -55.5 51.9 20
      vertex -55.0463 51.8643 20
    endloop
  endfacet
  facet normal 0 0 1
    outer loop
      vertex -55.5 55 20
      vertex -55.9537 51.8643 20
      vertex -55.5 51.9 20
    endloop
  endfacet
  facet normal -0 0 1
    outer loop
      vertex -56.4386 54.9261 20
      vertex -55.9537 51.8643 20
      vertex -55.5 55 20
    endloop
  endfacet
  facet normal 0 0 1
    outer loop
      vertex -55.9537 51.8643 20
      vertex -56.4386 54.9261 20
      vertex -56.3961 51.7581 20
    endloop
  endfacet
  facet normal -0 0 1
    outer loop
      vertex -57.3541 54.7063 20
      vertex -56.3961 51.7581 20
      vertex -56.4386 54.9261 20
    endloop
  endfacet
  facet normal 0 0 1
    outer loop
      vertex -56.3961 51.7581 20
      vertex -57.3541 54.7063 20
      vertex -56.8166 51.5839 20
    endloop
  endfacet
  facet normal -0 0 1
    outer loop
      vertex -58.2239 54.346 20
      vertex -56.8166 51.5839 20
      vertex -57.3541 54.7063 20
    endloop
  endfacet
  facet normal 0 0 1
    outer loop
      vertex -56.8166 51.5839 20
      vertex -58.2239 54.346 20
      vertex -57.2046 51.3461 20
    endloop
  endfacet
  facet normal -0 0 1
    outer loop
      vertex -59.0267 53.8541 20
      vertex -57.2046 51.3461 20
      vertex -58.2239 54.346 20
    endloop
  endfacet
  facet normal 0 0 1
    outer loop
      vertex -57.2046 51.3461 20
      vertex -59.0267 53.8541 20
      vertex -57.5506 51.0506 20
    endloop
  endfacet
  facet normal -0 0 1
    outer loop
      vertex -59.7426 53.2426 20
      vertex -57.5506 51.0506 20
      vertex -59.0267 53.8541 20
    endloop
  endfacet
  facet normal 0 0 1
    outer loop
      vertex -57.5506 51.0506 20
      vertex -59.7426 53.2426 20
      vertex -57.8461 50.7046 20
    endloop
  endfacet
  facet normal -0 0 1
    outer loop
      vertex -60.3541 52.5267 20
      vertex -57.8461 50.7046 20
      vertex -59.7426 53.2426 20
    endloop
  endfacet
  facet normal 0 0 1
    outer loop
      vertex -57.8461 50.7046 20
      vertex -60.3541 52.5267 20
      vertex -58.0839 50.3166 20
    endloop
  endfacet
  facet normal -0 0 1
    outer loop
      vertex -60.846 51.7239 20
      vertex -58.0839 50.3166 20
      vertex -60.3541 52.5267 20
    endloop
  endfacet
  facet normal 0 0 1
    outer loop
      vertex -50.154 46.2761 20
      vertex -52.9161 47.6834 20
      vertex -50.6459 45.4733 20
    endloop
  endfacet
  facet normal -0 0 1
    outer loop
      vertex -53.1539 47.2954 20
      vertex -50.6459 45.4733 20
      vertex -52.9161 47.6834 20
    endloop
  endfacet
  facet normal 0 0 1
    outer loop
      vertex -50.6459 45.4733 20
      vertex -53.1539 47.2954 20
      vertex -51.2574 44.7574 20
    endloop
  endfacet
  facet normal -0 0 1
    outer loop
      vertex -53.4494 46.9494 20
      vertex -51.2574 44.7574 20
      vertex -53.1539 47.2954 20
    endloop
  endfacet
  facet normal 0 0 1
    outer loop
      vertex -51.2574 44.7574 20
      vertex -53.4494 46.9494 20
      vertex -51.9733 44.1459 20
    endloop
  endfacet
  facet normal -0 0 1
    outer loop
      vertex -53.7954 46.6539 20
      vertex -51.9733 44.1459 20
      vertex -53.4494 46.9494 20
    endloop
  endfacet
  facet normal 0 0 1
    outer loop
      vertex -51.9733 44.1459 20
      vertex -53.7954 46.6539 20
      vertex -52.7761 43.654 20
    endloop
  endfacet
  facet normal -0 0 1
    outer loop
      vertex -54.1834 46.4161 20
      vertex -52.7761 43.654 20
      vertex -53.7954 46.6539 20
    endloop
  endfacet
  facet normal 0 0 1
    outer loop
      vertex -52.7761 43.654 20
      vertex -54.1834 46.4161 20
      vertex -53.6459 43.2937 20
    endloop
  endfacet
  facet normal -0 0 1
    outer loop
      vertex -54.6039 46.2419 20
      vertex -53.6459 43.2937 20
      vertex -54.1834 46.4161 20
    endloop
  endfacet
  facet normal 0 0 1
    outer loop
      vertex -53.6459 43.2937 20
      vertex -54.6039 46.2419 20
      vertex -54.5614 43.0739 20
    endloop
  endfacet
  facet normal -0 0 1
    outer loop
      vertex -55.0463 46.1357 20
      vertex -54.5614 43.0739 20
      vertex -54.6039 46.2419 20
    endloop
  endfacet
  facet normal -0 0 1
    outer loop
      vertex -55.5 46.1 20
      vertex -54.5614 43.0739 20
      vertex -55.0463 46.1357 20
    endloop
  endfacet
  facet normal 0 0 1
    outer loop
      vertex -55.5 46.1 20
      vertex -55.5 43 20
      vertex -54.5614 43.0739 20
    endloop
  endfacet
  facet normal 0 0 1
    outer loop
      vertex -55.9537 46.1357 20
      vertex -55.5 43 20
      vertex -55.5 46.1 20
    endloop
  endfacet
  facet normal 0 0 1
    outer loop
      vertex -56.4386 43.0739 20
      vertex -55.9537 46.1357 20
      vertex -56.3961 46.2419 20
    endloop
  endfacet
  facet normal 0 0 1
    outer loop
      vertex -55.9537 46.1357 20
      vertex -56.4386 43.0739 20
      vertex -55.5 43 20
    endloop
  endfacet
  facet normal 0 0 1
    outer loop
      vertex -57.3541 43.2937 20
      vertex -56.3961 46.2419 20
      vertex -56.8166 46.4161 20
    endloop
  endfacet
  facet normal 0 0 1
    outer loop
      vertex -58.2239 43.654 20
      vertex -56.8166 46.4161 20
      vertex -57.2046 46.6539 20
    endloop
  endfacet
  facet normal 0 0 1
    outer loop
      vertex -56.3961 46.2419 20
      vertex -57.3541 43.2937 20
      vertex -56.4386 43.0739 20
    endloop
  endfacet
  facet normal 0 0 1
    outer loop
      vertex -59.0267 44.1459 20
      vertex -57.2046 46.6539 20
      vertex -57.5506 46.9494 20
    endloop
  endfacet
  facet normal 0 0 1
    outer loop
      vertex -59.7426 44.7574 20
      vertex -57.5506 46.9494 20
      vertex -57.8461 47.2954 20
    endloop
  endfacet
  facet normal 0 0 1
    outer loop
      vertex -60.3541 45.4733 20
      vertex -57.8461 47.2954 20
      vertex -58.0839 47.6834 20
    endloop
  endfacet
  facet normal 0 0 1
    outer loop
      vertex -56.8166 46.4161 20
      vertex -58.2239 43.654 20
      vertex -57.3541 43.2937 20
    endloop
  endfacet
  facet normal 0 0 1
    outer loop
      vertex -60.846 46.2761 20
      vertex -58.0839 47.6834 20
      vertex -58.2581 48.1039 20
    endloop
  endfacet
  facet normal 0 0 1
    outer loop
      vertex -61.2063 47.1459 20
      vertex -58.2581 48.1039 20
      vertex -58.3643 48.5463 20
    endloop
  endfacet
  facet normal 0 0 1
    outer loop
      vertex -61.4261 48.0614 20
      vertex -58.3643 48.5463 20
      vertex -58.4 49 20
    endloop
  endfacet
  facet normal 0 0 1
    outer loop
      vertex -58.0839 50.3166 20
      vertex -60.846 51.7239 20
      vertex -58.2581 49.8961 20
    endloop
  endfacet
  facet normal 0 0 1
    outer loop
      vertex -57.2046 46.6539 20
      vertex -59.0267 44.1459 20
      vertex -58.2239 43.654 20
    endloop
  endfacet
  facet normal -0 0 1
    outer loop
      vertex -61.2063 50.8541 20
      vertex -58.2581 49.8961 20
      vertex -60.846 51.7239 20
    endloop
  endfacet
  facet normal 0 0 1
    outer loop
      vertex -57.5506 46.9494 20
      vertex -59.7426 44.7574 20
      vertex -59.0267 44.1459 20
    endloop
  endfacet
  facet normal 0 0 1
    outer loop
      vertex -58.2581 49.8961 20
      vertex -61.2063 50.8541 20
      vertex -58.3643 49.4537 20
    endloop
  endfacet
  facet normal 0 0 1
    outer loop
      vertex -57.8461 47.2954 20
      vertex -60.3541 45.4733 20
      vertex -59.7426 44.7574 20
    endloop
  endfacet
  facet normal -0 0 1
    outer loop
      vertex -61.4261 49.9386 20
      vertex -58.3643 49.4537 20
      vertex -61.2063 50.8541 20
    endloop
  endfacet
  facet normal 0 0 1
    outer loop
      vertex -58.0839 47.6834 20
      vertex -60.846 46.2761 20
      vertex -60.3541 45.4733 20
    endloop
  endfacet
  facet normal 0 0 1
    outer loop
      vertex -58.3643 49.4537 20
      vertex -61.4261 49.9386 20
      vertex -58.4 49 20
    endloop
  endfacet
  facet normal 0 0 1
    outer loop
      vertex -58.2581 48.1039 20
      vertex -61.2063 47.1459 20
      vertex -60.846 46.2761 20
    endloop
  endfacet
  facet normal 0 0 1
    outer loop
      vertex -61.5 49 20
      vertex -58.4 49 20
      vertex -61.4261 49.9386 20
    endloop
  endfacet
  facet normal 0 0 1
    outer loop
      vertex -58.3643 48.5463 20
      vertex -61.4261 48.0614 20
      vertex -61.2063 47.1459 20
    endloop
  endfacet
  facet normal 0 0 1
    outer loop
      vertex -58.4 49 20
      vertex -61.5 49 20
      vertex -61.4261 48.0614 20
    endloop
  endfacet
  facet normal 0.0784914 -0.996915 0
    outer loop
      vertex -55.5 43 4
      vertex -54.5614 43.0739 20
      vertex -55.5 43 20
    endloop
  endfacet
  facet normal 0.0784914 -0.996915 0
    outer loop
      vertex -54.5614 43.0739 20
      vertex -55.5 43 4
      vertex -54.5614 43.0739 4
    endloop
  endfacet
  facet normal -0.382699 -0.923873 0
    outer loop
      vertex -58.2239 43.654 4
      vertex -57.3541 43.2937 20
      vertex -58.2239 43.654 20
    endloop
  endfacet
  facet normal -0.382699 -0.923873 -0
    outer loop
      vertex -57.3541 43.2937 20
      vertex -58.2239 43.654 4
      vertex -57.3541 43.2937 4
    endloop
  endfacet
  facet normal -0.852667 -0.522455 0
    outer loop
      vertex -60.3541 45.4733 4
      vertex -60.846 46.2761 20
      vertex -60.846 46.2761 4
    endloop
  endfacet
  facet normal -0.852667 -0.522455 0
    outer loop
      vertex -60.846 46.2761 20
      vertex -60.3541 45.4733 4
      vertex -60.3541 45.4733 20
    endloop
  endfacet
  facet normal 0.233453 -0.972368 0
    outer loop
      vertex -54.5614 43.0739 4
      vertex -53.6459 43.2937 20
      vertex -54.5614 43.0739 20
    endloop
  endfacet
  facet normal 0.233453 -0.972368 0
    outer loop
      vertex -53.6459 43.2937 20
      vertex -54.5614 43.0739 4
      vertex -53.6459 43.2937 4
    endloop
  endfacet
  facet normal 0.649487 -0.760373 0
    outer loop
      vertex -51.9733 44.1459 4
      vertex -51.2574 44.7574 20
      vertex -51.9733 44.1459 20
    endloop
  endfacet
  facet normal 0.649487 -0.760373 0
    outer loop
      vertex -51.2574 44.7574 20
      vertex -51.9733 44.1459 4
      vertex -51.2574 44.7574 4
    endloop
  endfacet
  facet normal -0.996915 -0.0784914 0
    outer loop
      vertex -61.4261 48.0614 4
      vertex -61.5 49 20
      vertex -61.5 49 4
    endloop
  endfacet
  facet normal -0.996915 -0.0784914 0
    outer loop
      vertex -61.5 49 20
      vertex -61.4261 48.0614 4
      vertex -61.4261 48.0614 20
    endloop
  endfacet
  facet normal 0.972368 -0.233453 0
    outer loop
      vertex -49.7937 47.1459 20
      vertex -49.5739 48.0614 4
      vertex -49.5739 48.0614 20
    endloop
  endfacet
  facet normal 0.972368 -0.233453 0
    outer loop
      vertex -49.5739 48.0614 4
      vertex -49.7937 47.1459 20
      vertex -49.7937 47.1459 4
    endloop
  endfacet
  facet normal 0.382699 0.923873 -0
    outer loop
      vertex -52.7761 54.346 4
      vertex -53.6459 54.7063 20
      vertex -52.7761 54.346 20
    endloop
  endfacet
  facet normal 0.382699 0.923873 0
    outer loop
      vertex -53.6459 54.7063 20
      vertex -52.7761 54.346 4
      vertex -53.6459 54.7063 4
    endloop
  endfacet
  facet normal 0.0784914 0.996915 -0
    outer loop
      vertex -54.5614 54.9261 4
      vertex -55.5 55 20
      vertex -54.5614 54.9261 20
    endloop
  endfacet
  facet normal 0.0784914 0.996915 0
    outer loop
      vertex -55.5 55 20
      vertex -54.5614 54.9261 4
      vertex -55.5 55 4
    endloop
  endfacet
  facet normal -0.852667 0.522455 0
    outer loop
      vertex -60.846 51.7239 4
      vertex -60.3541 52.5267 20
      vertex -60.3541 52.5267 4
    endloop
  endfacet
  facet normal -0.852667 0.522455 0
    outer loop
      vertex -60.3541 52.5267 20
      vertex -60.846 51.7239 4
      vertex -60.846 51.7239 20
    endloop
  endfacet
  facet normal -0.233423 0.972375 0
    outer loop
      vertex -55.9537 51.8643 20
      vertex -56.3961 51.7581 26
      vertex -55.9537 51.8643 26
    endloop
  endfacet
  facet normal -0.233423 0.972375 0
    outer loop
      vertex -56.3961 51.7581 26
      vertex -55.9537 51.8643 20
      vertex -56.3961 51.7581 20
    endloop
  endfacet
  facet normal 0.972375 0.233423 0
    outer loop
      vertex -52.6357 49.4537 26
      vertex -52.7419 49.8961 20
      vertex -52.7419 49.8961 26
    endloop
  endfacet
  facet normal 0.972375 0.233423 0
    outer loop
      vertex -52.7419 49.8961 20
      vertex -52.6357 49.4537 26
      vertex -52.6357 49.4537 20
    endloop
  endfacet
  facet normal 0.996919 0.0784439 0
    outer loop
      vertex -52.6 49 26
      vertex -52.6357 49.4537 20
      vertex -52.6357 49.4537 26
    endloop
  endfacet
  facet normal 0.996919 0.0784439 0
    outer loop
      vertex -52.6357 49.4537 20
      vertex -52.6 49 26
      vertex -52.6 49 20
    endloop
  endfacet
  facet normal 0.923862 0.382727 0
    outer loop
      vertex -52.7419 49.8961 26
      vertex -52.9161 50.3166 20
      vertex -52.9161 50.3166 26
    endloop
  endfacet
  facet normal 0.923862 0.382727 0
    outer loop
      vertex -52.9161 50.3166 20
      vertex -52.7419 49.8961 26
      vertex -52.7419 49.8961 20
    endloop
  endfacet
  facet normal -0.972375 -0.233423 0
    outer loop
      vertex -58.2581 48.1039 20
      vertex -58.3643 48.5463 26
      vertex -58.3643 48.5463 20
    endloop
  endfacet
  facet normal -0.972375 -0.233423 0
    outer loop
      vertex -58.3643 48.5463 26
      vertex -58.2581 48.1039 20
      vertex -58.2581 48.1039 26
    endloop
  endfacet
  facet normal 0.852608 -0.522552 0
    outer loop
      vertex -53.1539 47.2954 26
      vertex -52.9161 47.6834 20
      vertex -52.9161 47.6834 26
    endloop
  endfacet
  facet normal 0.852608 -0.522552 0
    outer loop
      vertex -52.9161 47.6834 20
      vertex -53.1539 47.2954 26
      vertex -53.1539 47.2954 20
    endloop
  endfacet
  facet normal 0.996919 -0.0784439 0
    outer loop
      vertex -52.6357 48.5463 26
      vertex -52.6 49 20
      vertex -52.6 49 26
    endloop
  endfacet
  facet normal 0.996919 -0.0784439 0
    outer loop
      vertex -52.6 49 20
      vertex -52.6357 48.5463 26
      vertex -52.6357 48.5463 20
    endloop
  endfacet
  facet normal 0.382727 0.923862 -0
    outer loop
      vertex -54.1834 51.5839 20
      vertex -54.6039 51.7581 26
      vertex -54.1834 51.5839 26
    endloop
  endfacet
  facet normal 0.382727 0.923862 0
    outer loop
      vertex -54.6039 51.7581 26
      vertex -54.1834 51.5839 20
      vertex -54.6039 51.7581 20
    endloop
  endfacet
  facet normal 0.852608 0.522552 0
    outer loop
      vertex -52.9161 50.3166 26
      vertex -53.1539 50.7046 20
      vertex -53.1539 50.7046 26
    endloop
  endfacet
  facet normal 0.852608 0.522552 0
    outer loop
      vertex -53.1539 50.7046 20
      vertex -52.9161 50.3166 26
      vertex -52.9161 50.3166 20
    endloop
  endfacet
  facet normal -0.649433 0.760419 0
    outer loop
      vertex -57.2046 51.3461 20
      vertex -57.5506 51.0506 26
      vertex -57.2046 51.3461 26
    endloop
  endfacet
  facet normal -0.649433 0.760419 0
    outer loop
      vertex -57.5506 51.0506 26
      vertex -57.2046 51.3461 20
      vertex -57.5506 51.0506 20
    endloop
  endfacet
  facet normal -0.0784439 -0.996919 0
    outer loop
      vertex -55.9537 46.1357 20
      vertex -55.5 46.1 26
      vertex -55.9537 46.1357 26
    endloop
  endfacet
  facet normal -0.0784439 -0.996919 -0
    outer loop
      vertex -55.5 46.1 26
      vertex -55.9537 46.1357 20
      vertex -55.5 46.1 20
    endloop
  endfacet
  facet normal -0.522552 0.852608 0
    outer loop
      vertex -56.8166 51.5839 20
      vertex -57.2046 51.3461 26
      vertex -56.8166 51.5839 26
    endloop
  endfacet
  facet normal -0.522552 0.852608 0
    outer loop
      vertex -57.2046 51.3461 26
      vertex -56.8166 51.5839 20
      vertex -57.2046 51.3461 20
    endloop
  endfacet
  facet normal -0.923862 0.382727 0
    outer loop
      vertex -58.2581 49.8961 20
      vertex -58.0839 50.3166 26
      vertex -58.0839 50.3166 20
    endloop
  endfacet
  facet normal -0.923862 0.382727 0
    outer loop
      vertex -58.0839 50.3166 26
      vertex -58.2581 49.8961 20
      vertex -58.2581 49.8961 26
    endloop
  endfacet
  facet normal 0.522552 -0.852608 0
    outer loop
      vertex -54.1834 46.4161 20
      vertex -53.7954 46.6539 26
      vertex -54.1834 46.4161 26
    endloop
  endfacet
  facet normal 0.522552 -0.852608 0
    outer loop
      vertex -53.7954 46.6539 26
      vertex -54.1834 46.4161 20
      vertex -53.7954 46.6539 20
    endloop
  endfacet
  facet normal 0.233423 -0.972375 0
    outer loop
      vertex -55.0463 46.1357 20
      vertex -54.6039 46.2419 26
      vertex -55.0463 46.1357 26
    endloop
  endfacet
  facet normal 0.233423 -0.972375 0
    outer loop
      vertex -54.6039 46.2419 26
      vertex -55.0463 46.1357 20
      vertex -54.6039 46.2419 20
    endloop
  endfacet
  facet normal 0 0 1
    outer loop
      vertex -52.6357 49.4537 26
      vertex -52.6357 48.5463 26
      vertex -52.6 49 26
    endloop
  endfacet
  facet normal 0 0 1
    outer loop
      vertex -52.7419 49.8961 26
      vertex -52.6357 48.5463 26
      vertex -52.6357 49.4537 26
    endloop
  endfacet
  facet normal 0 0 1
    outer loop
      vertex -52.7419 49.8961 26
      vertex -52.7419 48.1039 26
      vertex -52.6357 48.5463 26
    endloop
  endfacet
  facet normal 0 0 1
    outer loop
      vertex -52.9161 50.3166 26
      vertex -52.7419 48.1039 26
      vertex -52.7419 49.8961 26
    endloop
  endfacet
  facet normal 0 0 1
    outer loop
      vertex -52.9161 50.3166 26
      vertex -52.9161 47.6834 26
      vertex -52.7419 48.1039 26
    endloop
  endfacet
  facet normal 0 0 1
    outer loop
      vertex -53.1539 50.7046 26
      vertex -52.9161 47.6834 26
      vertex -52.9161 50.3166 26
    endloop
  endfacet
  facet normal 0 0 1
    outer loop
      vertex -53.1539 50.7046 26
      vertex -53.1539 47.2954 26
      vertex -52.9161 47.6834 26
    endloop
  endfacet
  facet normal 0 0 1
    outer loop
      vertex -53.4494 51.0506 26
      vertex -53.1539 47.2954 26
      vertex -53.1539 50.7046 26
    endloop
  endfacet
  facet normal 0 0 1
    outer loop
      vertex -53.4494 51.0506 26
      vertex -53.4494 46.9494 26
      vertex -53.1539 47.2954 26
    endloop
  endfacet
  facet normal 0 0 1
    outer loop
      vertex -53.7954 51.3461 26
      vertex -53.4494 46.9494 26
      vertex -53.4494 51.0506 26
    endloop
  endfacet
  facet normal 0 0 1
    outer loop
      vertex -53.7954 51.3461 26
      vertex -53.7954 46.6539 26
      vertex -53.4494 46.9494 26
    endloop
  endfacet
  facet normal 0 0 1
    outer loop
      vertex -54.1834 51.5839 26
      vertex -53.7954 46.6539 26
      vertex -53.7954 51.3461 26
    endloop
  endfacet
  facet normal 0 0 1
    outer loop
      vertex -54.1834 51.5839 26
      vertex -54.1834 46.4161 26
      vertex -53.7954 46.6539 26
    endloop
  endfacet
  facet normal 0 0 1
    outer loop
      vertex -54.6039 51.7581 26
      vertex -54.1834 46.4161 26
      vertex -54.1834 51.5839 26
    endloop
  endfacet
  facet normal 0 0 1
    outer loop
      vertex -54.6039 51.7581 26
      vertex -54.6039 46.2419 26
      vertex -54.1834 46.4161 26
    endloop
  endfacet
  facet normal 0 0 1
    outer loop
      vertex -55.0463 51.8643 26
      vertex -54.6039 46.2419 26
      vertex -54.6039 51.7581 26
    endloop
  endfacet
  facet normal 0 0 1
    outer loop
      vertex -55.0463 51.8643 26
      vertex -55.0463 46.1357 26
      vertex -54.6039 46.2419 26
    endloop
  endfacet
  facet normal 0 0 1
    outer loop
      vertex -55.5 51.9 26
      vertex -55.0463 46.1357 26
      vertex -55.0463 51.8643 26
    endloop
  endfacet
  facet normal 0 0 1
    outer loop
      vertex -55.5 51.9 26
      vertex -55.5 46.1 26
      vertex -55.0463 46.1357 26
    endloop
  endfacet
  facet normal -0 0 1
    outer loop
      vertex -55.9537 51.8643 26
      vertex -55.5 46.1 26
      vertex -55.5 51.9 26
    endloop
  endfacet
  facet normal 0 0 1
    outer loop
      vertex -55.9537 51.8643 26
      vertex -55.9537 46.1357 26
      vertex -55.5 46.1 26
    endloop
  endfacet
  facet normal -0 0 1
    outer loop
      vertex -56.3961 51.7581 26
      vertex -55.9537 46.1357 26
      vertex -55.9537 51.8643 26
    endloop
  endfacet
  facet normal 0 0 1
    outer loop
      vertex -56.3961 51.7581 26
      vertex -56.3961 46.2419 26
      vertex -55.9537 46.1357 26
    endloop
  endfacet
  facet normal -0 0 1
    outer loop
      vertex -56.8166 51.5839 26
      vertex -56.3961 46.2419 26
      vertex -56.3961 51.7581 26
    endloop
  endfacet
  facet normal 0 0 1
    outer loop
      vertex -56.8166 51.5839 26
      vertex -56.8166 46.4161 26
      vertex -56.3961 46.2419 26
    endloop
  endfacet
  facet normal -0 0 1
    outer loop
      vertex -57.2046 51.3461 26
      vertex -56.8166 46.4161 26
      vertex -56.8166 51.5839 26
    endloop
  endfacet
  facet normal 0 0 1
    outer loop
      vertex -57.2046 51.3461 26
      vertex -57.2046 46.6539 26
      vertex -56.8166 46.4161 26
    endloop
  endfacet
  facet normal -0 0 1
    outer loop
      vertex -57.5506 51.0506 26
      vertex -57.2046 46.6539 26
      vertex -57.2046 51.3461 26
    endloop
  endfacet
  facet normal 0 0 1
    outer loop
      vertex -57.5506 51.0506 26
      vertex -57.5506 46.9494 26
      vertex -57.2046 46.6539 26
    endloop
  endfacet
  facet normal -0 0 1
    outer loop
      vertex -57.8461 50.7046 26
      vertex -57.5506 46.9494 26
      vertex -57.5506 51.0506 26
    endloop
  endfacet
  facet normal 0 0 1
    outer loop
      vertex -57.8461 50.7046 26
      vertex -57.8461 47.2954 26
      vertex -57.5506 46.9494 26
    endloop
  endfacet
  facet normal -0 0 1
    outer loop
      vertex -58.0839 50.3166 26
      vertex -57.8461 47.2954 26
      vertex -57.8461 50.7046 26
    endloop
  endfacet
  facet normal 0 0 1
    outer loop
      vertex -58.0839 50.3166 26
      vertex -58.0839 47.6834 26
      vertex -57.8461 47.2954 26
    endloop
  endfacet
  facet normal -0 0 1
    outer loop
      vertex -58.2581 49.8961 26
      vertex -58.0839 47.6834 26
      vertex -58.0839 50.3166 26
    endloop
  endfacet
  facet normal 0 0 1
    outer loop
      vertex -58.2581 49.8961 26
      vertex -58.2581 48.1039 26
      vertex -58.0839 47.6834 26
    endloop
  endfacet
  facet normal -0 0 1
    outer loop
      vertex -58.3643 49.4537 26
      vertex -58.2581 48.1039 26
      vertex -58.2581 49.8961 26
    endloop
  endfacet
  facet normal 0 0 1
    outer loop
      vertex -58.3643 49.4537 26
      vertex -58.3643 48.5463 26
      vertex -58.2581 48.1039 26
    endloop
  endfacet
  facet normal 0 -0 1
    outer loop
      vertex -58.3643 48.5463 26
      vertex -58.3643 49.4537 26
      vertex -58.4 49 26
    endloop
  endfacet
  facet normal 0.649433 -0.760419 0
    outer loop
      vertex -53.7954 46.6539 20
      vertex -53.4494 46.9494 26
      vertex -53.7954 46.6539 26
    endloop
  endfacet
  facet normal 0.649433 -0.760419 0
    outer loop
      vertex -53.4494 46.9494 26
      vertex -53.7954 46.6539 20
      vertex -53.4494 46.9494 20
    endloop
  endfacet
  facet normal 0.972375 -0.233423 0
    outer loop
      vertex -52.7419 48.1039 26
      vertex -52.6357 48.5463 20
      vertex -52.6357 48.5463 26
    endloop
  endfacet
  facet normal 0.972375 -0.233423 0
    outer loop
      vertex -52.6357 48.5463 20
      vertex -52.7419 48.1039 26
      vertex -52.7419 48.1039 20
    endloop
  endfacet
  facet normal -0.760419 0.649433 0
    outer loop
      vertex -57.8461 50.7046 20
      vertex -57.5506 51.0506 26
      vertex -57.5506 51.0506 20
    endloop
  endfacet
  facet normal -0.760419 0.649433 0
    outer loop
      vertex -57.5506 51.0506 26
      vertex -57.8461 50.7046 20
      vertex -57.8461 50.7046 26
    endloop
  endfacet
  facet normal 0.760419 -0.649433 0
    outer loop
      vertex -53.4494 46.9494 26
      vertex -53.1539 47.2954 20
      vertex -53.1539 47.2954 26
    endloop
  endfacet
  facet normal 0.760419 -0.649433 0
    outer loop
      vertex -53.1539 47.2954 20
      vertex -53.4494 46.9494 26
      vertex -53.4494 46.9494 20
    endloop
  endfacet
  facet normal -0.852608 0.522552 0
    outer loop
      vertex -58.0839 50.3166 20
      vertex -57.8461 50.7046 26
      vertex -57.8461 50.7046 20
    endloop
  endfacet
  facet normal -0.852608 0.522552 0
    outer loop
      vertex -57.8461 50.7046 26
      vertex -58.0839 50.3166 20
      vertex -58.0839 50.3166 26
    endloop
  endfacet
  facet normal -0.382727 0.923862 0
    outer loop
      vertex -56.3961 51.7581 20
      vertex -56.8166 51.5839 26
      vertex -56.3961 51.7581 26
    endloop
  endfacet
  facet normal -0.382727 0.923862 0
    outer loop
      vertex -56.8166 51.5839 26
      vertex -56.3961 51.7581 20
      vertex -56.8166 51.5839 20
    endloop
  endfacet
  facet normal 0.382727 -0.923862 0
    outer loop
      vertex -54.6039 46.2419 20
      vertex -54.1834 46.4161 26
      vertex -54.6039 46.2419 26
    endloop
  endfacet
  facet normal 0.382727 -0.923862 0
    outer loop
      vertex -54.1834 46.4161 26
      vertex -54.6039 46.2419 20
      vertex -54.1834 46.4161 20
    endloop
  endfacet
  facet normal 0.649433 0.760419 -0
    outer loop
      vertex -53.4494 51.0506 20
      vertex -53.7954 51.3461 26
      vertex -53.4494 51.0506 26
    endloop
  endfacet
  facet normal 0.649433 0.760419 0
    outer loop
      vertex -53.7954 51.3461 26
      vertex -53.4494 51.0506 20
      vertex -53.7954 51.3461 20
    endloop
  endfacet
  facet normal 0.233423 0.972375 -0
    outer loop
      vertex -54.6039 51.7581 20
      vertex -55.0463 51.8643 26
      vertex -54.6039 51.7581 26
    endloop
  endfacet
  facet normal 0.233423 0.972375 0
    outer loop
      vertex -55.0463 51.8643 26
      vertex -54.6039 51.7581 20
      vertex -55.0463 51.8643 20
    endloop
  endfacet
  facet normal 0.522552 0.852608 -0
    outer loop
      vertex -53.7954 51.3461 20
      vertex -54.1834 51.5839 26
      vertex -53.7954 51.3461 26
    endloop
  endfacet
  facet normal 0.522552 0.852608 0
    outer loop
      vertex -54.1834 51.5839 26
      vertex -53.7954 51.3461 20
      vertex -54.1834 51.5839 20
    endloop
  endfacet
  facet normal -0.760419 -0.649433 0
    outer loop
      vertex -57.5506 46.9494 20
      vertex -57.8461 47.2954 26
      vertex -57.8461 47.2954 20
    endloop
  endfacet
  facet normal -0.760419 -0.649433 0
    outer loop
      vertex -57.8461 47.2954 26
      vertex -57.5506 46.9494 20
      vertex -57.5506 46.9494 26
    endloop
  endfacet
  facet normal 0.923862 -0.382727 0
    outer loop
      vertex -52.9161 47.6834 26
      vertex -52.7419 48.1039 20
      vertex -52.7419 48.1039 26
    endloop
  endfacet
  facet normal 0.923862 -0.382727 0
    outer loop
      vertex -52.7419 48.1039 20
      vertex -52.9161 47.6834 26
      vertex -52.9161 47.6834 20
    endloop
  endfacet
  facet normal -0.996919 -0.0784439 0
    outer loop
      vertex -58.3643 48.5463 20
      vertex -58.4 49 26
      vertex -58.4 49 20
    endloop
  endfacet
  facet normal -0.996919 -0.0784439 0
    outer loop
      vertex -58.4 49 26
      vertex -58.3643 48.5463 20
      vertex -58.3643 48.5463 26
    endloop
  endfacet
  facet normal -0.852608 -0.522552 0
    outer loop
      vertex -57.8461 47.2954 20
      vertex -58.0839 47.6834 26
      vertex -58.0839 47.6834 20
    endloop
  endfacet
  facet normal -0.852608 -0.522552 0
    outer loop
      vertex -58.0839 47.6834 26
      vertex -57.8461 47.2954 20
      vertex -57.8461 47.2954 26
    endloop
  endfacet
  facet normal -0.996919 0.0784439 0
    outer loop
      vertex -58.4 49 20
      vertex -58.3643 49.4537 26
      vertex -58.3643 49.4537 20
    endloop
  endfacet
  facet normal -0.996919 0.0784439 0
    outer loop
      vertex -58.3643 49.4537 26
      vertex -58.4 49 20
      vertex -58.4 49 26
    endloop
  endfacet
  facet normal -0.0784439 0.996919 0
    outer loop
      vertex -55.5 51.9 20
      vertex -55.9537 51.8643 26
      vertex -55.5 51.9 26
    endloop
  endfacet
  facet normal -0.0784439 0.996919 0
    outer loop
      vertex -55.9537 51.8643 26
      vertex -55.5 51.9 20
      vertex -55.9537 51.8643 20
    endloop
  endfacet
  facet normal 0.0784439 0.996919 -0
    outer loop
      vertex -55.0463 51.8643 20
      vertex -55.5 51.9 26
      vertex -55.0463 51.8643 26
    endloop
  endfacet
  facet normal 0.0784439 0.996919 0
    outer loop
      vertex -55.5 51.9 26
      vertex -55.0463 51.8643 20
      vertex -55.5 51.9 20
    endloop
  endfacet
  facet normal -0.382727 -0.923862 0
    outer loop
      vertex -56.8166 46.4161 20
      vertex -56.3961 46.2419 26
      vertex -56.8166 46.4161 26
    endloop
  endfacet
  facet normal -0.382727 -0.923862 -0
    outer loop
      vertex -56.3961 46.2419 26
      vertex -56.8166 46.4161 20
      vertex -56.3961 46.2419 20
    endloop
  endfacet
  facet normal -0.233423 -0.972375 0
    outer loop
      vertex -56.3961 46.2419 20
      vertex -55.9537 46.1357 26
      vertex -56.3961 46.2419 26
    endloop
  endfacet
  facet normal -0.233423 -0.972375 -0
    outer loop
      vertex -55.9537 46.1357 26
      vertex -56.3961 46.2419 20
      vertex -55.9537 46.1357 20
    endloop
  endfacet
  facet normal -0.923862 -0.382727 0
    outer loop
      vertex -58.0839 47.6834 20
      vertex -58.2581 48.1039 26
      vertex -58.2581 48.1039 20
    endloop
  endfacet
  facet normal -0.923862 -0.382727 0
    outer loop
      vertex -58.2581 48.1039 26
      vertex -58.0839 47.6834 20
      vertex -58.0839 47.6834 26
    endloop
  endfacet
  facet normal 0.760419 0.649433 0
    outer loop
      vertex -53.1539 50.7046 26
      vertex -53.4494 51.0506 20
      vertex -53.4494 51.0506 26
    endloop
  endfacet
  facet normal 0.760419 0.649433 0
    outer loop
      vertex -53.4494 51.0506 20
      vertex -53.1539 50.7046 26
      vertex -53.1539 50.7046 20
    endloop
  endfacet
  facet normal -0.522552 -0.852608 0
    outer loop
      vertex -57.2046 46.6539 20
      vertex -56.8166 46.4161 26
      vertex -57.2046 46.6539 26
    endloop
  endfacet
  facet normal -0.522552 -0.852608 -0
    outer loop
      vertex -56.8166 46.4161 26
      vertex -57.2046 46.6539 20
      vertex -56.8166 46.4161 20
    endloop
  endfacet
  facet normal 0.0784439 -0.996919 0
    outer loop
      vertex -55.5 46.1 20
      vertex -55.0463 46.1357 26
      vertex -55.5 46.1 26
    endloop
  endfacet
  facet normal 0.0784439 -0.996919 0
    outer loop
      vertex -55.0463 46.1357 26
      vertex -55.5 46.1 20
      vertex -55.0463 46.1357 20
    endloop
  endfacet
  facet normal -0.972375 0.233423 0
    outer loop
      vertex -58.3643 49.4537 20
      vertex -58.2581 49.8961 26
      vertex -58.2581 49.8961 20
    endloop
  endfacet
  facet normal -0.972375 0.233423 0
    outer loop
      vertex -58.2581 49.8961 26
      vertex -58.3643 49.4537 20
      vertex -58.3643 49.4537 26
    endloop
  endfacet
  facet normal -0.649433 -0.760419 0
    outer loop
      vertex -57.5506 46.9494 20
      vertex -57.2046 46.6539 26
      vertex -57.5506 46.9494 26
    endloop
  endfacet
  facet normal -0.649433 -0.760419 -0
    outer loop
      vertex -57.2046 46.6539 26
      vertex -57.5506 46.9494 20
      vertex -57.2046 46.6539 20
    endloop
  endfacet
  facet normal -0.972368 -0.233453 0
    outer loop
      vertex 49.7937 -50.8541 4
      vertex 49.5739 -49.9386 20
      vertex 49.5739 -49.9386 4
    endloop
  endfacet
  facet normal -0.972368 -0.233453 0
    outer loop
      vertex 49.5739 -49.9386 20
      vertex 49.7937 -50.8541 4
      vertex 49.7937 -50.8541 20
    endloop
  endfacet
  facet normal 0.972368 0.233453 0
    outer loop
      vertex 61.4261 -48.0614 20
      vertex 61.2063 -47.1459 4
      vertex 61.2063 -47.1459 20
    endloop
  endfacet
  facet normal 0.972368 0.233453 0
    outer loop
      vertex 61.2063 -47.1459 4
      vertex 61.4261 -48.0614 20
      vertex 61.4261 -48.0614 4
    endloop
  endfacet
  facet normal 0.996915 0.0784914 0
    outer loop
      vertex 61.5 -49 20
      vertex 61.4261 -48.0614 4
      vertex 61.4261 -48.0614 20
    endloop
  endfacet
  facet normal 0.996915 0.0784914 0
    outer loop
      vertex 61.4261 -48.0614 4
      vertex 61.5 -49 20
      vertex 61.5 -49 4
    endloop
  endfacet
  facet normal 0.923873 0.382699 0
    outer loop
      vertex 61.2063 -47.1459 20
      vertex 60.846 -46.2761 4
      vertex 60.846 -46.2761 20
    endloop
  endfacet
  facet normal 0.923873 0.382699 0
    outer loop
      vertex 60.846 -46.2761 4
      vertex 61.2063 -47.1459 20
      vertex 61.2063 -47.1459 4
    endloop
  endfacet
  facet normal 0.382699 -0.923873 0
    outer loop
      vertex 57.3541 -54.7063 4
      vertex 58.2239 -54.346 20
      vertex 57.3541 -54.7063 20
    endloop
  endfacet
  facet normal 0.382699 -0.923873 0
    outer loop
      vertex 58.2239 -54.346 20
      vertex 57.3541 -54.7063 4
      vertex 58.2239 -54.346 4
    endloop
  endfacet
  facet normal 0.852667 -0.522455 0
    outer loop
      vertex 60.3541 -52.5267 20
      vertex 60.846 -51.7239 4
      vertex 60.846 -51.7239 20
    endloop
  endfacet
  facet normal 0.852667 -0.522455 0
    outer loop
      vertex 60.846 -51.7239 4
      vertex 60.3541 -52.5267 20
      vertex 60.3541 -52.5267 4
    endloop
  endfacet
  facet normal -0.649487 0.760373 0
    outer loop
      vertex 51.9733 -44.1459 4
      vertex 51.2574 -44.7574 20
      vertex 51.9733 -44.1459 20
    endloop
  endfacet
  facet normal -0.649487 0.760373 0
    outer loop
      vertex 51.2574 -44.7574 20
      vertex 51.9733 -44.1459 4
      vertex 51.2574 -44.7574 4
    endloop
  endfacet
  facet normal -0.382699 0.923873 0
    outer loop
      vertex 53.6459 -43.2937 4
      vertex 52.7761 -43.654 20
      vertex 53.6459 -43.2937 20
    endloop
  endfacet
  facet normal -0.382699 0.923873 0
    outer loop
      vertex 52.7761 -43.654 20
      vertex 53.6459 -43.2937 4
      vertex 52.7761 -43.654 4
    endloop
  endfacet
  facet normal 0.760373 -0.649487 0
    outer loop
      vertex 59.7426 -53.2426 20
      vertex 60.3541 -52.5267 4
      vertex 60.3541 -52.5267 20
    endloop
  endfacet
  facet normal 0.760373 -0.649487 0
    outer loop
      vertex 60.3541 -52.5267 4
      vertex 59.7426 -53.2426 20
      vertex 59.7426 -53.2426 4
    endloop
  endfacet
  facet normal 0.996915 -0.0784914 0
    outer loop
      vertex 61.4261 -49.9386 20
      vertex 61.5 -49 4
      vertex 61.5 -49 20
    endloop
  endfacet
  facet normal 0.996915 -0.0784914 0
    outer loop
      vertex 61.5 -49 4
      vertex 61.4261 -49.9386 20
      vertex 61.4261 -49.9386 4
    endloop
  endfacet
  facet normal 0.923873 -0.382699 0
    outer loop
      vertex 60.846 -51.7239 20
      vertex 61.2063 -50.8541 4
      vertex 61.2063 -50.8541 20
    endloop
  endfacet
  facet normal 0.923873 -0.382699 0
    outer loop
      vertex 61.2063 -50.8541 4
      vertex 60.846 -51.7239 20
      vertex 60.846 -51.7239 4
    endloop
  endfacet
  facet normal -0.923873 -0.382699 0
    outer loop
      vertex 50.154 -51.7239 4
      vertex 49.7937 -50.8541 20
      vertex 49.7937 -50.8541 4
    endloop
  endfacet
  facet normal -0.923873 -0.382699 0
    outer loop
      vertex 49.7937 -50.8541 20
      vertex 50.154 -51.7239 4
      vertex 50.154 -51.7239 20
    endloop
  endfacet
  facet normal -0.996915 0.0784914 0
    outer loop
      vertex 49.5 -49 4
      vertex 49.5739 -48.0614 20
      vertex 49.5739 -48.0614 4
    endloop
  endfacet
  facet normal -0.996915 0.0784914 0
    outer loop
      vertex 49.5739 -48.0614 20
      vertex 49.5 -49 4
      vertex 49.5 -49 20
    endloop
  endfacet
  facet normal -0.972368 0.233453 0
    outer loop
      vertex 49.5739 -48.0614 4
      vertex 49.7937 -47.1459 20
      vertex 49.7937 -47.1459 4
    endloop
  endfacet
  facet normal -0.972368 0.233453 0
    outer loop
      vertex 49.7937 -47.1459 20
      vertex 49.5739 -48.0614 4
      vertex 49.5739 -48.0614 20
    endloop
  endfacet
  facet normal 0.233453 0.972368 -0
    outer loop
      vertex 57.3541 -43.2937 4
      vertex 56.4386 -43.0739 20
      vertex 57.3541 -43.2937 20
    endloop
  endfacet
  facet normal 0.233453 0.972368 0
    outer loop
      vertex 56.4386 -43.0739 20
      vertex 57.3541 -43.2937 4
      vertex 56.4386 -43.0739 4
    endloop
  endfacet
  facet normal -0.0784914 0.996915 0
    outer loop
      vertex 55.5 -43 4
      vertex 54.5614 -43.0739 20
      vertex 55.5 -43 20
    endloop
  endfacet
  facet normal -0.0784914 0.996915 0
    outer loop
      vertex 54.5614 -43.0739 20
      vertex 55.5 -43 4
      vertex 54.5614 -43.0739 4
    endloop
  endfacet
  facet normal -0.760373 -0.649487 0
    outer loop
      vertex 51.2574 -53.2426 4
      vertex 50.6459 -52.5267 20
      vertex 50.6459 -52.5267 4
    endloop
  endfacet
  facet normal -0.760373 -0.649487 0
    outer loop
      vertex 50.6459 -52.5267 20
      vertex 51.2574 -53.2426 4
      vertex 51.2574 -53.2426 20
    endloop
  endfacet
  facet normal -0.233453 -0.972368 0
    outer loop
      vertex 53.6459 -54.7063 4
      vertex 54.5614 -54.9261 20
      vertex 53.6459 -54.7063 20
    endloop
  endfacet
  facet normal -0.233453 -0.972368 -0
    outer loop
      vertex 54.5614 -54.9261 20
      vertex 53.6459 -54.7063 4
      vertex 54.5614 -54.9261 4
    endloop
  endfacet
  facet normal -0.649487 -0.760373 0
    outer loop
      vertex 51.2574 -53.2426 4
      vertex 51.9733 -53.8541 20
      vertex 51.2574 -53.2426 20
    endloop
  endfacet
  facet normal -0.649487 -0.760373 -0
    outer loop
      vertex 51.9733 -53.8541 20
      vertex 51.2574 -53.2426 4
      vertex 51.9733 -53.8541 4
    endloop
  endfacet
  facet normal 0.852667 0.522455 0
    outer loop
      vertex 60.846 -46.2761 20
      vertex 60.3541 -45.4733 4
      vertex 60.3541 -45.4733 20
    endloop
  endfacet
  facet normal 0.852667 0.522455 0
    outer loop
      vertex 60.3541 -45.4733 4
      vertex 60.846 -46.2761 20
      vertex 60.846 -46.2761 4
    endloop
  endfacet
  facet normal -0.923873 0.382699 0
    outer loop
      vertex 49.7937 -47.1459 4
      vertex 50.154 -46.2761 20
      vertex 50.154 -46.2761 4
    endloop
  endfacet
  facet normal -0.923873 0.382699 0
    outer loop
      vertex 50.154 -46.2761 20
      vertex 49.7937 -47.1459 4
      vertex 49.7937 -47.1459 20
    endloop
  endfacet
  facet normal -0.522455 0.852667 0
    outer loop
      vertex 52.7761 -43.654 4
      vertex 51.9733 -44.1459 20
      vertex 52.7761 -43.654 20
    endloop
  endfacet
  facet normal -0.522455 0.852667 0
    outer loop
      vertex 51.9733 -44.1459 20
      vertex 52.7761 -43.654 4
      vertex 51.9733 -44.1459 4
    endloop
  endfacet
  facet normal -0.0784914 -0.996915 0
    outer loop
      vertex 54.5614 -54.9261 4
      vertex 55.5 -55 20
      vertex 54.5614 -54.9261 20
    endloop
  endfacet
  facet normal -0.0784914 -0.996915 -0
    outer loop
      vertex 55.5 -55 20
      vertex 54.5614 -54.9261 4
      vertex 55.5 -55 4
    endloop
  endfacet
  facet normal 0.522455 0.852667 -0
    outer loop
      vertex 59.0267 -44.1459 4
      vertex 58.2239 -43.654 20
      vertex 59.0267 -44.1459 20
    endloop
  endfacet
  facet normal 0.522455 0.852667 0
    outer loop
      vertex 58.2239 -43.654 20
      vertex 59.0267 -44.1459 4
      vertex 58.2239 -43.654 4
    endloop
  endfacet
  facet normal 0.522455 -0.852667 0
    outer loop
      vertex 58.2239 -54.346 4
      vertex 59.0267 -53.8541 20
      vertex 58.2239 -54.346 20
    endloop
  endfacet
  facet normal 0.522455 -0.852667 0
    outer loop
      vertex 59.0267 -53.8541 20
      vertex 58.2239 -54.346 4
      vertex 59.0267 -53.8541 4
    endloop
  endfacet
  facet normal -0.760373 0.649487 0
    outer loop
      vertex 50.6459 -45.4733 4
      vertex 51.2574 -44.7574 20
      vertex 51.2574 -44.7574 4
    endloop
  endfacet
  facet normal -0.760373 0.649487 0
    outer loop
      vertex 51.2574 -44.7574 20
      vertex 50.6459 -45.4733 4
      vertex 50.6459 -45.4733 20
    endloop
  endfacet
  facet normal -0.233453 0.972368 0
    outer loop
      vertex 54.5614 -43.0739 4
      vertex 53.6459 -43.2937 20
      vertex 54.5614 -43.0739 20
    endloop
  endfacet
  facet normal -0.233453 0.972368 0
    outer loop
      vertex 53.6459 -43.2937 20
      vertex 54.5614 -43.0739 4
      vertex 53.6459 -43.2937 4
    endloop
  endfacet
  facet normal -0.522455 -0.852667 0
    outer loop
      vertex 51.9733 -53.8541 4
      vertex 52.7761 -54.346 20
      vertex 51.9733 -53.8541 20
    endloop
  endfacet
  facet normal -0.522455 -0.852667 -0
    outer loop
      vertex 52.7761 -54.346 20
      vertex 51.9733 -53.8541 4
      vertex 52.7761 -54.346 4
    endloop
  endfacet
  facet normal 0.760373 0.649487 0
    outer loop
      vertex 60.3541 -45.4733 20
      vertex 59.7426 -44.7574 4
      vertex 59.7426 -44.7574 20
    endloop
  endfacet
  facet normal 0.760373 0.649487 0
    outer loop
      vertex 59.7426 -44.7574 4
      vertex 60.3541 -45.4733 20
      vertex 60.3541 -45.4733 4
    endloop
  endfacet
  facet normal 0.649487 0.760373 -0
    outer loop
      vertex 59.7426 -44.7574 4
      vertex 59.0267 -44.1459 20
      vertex 59.7426 -44.7574 20
    endloop
  endfacet
  facet normal 0.649487 0.760373 0
    outer loop
      vertex 59.0267 -44.1459 20
      vertex 59.7426 -44.7574 4
      vertex 59.0267 -44.1459 4
    endloop
  endfacet
  facet normal 0 0 1
    outer loop
      vertex 58.4 -49 20
      vertex 61.5 -49 20
      vertex 61.4261 -48.0614 20
    endloop
  endfacet
  facet normal 0 0 1
    outer loop
      vertex 58.3643 -48.5463 20
      vertex 61.4261 -48.0614 20
      vertex 61.2063 -47.1459 20
    endloop
  endfacet
  facet normal 0 0 1
    outer loop
      vertex 61.5 -49 20
      vertex 58.4 -49 20
      vertex 61.4261 -49.9386 20
    endloop
  endfacet
  facet normal 0 0 1
    outer loop
      vertex 58.2581 -48.1039 20
      vertex 61.2063 -47.1459 20
      vertex 60.846 -46.2761 20
    endloop
  endfacet
  facet normal -0 0 1
    outer loop
      vertex 58.3643 -49.4537 20
      vertex 61.4261 -49.9386 20
      vertex 58.4 -49 20
    endloop
  endfacet
  facet normal 0 0 1
    outer loop
      vertex 58.0839 -47.6834 20
      vertex 60.846 -46.2761 20
      vertex 60.3541 -45.4733 20
    endloop
  endfacet
  facet normal 0 0 1
    outer loop
      vertex 61.4261 -49.9386 20
      vertex 58.3643 -49.4537 20
      vertex 61.2063 -50.8541 20
    endloop
  endfacet
  facet normal 0 0 1
    outer loop
      vertex 57.8461 -47.2954 20
      vertex 60.3541 -45.4733 20
      vertex 59.7426 -44.7574 20
    endloop
  endfacet
  facet normal -0 0 1
    outer loop
      vertex 58.2581 -49.8961 20
      vertex 61.2063 -50.8541 20
      vertex 58.3643 -49.4537 20
    endloop
  endfacet
  facet normal 0 0 1
    outer loop
      vertex 57.5506 -46.9494 20
      vertex 59.7426 -44.7574 20
      vertex 59.0267 -44.1459 20
    endloop
  endfacet
  facet normal 0 0 1
    outer loop
      vertex 61.2063 -50.8541 20
      vertex 58.2581 -49.8961 20
      vertex 60.846 -51.7239 20
    endloop
  endfacet
  facet normal -0 0 1
    outer loop
      vertex 58.0839 -50.3166 20
      vertex 60.846 -51.7239 20
      vertex 58.2581 -49.8961 20
    endloop
  endfacet
  facet normal 0 0 1
    outer loop
      vertex 61.4261 -48.0614 20
      vertex 58.3643 -48.5463 20
      vertex 58.4 -49 20
    endloop
  endfacet
  facet normal 0 0 1
    outer loop
      vertex 61.2063 -47.1459 20
      vertex 58.2581 -48.1039 20
      vertex 58.3643 -48.5463 20
    endloop
  endfacet
  facet normal 0 0 1
    outer loop
      vertex 57.2046 -46.6539 20
      vertex 59.0267 -44.1459 20
      vertex 58.2239 -43.654 20
    endloop
  endfacet
  facet normal 0 0 1
    outer loop
      vertex 60.846 -46.2761 20
      vertex 58.0839 -47.6834 20
      vertex 58.2581 -48.1039 20
    endloop
  endfacet
  facet normal 0 0 1
    outer loop
      vertex 60.3541 -45.4733 20
      vertex 57.8461 -47.2954 20
      vertex 58.0839 -47.6834 20
    endloop
  endfacet
  facet normal 0 0 1
    outer loop
      vertex 59.7426 -44.7574 20
      vertex 57.5506 -46.9494 20
      vertex 57.8461 -47.2954 20
    endloop
  endfacet
  facet normal 0 0 1
    outer loop
      vertex 56.8166 -46.4161 20
      vertex 58.2239 -43.654 20
      vertex 57.3541 -43.2937 20
    endloop
  endfacet
  facet normal 0 0 1
    outer loop
      vertex 59.0267 -44.1459 20
      vertex 57.2046 -46.6539 20
      vertex 57.5506 -46.9494 20
    endloop
  endfacet
  facet normal 0 0 1
    outer loop
      vertex 58.2239 -43.654 20
      vertex 56.8166 -46.4161 20
      vertex 57.2046 -46.6539 20
    endloop
  endfacet
  facet normal 0 0 1
    outer loop
      vertex 56.3961 -46.2419 20
      vertex 57.3541 -43.2937 20
      vertex 56.4386 -43.0739 20
    endloop
  endfacet
  facet normal 0 0 1
    outer loop
      vertex 57.3541 -43.2937 20
      vertex 56.3961 -46.2419 20
      vertex 56.8166 -46.4161 20
    endloop
  endfacet
  facet normal 0 0 1
    outer loop
      vertex 56.4386 -43.0739 20
      vertex 55.9537 -46.1357 20
      vertex 56.3961 -46.2419 20
    endloop
  endfacet
  facet normal 0 0 1
    outer loop
      vertex 55.5 -43 20
      vertex 55.9537 -46.1357 20
      vertex 56.4386 -43.0739 20
    endloop
  endfacet
  facet normal 0 0 1
    outer loop
      vertex 55.5 -43 20
      vertex 55.5 -46.1 20
      vertex 55.9537 -46.1357 20
    endloop
  endfacet
  facet normal 0 0 1
    outer loop
      vertex 55.5 -43 20
      vertex 55.0463 -46.1357 20
      vertex 55.5 -46.1 20
    endloop
  endfacet
  facet normal -0 0 1
    outer loop
      vertex 54.5614 -43.0739 20
      vertex 55.0463 -46.1357 20
      vertex 55.5 -43 20
    endloop
  endfacet
  facet normal 0 0 1
    outer loop
      vertex 55.0463 -46.1357 20
      vertex 54.5614 -43.0739 20
      vertex 54.6039 -46.2419 20
    endloop
  endfacet
  facet normal -0 0 1
    outer loop
      vertex 53.6459 -43.2937 20
      vertex 54.6039 -46.2419 20
      vertex 54.5614 -43.0739 20
    endloop
  endfacet
  facet normal 0 0 1
    outer loop
      vertex 54.6039 -46.2419 20
      vertex 53.6459 -43.2937 20
      vertex 54.1834 -46.4161 20
    endloop
  endfacet
  facet normal -0 0 1
    outer loop
      vertex 52.7761 -43.654 20
      vertex 54.1834 -46.4161 20
      vertex 53.6459 -43.2937 20
    endloop
  endfacet
  facet normal 0 0 1
    outer loop
      vertex 54.1834 -46.4161 20
      vertex 52.7761 -43.654 20
      vertex 53.7954 -46.6539 20
    endloop
  endfacet
  facet normal -0 0 1
    outer loop
      vertex 51.9733 -44.1459 20
      vertex 53.7954 -46.6539 20
      vertex 52.7761 -43.654 20
    endloop
  endfacet
  facet normal 0 0 1
    outer loop
      vertex 53.7954 -46.6539 20
      vertex 51.9733 -44.1459 20
      vertex 53.4494 -46.9494 20
    endloop
  endfacet
  facet normal -0 0 1
    outer loop
      vertex 51.2574 -44.7574 20
      vertex 53.4494 -46.9494 20
      vertex 51.9733 -44.1459 20
    endloop
  endfacet
  facet normal 0 0 1
    outer loop
      vertex 53.4494 -46.9494 20
      vertex 51.2574 -44.7574 20
      vertex 53.1539 -47.2954 20
    endloop
  endfacet
  facet normal -0 0 1
    outer loop
      vertex 50.6459 -45.4733 20
      vertex 53.1539 -47.2954 20
      vertex 51.2574 -44.7574 20
    endloop
  endfacet
  facet normal 0 0 1
    outer loop
      vertex 53.1539 -47.2954 20
      vertex 50.6459 -45.4733 20
      vertex 52.9161 -47.6834 20
    endloop
  endfacet
  facet normal -0 0 1
    outer loop
      vertex 50.154 -46.2761 20
      vertex 52.9161 -47.6834 20
      vertex 50.6459 -45.4733 20
    endloop
  endfacet
  facet normal 0 0 1
    outer loop
      vertex 60.846 -51.7239 20
      vertex 58.0839 -50.3166 20
      vertex 60.3541 -52.5267 20
    endloop
  endfacet
  facet normal -0 0 1
    outer loop
      vertex 57.8461 -50.7046 20
      vertex 60.3541 -52.5267 20
      vertex 58.0839 -50.3166 20
    endloop
  endfacet
  facet normal 0 0 1
    outer loop
      vertex 60.3541 -52.5267 20
      vertex 57.8461 -50.7046 20
      vertex 59.7426 -53.2426 20
    endloop
  endfacet
  facet normal -0 0 1
    outer loop
      vertex 57.5506 -51.0506 20
      vertex 59.7426 -53.2426 20
      vertex 57.8461 -50.7046 20
    endloop
  endfacet
  facet normal 0 0 1
    outer loop
      vertex 59.7426 -53.2426 20
      vertex 57.5506 -51.0506 20
      vertex 59.0267 -53.8541 20
    endloop
  endfacet
  facet normal -0 0 1
    outer loop
      vertex 57.2046 -51.3461 20
      vertex 59.0267 -53.8541 20
      vertex 57.5506 -51.0506 20
    endloop
  endfacet
  facet normal 0 0 1
    outer loop
      vertex 59.0267 -53.8541 20
      vertex 57.2046 -51.3461 20
      vertex 58.2239 -54.346 20
    endloop
  endfacet
  facet normal -0 0 1
    outer loop
      vertex 56.8166 -51.5839 20
      vertex 58.2239 -54.346 20
      vertex 57.2046 -51.3461 20
    endloop
  endfacet
  facet normal 0 0 1
    outer loop
      vertex 58.2239 -54.346 20
      vertex 56.8166 -51.5839 20
      vertex 57.3541 -54.7063 20
    endloop
  endfacet
  facet normal -0 0 1
    outer loop
      vertex 56.3961 -51.7581 20
      vertex 57.3541 -54.7063 20
      vertex 56.8166 -51.5839 20
    endloop
  endfacet
  facet normal 0 0 1
    outer loop
      vertex 57.3541 -54.7063 20
      vertex 56.3961 -51.7581 20
      vertex 56.4386 -54.9261 20
    endloop
  endfacet
  facet normal -0 0 1
    outer loop
      vertex 55.9537 -51.8643 20
      vertex 56.4386 -54.9261 20
      vertex 56.3961 -51.7581 20
    endloop
  endfacet
  facet normal -0 0 1
    outer loop
      vertex 55.5 -51.9 20
      vertex 56.4386 -54.9261 20
      vertex 55.9537 -51.8643 20
    endloop
  endfacet
  facet normal 0 0 1
    outer loop
      vertex 55.5 -51.9 20
      vertex 55.5 -55 20
      vertex 56.4386 -54.9261 20
    endloop
  endfacet
  facet normal 0 0 1
    outer loop
      vertex 55.0463 -51.8643 20
      vertex 55.5 -55 20
      vertex 55.5 -51.9 20
    endloop
  endfacet
  facet normal 0 0 1
    outer loop
      vertex 54.5614 -54.9261 20
      vertex 55.0463 -51.8643 20
      vertex 54.6039 -51.7581 20
    endloop
  endfacet
  facet normal 0 0 1
    outer loop
      vertex 55.0463 -51.8643 20
      vertex 54.5614 -54.9261 20
      vertex 55.5 -55 20
    endloop
  endfacet
  facet normal 0 0 1
    outer loop
      vertex 53.6459 -54.7063 20
      vertex 54.6039 -51.7581 20
      vertex 54.1834 -51.5839 20
    endloop
  endfacet
  facet normal 0 0 1
    outer loop
      vertex 52.7761 -54.346 20
      vertex 54.1834 -51.5839 20
      vertex 53.7954 -51.3461 20
    endloop
  endfacet
  facet normal 0 0 1
    outer loop
      vertex 54.6039 -51.7581 20
      vertex 53.6459 -54.7063 20
      vertex 54.5614 -54.9261 20
    endloop
  endfacet
  facet normal 0 0 1
    outer loop
      vertex 51.9733 -53.8541 20
      vertex 53.7954 -51.3461 20
      vertex 53.4494 -51.0506 20
    endloop
  endfacet
  facet normal 0 0 1
    outer loop
      vertex 51.2574 -53.2426 20
      vertex 53.4494 -51.0506 20
      vertex 53.1539 -50.7046 20
    endloop
  endfacet
  facet normal 0 0 1
    outer loop
      vertex 50.6459 -52.5267 20
      vertex 53.1539 -50.7046 20
      vertex 52.9161 -50.3166 20
    endloop
  endfacet
  facet normal 0 0 1
    outer loop
      vertex 54.1834 -51.5839 20
      vertex 52.7761 -54.346 20
      vertex 53.6459 -54.7063 20
    endloop
  endfacet
  facet normal 0 0 1
    outer loop
      vertex 50.154 -51.7239 20
      vertex 52.9161 -50.3166 20
      vertex 52.7419 -49.8961 20
    endloop
  endfacet
  facet normal 0 0 1
    outer loop
      vertex 49.7937 -50.8541 20
      vertex 52.7419 -49.8961 20
      vertex 52.6357 -49.4537 20
    endloop
  endfacet
  facet normal 0 0 1
    outer loop
      vertex 49.5739 -49.9386 20
      vertex 52.6357 -49.4537 20
      vertex 52.6 -49 20
    endloop
  endfacet
  facet normal 0 0 1
    outer loop
      vertex 52.9161 -47.6834 20
      vertex 50.154 -46.2761 20
      vertex 52.7419 -48.1039 20
    endloop
  endfacet
  facet normal 0 0 1
    outer loop
      vertex 53.7954 -51.3461 20
      vertex 51.9733 -53.8541 20
      vertex 52.7761 -54.346 20
    endloop
  endfacet
  facet normal -0 0 1
    outer loop
      vertex 49.7937 -47.1459 20
      vertex 52.7419 -48.1039 20
      vertex 50.154 -46.2761 20
    endloop
  endfacet
  facet normal 0 0 1
    outer loop
      vertex 53.4494 -51.0506 20
      vertex 51.2574 -53.2426 20
      vertex 51.9733 -53.8541 20
    endloop
  endfacet
  facet normal 0 0 1
    outer loop
      vertex 52.7419 -48.1039 20
      vertex 49.7937 -47.1459 20
      vertex 52.6357 -48.5463 20
    endloop
  endfacet
  facet normal 0 0 1
    outer loop
      vertex 53.1539 -50.7046 20
      vertex 50.6459 -52.5267 20
      vertex 51.2574 -53.2426 20
    endloop
  endfacet
  facet normal -0 0 1
    outer loop
      vertex 49.5739 -48.0614 20
      vertex 52.6357 -48.5463 20
      vertex 49.7937 -47.1459 20
    endloop
  endfacet
  facet normal 0 0 1
    outer loop
      vertex 52.9161 -50.3166 20
      vertex 50.154 -51.7239 20
      vertex 50.6459 -52.5267 20
    endloop
  endfacet
  facet normal 0 0 1
    outer loop
      vertex 52.6357 -48.5463 20
      vertex 49.5739 -48.0614 20
      vertex 52.6 -49 20
    endloop
  endfacet
  facet normal 0 0 1
    outer loop
      vertex 52.7419 -49.8961 20
      vertex 49.7937 -50.8541 20
      vertex 50.154 -51.7239 20
    endloop
  endfacet
  facet normal 0 0 1
    outer loop
      vertex 49.5 -49 20
      vertex 52.6 -49 20
      vertex 49.5739 -48.0614 20
    endloop
  endfacet
  facet normal 0 0 1
    outer loop
      vertex 52.6357 -49.4537 20
      vertex 49.5739 -49.9386 20
      vertex 49.7937 -50.8541 20
    endloop
  endfacet
  facet normal 0 0 1
    outer loop
      vertex 52.6 -49 20
      vertex 49.5 -49 20
      vertex 49.5739 -49.9386 20
    endloop
  endfacet
  facet normal 0.0784914 -0.996915 0
    outer loop
      vertex 55.5 -55 4
      vertex 56.4386 -54.9261 20
      vertex 55.5 -55 20
    endloop
  endfacet
  facet normal 0.0784914 -0.996915 0
    outer loop
      vertex 56.4386 -54.9261 20
      vertex 55.5 -55 4
      vertex 56.4386 -54.9261 4
    endloop
  endfacet
  facet normal -0.382699 -0.923873 0
    outer loop
      vertex 52.7761 -54.346 4
      vertex 53.6459 -54.7063 20
      vertex 52.7761 -54.346 20
    endloop
  endfacet
  facet normal -0.382699 -0.923873 -0
    outer loop
      vertex 53.6459 -54.7063 20
      vertex 52.7761 -54.346 4
      vertex 53.6459 -54.7063 4
    endloop
  endfacet
  facet normal -0.852667 -0.522455 0
    outer loop
      vertex 50.6459 -52.5267 4
      vertex 50.154 -51.7239 20
      vertex 50.154 -51.7239 4
    endloop
  endfacet
  facet normal -0.852667 -0.522455 0
    outer loop
      vertex 50.154 -51.7239 20
      vertex 50.6459 -52.5267 4
      vertex 50.6459 -52.5267 20
    endloop
  endfacet
  facet normal 0.233453 -0.972368 0
    outer loop
      vertex 56.4386 -54.9261 4
      vertex 57.3541 -54.7063 20
      vertex 56.4386 -54.9261 20
    endloop
  endfacet
  facet normal 0.233453 -0.972368 0
    outer loop
      vertex 57.3541 -54.7063 20
      vertex 56.4386 -54.9261 4
      vertex 57.3541 -54.7063 4
    endloop
  endfacet
  facet normal 0.649487 -0.760373 0
    outer loop
      vertex 59.0267 -53.8541 4
      vertex 59.7426 -53.2426 20
      vertex 59.0267 -53.8541 20
    endloop
  endfacet
  facet normal 0.649487 -0.760373 0
    outer loop
      vertex 59.7426 -53.2426 20
      vertex 59.0267 -53.8541 4
      vertex 59.7426 -53.2426 4
    endloop
  endfacet
  facet normal -0.996915 -0.0784914 0
    outer loop
      vertex 49.5739 -49.9386 4
      vertex 49.5 -49 20
      vertex 49.5 -49 4
    endloop
  endfacet
  facet normal -0.996915 -0.0784914 0
    outer loop
      vertex 49.5 -49 20
      vertex 49.5739 -49.9386 4
      vertex 49.5739 -49.9386 20
    endloop
  endfacet
  facet normal 0.972368 -0.233453 0
    outer loop
      vertex 61.2063 -50.8541 20
      vertex 61.4261 -49.9386 4
      vertex 61.4261 -49.9386 20
    endloop
  endfacet
  facet normal 0.972368 -0.233453 0
    outer loop
      vertex 61.4261 -49.9386 4
      vertex 61.2063 -50.8541 20
      vertex 61.2063 -50.8541 4
    endloop
  endfacet
  facet normal 0.382699 0.923873 -0
    outer loop
      vertex 58.2239 -43.654 4
      vertex 57.3541 -43.2937 20
      vertex 58.2239 -43.654 20
    endloop
  endfacet
  facet normal 0.382699 0.923873 0
    outer loop
      vertex 57.3541 -43.2937 20
      vertex 58.2239 -43.654 4
      vertex 57.3541 -43.2937 4
    endloop
  endfacet
  facet normal 0.0784914 0.996915 -0
    outer loop
      vertex 56.4386 -43.0739 4
      vertex 55.5 -43 20
      vertex 56.4386 -43.0739 20
    endloop
  endfacet
  facet normal 0.0784914 0.996915 0
    outer loop
      vertex 55.5 -43 20
      vertex 56.4386 -43.0739 4
      vertex 55.5 -43 4
    endloop
  endfacet
  facet normal -0.852667 0.522455 0
    outer loop
      vertex 50.154 -46.2761 4
      vertex 50.6459 -45.4733 20
      vertex 50.6459 -45.4733 4
    endloop
  endfacet
  facet normal -0.852667 0.522455 0
    outer loop
      vertex 50.6459 -45.4733 20
      vertex 50.154 -46.2761 4
      vertex 50.154 -46.2761 20
    endloop
  endfacet
  facet normal -0.233423 0.972375 0
    outer loop
      vertex 55.0463 -46.1357 20
      vertex 54.6039 -46.2419 26
      vertex 55.0463 -46.1357 26
    endloop
  endfacet
  facet normal -0.233423 0.972375 0
    outer loop
      vertex 54.6039 -46.2419 26
      vertex 55.0463 -46.1357 20
      vertex 54.6039 -46.2419 20
    endloop
  endfacet
  facet normal 0.972375 0.233423 0
    outer loop
      vertex 58.3643 -48.5463 26
      vertex 58.2581 -48.1039 20
      vertex 58.2581 -48.1039 26
    endloop
  endfacet
  facet normal 0.972375 0.233423 0
    outer loop
      vertex 58.2581 -48.1039 20
      vertex 58.3643 -48.5463 26
      vertex 58.3643 -48.5463 20
    endloop
  endfacet
  facet normal 0.996919 0.0784439 0
    outer loop
      vertex 58.4 -49 26
      vertex 58.3643 -48.5463 20
      vertex 58.3643 -48.5463 26
    endloop
  endfacet
  facet normal 0.996919 0.0784439 0
    outer loop
      vertex 58.3643 -48.5463 20
      vertex 58.4 -49 26
      vertex 58.4 -49 20
    endloop
  endfacet
  facet normal 0.923862 0.382727 0
    outer loop
      vertex 58.2581 -48.1039 26
      vertex 58.0839 -47.6834 20
      vertex 58.0839 -47.6834 26
    endloop
  endfacet
  facet normal 0.923862 0.382727 0
    outer loop
      vertex 58.0839 -47.6834 20
      vertex 58.2581 -48.1039 26
      vertex 58.2581 -48.1039 20
    endloop
  endfacet
  facet normal 0.649433 -0.760419 0
    outer loop
      vertex 57.2046 -51.3461 20
      vertex 57.5506 -51.0506 26
      vertex 57.2046 -51.3461 26
    endloop
  endfacet
  facet normal 0.649433 -0.760419 0
    outer loop
      vertex 57.5506 -51.0506 26
      vertex 57.2046 -51.3461 20
      vertex 57.5506 -51.0506 20
    endloop
  endfacet
  facet normal -0.972375 -0.233423 0
    outer loop
      vertex 52.7419 -49.8961 20
      vertex 52.6357 -49.4537 26
      vertex 52.6357 -49.4537 20
    endloop
  endfacet
  facet normal -0.972375 -0.233423 0
    outer loop
      vertex 52.6357 -49.4537 26
      vertex 52.7419 -49.8961 20
      vertex 52.7419 -49.8961 26
    endloop
  endfacet
  facet normal 0.852608 -0.522552 0
    outer loop
      vertex 57.8461 -50.7046 26
      vertex 58.0839 -50.3166 20
      vertex 58.0839 -50.3166 26
    endloop
  endfacet
  facet normal 0.852608 -0.522552 0
    outer loop
      vertex 58.0839 -50.3166 20
      vertex 57.8461 -50.7046 26
      vertex 57.8461 -50.7046 20
    endloop
  endfacet
  facet normal 0.996919 -0.0784439 0
    outer loop
      vertex 58.3643 -49.4537 26
      vertex 58.4 -49 20
      vertex 58.4 -49 26
    endloop
  endfacet
  facet normal 0.996919 -0.0784439 0
    outer loop
      vertex 58.4 -49 20
      vertex 58.3643 -49.4537 26
      vertex 58.3643 -49.4537 20
    endloop
  endfacet
  facet normal 0.382727 0.923862 -0
    outer loop
      vertex 56.8166 -46.4161 20
      vertex 56.3961 -46.2419 26
      vertex 56.8166 -46.4161 26
    endloop
  endfacet
  facet normal 0.382727 0.923862 0
    outer loop
      vertex 56.3961 -46.2419 26
      vertex 56.8166 -46.4161 20
      vertex 56.3961 -46.2419 20
    endloop
  endfacet
  facet normal 0.852608 0.522552 0
    outer loop
      vertex 58.0839 -47.6834 26
      vertex 57.8461 -47.2954 20
      vertex 57.8461 -47.2954 26
    endloop
  endfacet
  facet normal 0.852608 0.522552 0
    outer loop
      vertex 57.8461 -47.2954 20
      vertex 58.0839 -47.6834 26
      vertex 58.0839 -47.6834 20
    endloop
  endfacet
  facet normal -0.649433 0.760419 0
    outer loop
      vertex 53.7954 -46.6539 20
      vertex 53.4494 -46.9494 26
      vertex 53.7954 -46.6539 26
    endloop
  endfacet
  facet normal -0.649433 0.760419 0
    outer loop
      vertex 53.4494 -46.9494 26
      vertex 53.7954 -46.6539 20
      vertex 53.4494 -46.9494 20
    endloop
  endfacet
  facet normal -0.0784439 -0.996919 0
    outer loop
      vertex 55.0463 -51.8643 20
      vertex 55.5 -51.9 26
      vertex 55.0463 -51.8643 26
    endloop
  endfacet
  facet normal -0.0784439 -0.996919 -0
    outer loop
      vertex 55.5 -51.9 26
      vertex 55.0463 -51.8643 20
      vertex 55.5 -51.9 20
    endloop
  endfacet
  facet normal -0.522552 0.852608 0
    outer loop
      vertex 54.1834 -46.4161 20
      vertex 53.7954 -46.6539 26
      vertex 54.1834 -46.4161 26
    endloop
  endfacet
  facet normal -0.522552 0.852608 0
    outer loop
      vertex 53.7954 -46.6539 26
      vertex 54.1834 -46.4161 20
      vertex 53.7954 -46.6539 20
    endloop
  endfacet
  facet normal -0.923862 0.382727 0
    outer loop
      vertex 52.7419 -48.1039 20
      vertex 52.9161 -47.6834 26
      vertex 52.9161 -47.6834 20
    endloop
  endfacet
  facet normal -0.923862 0.382727 0
    outer loop
      vertex 52.9161 -47.6834 26
      vertex 52.7419 -48.1039 20
      vertex 52.7419 -48.1039 26
    endloop
  endfacet
  facet normal 0.522552 -0.852608 0
    outer loop
      vertex 56.8166 -51.5839 20
      vertex 57.2046 -51.3461 26
      vertex 56.8166 -51.5839 26
    endloop
  endfacet
  facet normal 0.522552 -0.852608 0
    outer loop
      vertex 57.2046 -51.3461 26
      vertex 56.8166 -51.5839 20
      vertex 57.2046 -51.3461 20
    endloop
  endfacet
  facet normal 0.233423 -0.972375 0
    outer loop
      vertex 55.9537 -51.8643 20
      vertex 56.3961 -51.7581 26
      vertex 55.9537 -51.8643 26
    endloop
  endfacet
  facet normal 0.233423 -0.972375 0
    outer loop
      vertex 56.3961 -51.7581 26
      vertex 55.9537 -51.8643 20
      vertex 56.3961 -51.7581 20
    endloop
  endfacet
  facet normal 0 0 1
    outer loop
      vertex 58.3643 -48.5463 26
      vertex 58.3643 -49.4537 26
      vertex 58.4 -49 26
    endloop
  endfacet
  facet normal 0 0 1
    outer loop
      vertex 58.2581 -48.1039 26
      vertex 58.3643 -49.4537 26
      vertex 58.3643 -48.5463 26
    endloop
  endfacet
  facet normal 0 0 1
    outer loop
      vertex 58.2581 -48.1039 26
      vertex 58.2581 -49.8961 26
      vertex 58.3643 -49.4537 26
    endloop
  endfacet
  facet normal 0 0 1
    outer loop
      vertex 58.0839 -47.6834 26
      vertex 58.2581 -49.8961 26
      vertex 58.2581 -48.1039 26
    endloop
  endfacet
  facet normal 0 0 1
    outer loop
      vertex 58.0839 -47.6834 26
      vertex 58.0839 -50.3166 26
      vertex 58.2581 -49.8961 26
    endloop
  endfacet
  facet normal 0 0 1
    outer loop
      vertex 57.8461 -47.2954 26
      vertex 58.0839 -50.3166 26
      vertex 58.0839 -47.6834 26
    endloop
  endfacet
  facet normal 0 0 1
    outer loop
      vertex 57.8461 -47.2954 26
      vertex 57.8461 -50.7046 26
      vertex 58.0839 -50.3166 26
    endloop
  endfacet
  facet normal 0 0 1
    outer loop
      vertex 57.5506 -46.9494 26
      vertex 57.8461 -50.7046 26
      vertex 57.8461 -47.2954 26
    endloop
  endfacet
  facet normal 0 0 1
    outer loop
      vertex 57.5506 -46.9494 26
      vertex 57.5506 -51.0506 26
      vertex 57.8461 -50.7046 26
    endloop
  endfacet
  facet normal 0 0 1
    outer loop
      vertex 57.2046 -46.6539 26
      vertex 57.5506 -51.0506 26
      vertex 57.5506 -46.9494 26
    endloop
  endfacet
  facet normal 0 0 1
    outer loop
      vertex 57.2046 -46.6539 26
      vertex 57.2046 -51.3461 26
      vertex 57.5506 -51.0506 26
    endloop
  endfacet
  facet normal 0 0 1
    outer loop
      vertex 56.8166 -46.4161 26
      vertex 57.2046 -51.3461 26
      vertex 57.2046 -46.6539 26
    endloop
  endfacet
  facet normal 0 0 1
    outer loop
      vertex 56.8166 -46.4161 26
      vertex 56.8166 -51.5839 26
      vertex 57.2046 -51.3461 26
    endloop
  endfacet
  facet normal 0 0 1
    outer loop
      vertex 56.3961 -46.2419 26
      vertex 56.8166 -51.5839 26
      vertex 56.8166 -46.4161 26
    endloop
  endfacet
  facet normal 0 0 1
    outer loop
      vertex 56.3961 -46.2419 26
      vertex 56.3961 -51.7581 26
      vertex 56.8166 -51.5839 26
    endloop
  endfacet
  facet normal 0 0 1
    outer loop
      vertex 55.9537 -46.1357 26
      vertex 56.3961 -51.7581 26
      vertex 56.3961 -46.2419 26
    endloop
  endfacet
  facet normal 0 0 1
    outer loop
      vertex 55.9537 -46.1357 26
      vertex 55.9537 -51.8643 26
      vertex 56.3961 -51.7581 26
    endloop
  endfacet
  facet normal 0 0 1
    outer loop
      vertex 55.5 -46.1 26
      vertex 55.9537 -51.8643 26
      vertex 55.9537 -46.1357 26
    endloop
  endfacet
  facet normal 0 0 1
    outer loop
      vertex 55.5 -46.1 26
      vertex 55.5 -51.9 26
      vertex 55.9537 -51.8643 26
    endloop
  endfacet
  facet normal -0 0 1
    outer loop
      vertex 55.0463 -46.1357 26
      vertex 55.5 -51.9 26
      vertex 55.5 -46.1 26
    endloop
  endfacet
  facet normal 0 0 1
    outer loop
      vertex 55.0463 -46.1357 26
      vertex 55.0463 -51.8643 26
      vertex 55.5 -51.9 26
    endloop
  endfacet
  facet normal -0 0 1
    outer loop
      vertex 54.6039 -46.2419 26
      vertex 55.0463 -51.8643 26
      vertex 55.0463 -46.1357 26
    endloop
  endfacet
  facet normal 0 0 1
    outer loop
      vertex 54.6039 -46.2419 26
      vertex 54.6039 -51.7581 26
      vertex 55.0463 -51.8643 26
    endloop
  endfacet
  facet normal -0 0 1
    outer loop
      vertex 54.1834 -46.4161 26
      vertex 54.6039 -51.7581 26
      vertex 54.6039 -46.2419 26
    endloop
  endfacet
  facet normal 0 0 1
    outer loop
      vertex 54.1834 -46.4161 26
      vertex 54.1834 -51.5839 26
      vertex 54.6039 -51.7581 26
    endloop
  endfacet
  facet normal -0 0 1
    outer loop
      vertex 53.7954 -46.6539 26
      vertex 54.1834 -51.5839 26
      vertex 54.1834 -46.4161 26
    endloop
  endfacet
  facet normal 0 0 1
    outer loop
      vertex 53.7954 -46.6539 26
      vertex 53.7954 -51.3461 26
      vertex 54.1834 -51.5839 26
    endloop
  endfacet
  facet normal -0 0 1
    outer loop
      vertex 53.4494 -46.9494 26
      vertex 53.7954 -51.3461 26
      vertex 53.7954 -46.6539 26
    endloop
  endfacet
  facet normal 0 0 1
    outer loop
      vertex 53.4494 -46.9494 26
      vertex 53.4494 -51.0506 26
      vertex 53.7954 -51.3461 26
    endloop
  endfacet
  facet normal -0 0 1
    outer loop
      vertex 53.1539 -47.2954 26
      vertex 53.4494 -51.0506 26
      vertex 53.4494 -46.9494 26
    endloop
  endfacet
  facet normal 0 0 1
    outer loop
      vertex 53.1539 -47.2954 26
      vertex 53.1539 -50.7046 26
      vertex 53.4494 -51.0506 26
    endloop
  endfacet
  facet normal -0 0 1
    outer loop
      vertex 52.9161 -47.6834 26
      vertex 53.1539 -50.7046 26
      vertex 53.1539 -47.2954 26
    endloop
  endfacet
  facet normal 0 0 1
    outer loop
      vertex 52.9161 -47.6834 26
      vertex 52.9161 -50.3166 26
      vertex 53.1539 -50.7046 26
    endloop
  endfacet
  facet normal -0 0 1
    outer loop
      vertex 52.7419 -48.1039 26
      vertex 52.9161 -50.3166 26
      vertex 52.9161 -47.6834 26
    endloop
  endfacet
  facet normal 0 0 1
    outer loop
      vertex 52.7419 -48.1039 26
      vertex 52.7419 -49.8961 26
      vertex 52.9161 -50.3166 26
    endloop
  endfacet
  facet normal -0 0 1
    outer loop
      vertex 52.6357 -48.5463 26
      vertex 52.7419 -49.8961 26
      vertex 52.7419 -48.1039 26
    endloop
  endfacet
  facet normal 0 0 1
    outer loop
      vertex 52.6357 -48.5463 26
      vertex 52.6357 -49.4537 26
      vertex 52.7419 -49.8961 26
    endloop
  endfacet
  facet normal 0 -0 1
    outer loop
      vertex 52.6357 -49.4537 26
      vertex 52.6357 -48.5463 26
      vertex 52.6 -49 26
    endloop
  endfacet
  facet normal 0.972375 -0.233423 0
    outer loop
      vertex 58.2581 -49.8961 26
      vertex 58.3643 -49.4537 20
      vertex 58.3643 -49.4537 26
    endloop
  endfacet
  facet normal 0.972375 -0.233423 0
    outer loop
      vertex 58.3643 -49.4537 20
      vertex 58.2581 -49.8961 26
      vertex 58.2581 -49.8961 20
    endloop
  endfacet
  facet normal -0.760419 0.649433 0
    outer loop
      vertex 53.1539 -47.2954 20
      vertex 53.4494 -46.9494 26
      vertex 53.4494 -46.9494 20
    endloop
  endfacet
  facet normal -0.760419 0.649433 0
    outer loop
      vertex 53.4494 -46.9494 26
      vertex 53.1539 -47.2954 20
      vertex 53.1539 -47.2954 26
    endloop
  endfacet
  facet normal 0.760419 -0.649433 0
    outer loop
      vertex 57.5506 -51.0506 26
      vertex 57.8461 -50.7046 20
      vertex 57.8461 -50.7046 26
    endloop
  endfacet
  facet normal 0.760419 -0.649433 0
    outer loop
      vertex 57.8461 -50.7046 20
      vertex 57.5506 -51.0506 26
      vertex 57.5506 -51.0506 20
    endloop
  endfacet
  facet normal -0.852608 0.522552 0
    outer loop
      vertex 52.9161 -47.6834 20
      vertex 53.1539 -47.2954 26
      vertex 53.1539 -47.2954 20
    endloop
  endfacet
  facet normal -0.852608 0.522552 0
    outer loop
      vertex 53.1539 -47.2954 26
      vertex 52.9161 -47.6834 20
      vertex 52.9161 -47.6834 26
    endloop
  endfacet
  facet normal -0.382727 0.923862 0
    outer loop
      vertex 54.6039 -46.2419 20
      vertex 54.1834 -46.4161 26
      vertex 54.6039 -46.2419 26
    endloop
  endfacet
  facet normal -0.382727 0.923862 0
    outer loop
      vertex 54.1834 -46.4161 26
      vertex 54.6039 -46.2419 20
      vertex 54.1834 -46.4161 20
    endloop
  endfacet
  facet normal 0.382727 -0.923862 0
    outer loop
      vertex 56.3961 -51.7581 20
      vertex 56.8166 -51.5839 26
      vertex 56.3961 -51.7581 26
    endloop
  endfacet
  facet normal 0.382727 -0.923862 0
    outer loop
      vertex 56.8166 -51.5839 26
      vertex 56.3961 -51.7581 20
      vertex 56.8166 -51.5839 20
    endloop
  endfacet
  facet normal 0.649433 0.760419 -0
    outer loop
      vertex 57.5506 -46.9494 20
      vertex 57.2046 -46.6539 26
      vertex 57.5506 -46.9494 26
    endloop
  endfacet
  facet normal 0.649433 0.760419 0
    outer loop
      vertex 57.2046 -46.6539 26
      vertex 57.5506 -46.9494 20
      vertex 57.2046 -46.6539 20
    endloop
  endfacet
  facet normal 0.233423 0.972375 -0
    outer loop
      vertex 56.3961 -46.2419 20
      vertex 55.9537 -46.1357 26
      vertex 56.3961 -46.2419 26
    endloop
  endfacet
  facet normal 0.233423 0.972375 0
    outer loop
      vertex 55.9537 -46.1357 26
      vertex 56.3961 -46.2419 20
      vertex 55.9537 -46.1357 20
    endloop
  endfacet
  facet normal 0.522552 0.852608 -0
    outer loop
      vertex 57.2046 -46.6539 20
      vertex 56.8166 -46.4161 26
      vertex 57.2046 -46.6539 26
    endloop
  endfacet
  facet normal 0.522552 0.852608 0
    outer loop
      vertex 56.8166 -46.4161 26
      vertex 57.2046 -46.6539 20
      vertex 56.8166 -46.4161 20
    endloop
  endfacet
  facet normal -0.760419 -0.649433 0
    outer loop
      vertex 53.4494 -51.0506 20
      vertex 53.1539 -50.7046 26
      vertex 53.1539 -50.7046 20
    endloop
  endfacet
  facet normal -0.760419 -0.649433 0
    outer loop
      vertex 53.1539 -50.7046 26
      vertex 53.4494 -51.0506 20
      vertex 53.4494 -51.0506 26
    endloop
  endfacet
  facet normal 0.923862 -0.382727 0
    outer loop
      vertex 58.0839 -50.3166 26
      vertex 58.2581 -49.8961 20
      vertex 58.2581 -49.8961 26
    endloop
  endfacet
  facet normal 0.923862 -0.382727 0
    outer loop
      vertex 58.2581 -49.8961 20
      vertex 58.0839 -50.3166 26
      vertex 58.0839 -50.3166 20
    endloop
  endfacet
  facet normal -0.996919 -0.0784439 0
    outer loop
      vertex 52.6357 -49.4537 20
      vertex 52.6 -49 26
      vertex 52.6 -49 20
    endloop
  endfacet
  facet normal -0.996919 -0.0784439 0
    outer loop
      vertex 52.6 -49 26
      vertex 52.6357 -49.4537 20
      vertex 52.6357 -49.4537 26
    endloop
  endfacet
  facet normal -0.852608 -0.522552 0
    outer loop
      vertex 53.1539 -50.7046 20
      vertex 52.9161 -50.3166 26
      vertex 52.9161 -50.3166 20
    endloop
  endfacet
  facet normal -0.852608 -0.522552 0
    outer loop
      vertex 52.9161 -50.3166 26
      vertex 53.1539 -50.7046 20
      vertex 53.1539 -50.7046 26
    endloop
  endfacet
  facet normal -0.996919 0.0784439 0
    outer loop
      vertex 52.6 -49 20
      vertex 52.6357 -48.5463 26
      vertex 52.6357 -48.5463 20
    endloop
  endfacet
  facet normal -0.996919 0.0784439 0
    outer loop
      vertex 52.6357 -48.5463 26
      vertex 52.6 -49 20
      vertex 52.6 -49 26
    endloop
  endfacet
  facet normal -0.0784439 0.996919 0
    outer loop
      vertex 55.5 -46.1 20
      vertex 55.0463 -46.1357 26
      vertex 55.5 -46.1 26
    endloop
  endfacet
  facet normal -0.0784439 0.996919 0
    outer loop
      vertex 55.0463 -46.1357 26
      vertex 55.5 -46.1 20
      vertex 55.0463 -46.1357 20
    endloop
  endfacet
  facet normal 0.0784439 0.996919 -0
    outer loop
      vertex 55.9537 -46.1357 20
      vertex 55.5 -46.1 26
      vertex 55.9537 -46.1357 26
    endloop
  endfacet
  facet normal 0.0784439 0.996919 0
    outer loop
      vertex 55.5 -46.1 26
      vertex 55.9537 -46.1357 20
      vertex 55.5 -46.1 20
    endloop
  endfacet
  facet normal -0.382727 -0.923862 0
    outer loop
      vertex 54.1834 -51.5839 20
      vertex 54.6039 -51.7581 26
      vertex 54.1834 -51.5839 26
    endloop
  endfacet
  facet normal -0.382727 -0.923862 -0
    outer loop
      vertex 54.6039 -51.7581 26
      vertex 54.1834 -51.5839 20
      vertex 54.6039 -51.7581 20
    endloop
  endfacet
  facet normal -0.233423 -0.972375 0
    outer loop
      vertex 54.6039 -51.7581 20
      vertex 55.0463 -51.8643 26
      vertex 54.6039 -51.7581 26
    endloop
  endfacet
  facet normal -0.233423 -0.972375 -0
    outer loop
      vertex 55.0463 -51.8643 26
      vertex 54.6039 -51.7581 20
      vertex 55.0463 -51.8643 20
    endloop
  endfacet
  facet normal -0.923862 -0.382727 0
    outer loop
      vertex 52.9161 -50.3166 20
      vertex 52.7419 -49.8961 26
      vertex 52.7419 -49.8961 20
    endloop
  endfacet
  facet normal -0.923862 -0.382727 0
    outer loop
      vertex 52.7419 -49.8961 26
      vertex 52.9161 -50.3166 20
      vertex 52.9161 -50.3166 26
    endloop
  endfacet
  facet normal 0.760419 0.649433 0
    outer loop
      vertex 57.8461 -47.2954 26
      vertex 57.5506 -46.9494 20
      vertex 57.5506 -46.9494 26
    endloop
  endfacet
  facet normal 0.760419 0.649433 0
    outer loop
      vertex 57.5506 -46.9494 20
      vertex 57.8461 -47.2954 26
      vertex 57.8461 -47.2954 20
    endloop
  endfacet
  facet normal -0.522552 -0.852608 0
    outer loop
      vertex 53.7954 -51.3461 20
      vertex 54.1834 -51.5839 26
      vertex 53.7954 -51.3461 26
    endloop
  endfacet
  facet normal -0.522552 -0.852608 -0
    outer loop
      vertex 54.1834 -51.5839 26
      vertex 53.7954 -51.3461 20
      vertex 54.1834 -51.5839 20
    endloop
  endfacet
  facet normal -0.972375 0.233423 0
    outer loop
      vertex 52.6357 -48.5463 20
      vertex 52.7419 -48.1039 26
      vertex 52.7419 -48.1039 20
    endloop
  endfacet
  facet normal -0.972375 0.233423 0
    outer loop
      vertex 52.7419 -48.1039 26
      vertex 52.6357 -48.5463 20
      vertex 52.6357 -48.5463 26
    endloop
  endfacet
  facet normal 0.0784439 -0.996919 0
    outer loop
      vertex 55.5 -51.9 20
      vertex 55.9537 -51.8643 26
      vertex 55.5 -51.9 26
    endloop
  endfacet
  facet normal 0.0784439 -0.996919 0
    outer loop
      vertex 55.9537 -51.8643 26
      vertex 55.5 -51.9 20
      vertex 55.9537 -51.8643 20
    endloop
  endfacet
  facet normal -0.649433 -0.760419 0
    outer loop
      vertex 53.4494 -51.0506 20
      vertex 53.7954 -51.3461 26
      vertex 53.4494 -51.0506 26
    endloop
  endfacet
  facet normal -0.649433 -0.760419 -0
    outer loop
      vertex 53.7954 -51.3461 26
      vertex 53.4494 -51.0506 20
      vertex 53.7954 -51.3461 20
    endloop
  endfacet
  facet normal -0.972368 -0.233453 0
    outer loop
      vertex 49.7937 47.1459 4
      vertex 49.5739 48.0614 20
      vertex 49.5739 48.0614 4
    endloop
  endfacet
  facet normal -0.972368 -0.233453 0
    outer loop
      vertex 49.5739 48.0614 20
      vertex 49.7937 47.1459 4
      vertex 49.7937 47.1459 20
    endloop
  endfacet
  facet normal 0.972368 0.233453 0
    outer loop
      vertex 61.4261 49.9386 20
      vertex 61.2063 50.8541 4
      vertex 61.2063 50.8541 20
    endloop
  endfacet
  facet normal 0.972368 0.233453 0
    outer loop
      vertex 61.2063 50.8541 4
      vertex 61.4261 49.9386 20
      vertex 61.4261 49.9386 4
    endloop
  endfacet
  facet normal 0.996915 0.0784914 0
    outer loop
      vertex 61.5 49 20
      vertex 61.4261 49.9386 4
      vertex 61.4261 49.9386 20
    endloop
  endfacet
  facet normal 0.996915 0.0784914 0
    outer loop
      vertex 61.4261 49.9386 4
      vertex 61.5 49 20
      vertex 61.5 49 4
    endloop
  endfacet
  facet normal 0.923873 0.382699 0
    outer loop
      vertex 61.2063 50.8541 20
      vertex 60.846 51.7239 4
      vertex 60.846 51.7239 20
    endloop
  endfacet
  facet normal 0.923873 0.382699 0
    outer loop
      vertex 60.846 51.7239 4
      vertex 61.2063 50.8541 20
      vertex 61.2063 50.8541 4
    endloop
  endfacet
  facet normal 0.382699 -0.923873 0
    outer loop
      vertex 57.3541 43.2937 4
      vertex 58.2239 43.654 20
      vertex 57.3541 43.2937 20
    endloop
  endfacet
  facet normal 0.382699 -0.923873 0
    outer loop
      vertex 58.2239 43.654 20
      vertex 57.3541 43.2937 4
      vertex 58.2239 43.654 4
    endloop
  endfacet
  facet normal 0.852667 -0.522455 0
    outer loop
      vertex 60.3541 45.4733 20
      vertex 60.846 46.2761 4
      vertex 60.846 46.2761 20
    endloop
  endfacet
  facet normal 0.852667 -0.522455 0
    outer loop
      vertex 60.846 46.2761 4
      vertex 60.3541 45.4733 20
      vertex 60.3541 45.4733 4
    endloop
  endfacet
  facet normal -0.649487 0.760373 0
    outer loop
      vertex 51.9733 53.8541 4
      vertex 51.2574 53.2426 20
      vertex 51.9733 53.8541 20
    endloop
  endfacet
  facet normal -0.649487 0.760373 0
    outer loop
      vertex 51.2574 53.2426 20
      vertex 51.9733 53.8541 4
      vertex 51.2574 53.2426 4
    endloop
  endfacet
  facet normal -0.382699 0.923873 0
    outer loop
      vertex 53.6459 54.7063 4
      vertex 52.7761 54.346 20
      vertex 53.6459 54.7063 20
    endloop
  endfacet
  facet normal -0.382699 0.923873 0
    outer loop
      vertex 52.7761 54.346 20
      vertex 53.6459 54.7063 4
      vertex 52.7761 54.346 4
    endloop
  endfacet
  facet normal 0.760373 -0.649487 0
    outer loop
      vertex 59.7426 44.7574 20
      vertex 60.3541 45.4733 4
      vertex 60.3541 45.4733 20
    endloop
  endfacet
  facet normal 0.760373 -0.649487 0
    outer loop
      vertex 60.3541 45.4733 4
      vertex 59.7426 44.7574 20
      vertex 59.7426 44.7574 4
    endloop
  endfacet
  facet normal 0.996915 -0.0784914 0
    outer loop
      vertex 61.4261 48.0614 20
      vertex 61.5 49 4
      vertex 61.5 49 20
    endloop
  endfacet
  facet normal 0.996915 -0.0784914 0
    outer loop
      vertex 61.5 49 4
      vertex 61.4261 48.0614 20
      vertex 61.4261 48.0614 4
    endloop
  endfacet
  facet normal 0.923873 -0.382699 0
    outer loop
      vertex 60.846 46.2761 20
      vertex 61.2063 47.1459 4
      vertex 61.2063 47.1459 20
    endloop
  endfacet
  facet normal 0.923873 -0.382699 0
    outer loop
      vertex 61.2063 47.1459 4
      vertex 60.846 46.2761 20
      vertex 60.846 46.2761 4
    endloop
  endfacet
  facet normal -0.923873 -0.382699 0
    outer loop
      vertex 50.154 46.2761 4
      vertex 49.7937 47.1459 20
      vertex 49.7937 47.1459 4
    endloop
  endfacet
  facet normal -0.923873 -0.382699 0
    outer loop
      vertex 49.7937 47.1459 20
      vertex 50.154 46.2761 4
      vertex 50.154 46.2761 20
    endloop
  endfacet
  facet normal -0.996915 0.0784914 0
    outer loop
      vertex 49.5 49 4
      vertex 49.5739 49.9386 20
      vertex 49.5739 49.9386 4
    endloop
  endfacet
  facet normal -0.996915 0.0784914 0
    outer loop
      vertex 49.5739 49.9386 20
      vertex 49.5 49 4
      vertex 49.5 49 20
    endloop
  endfacet
  facet normal -0.972368 0.233453 0
    outer loop
      vertex 49.5739 49.9386 4
      vertex 49.7937 50.8541 20
      vertex 49.7937 50.8541 4
    endloop
  endfacet
  facet normal -0.972368 0.233453 0
    outer loop
      vertex 49.7937 50.8541 20
      vertex 49.5739 49.9386 4
      vertex 49.5739 49.9386 20
    endloop
  endfacet
  facet normal 0.233453 0.972368 -0
    outer loop
      vertex 57.3541 54.7063 4
      vertex 56.4386 54.9261 20
      vertex 57.3541 54.7063 20
    endloop
  endfacet
  facet normal 0.233453 0.972368 0
    outer loop
      vertex 56.4386 54.9261 20
      vertex 57.3541 54.7063 4
      vertex 56.4386 54.9261 4
    endloop
  endfacet
  facet normal -0.0784914 0.996915 0
    outer loop
      vertex 55.5 55 4
      vertex 54.5614 54.9261 20
      vertex 55.5 55 20
    endloop
  endfacet
  facet normal -0.0784914 0.996915 0
    outer loop
      vertex 54.5614 54.9261 20
      vertex 55.5 55 4
      vertex 54.5614 54.9261 4
    endloop
  endfacet
  facet normal -0.760373 -0.649487 0
    outer loop
      vertex 51.2574 44.7574 4
      vertex 50.6459 45.4733 20
      vertex 50.6459 45.4733 4
    endloop
  endfacet
  facet normal -0.760373 -0.649487 0
    outer loop
      vertex 50.6459 45.4733 20
      vertex 51.2574 44.7574 4
      vertex 51.2574 44.7574 20
    endloop
  endfacet
  facet normal -0.233453 -0.972368 0
    outer loop
      vertex 53.6459 43.2937 4
      vertex 54.5614 43.0739 20
      vertex 53.6459 43.2937 20
    endloop
  endfacet
  facet normal -0.233453 -0.972368 -0
    outer loop
      vertex 54.5614 43.0739 20
      vertex 53.6459 43.2937 4
      vertex 54.5614 43.0739 4
    endloop
  endfacet
  facet normal -0.649487 -0.760373 0
    outer loop
      vertex 51.2574 44.7574 4
      vertex 51.9733 44.1459 20
      vertex 51.2574 44.7574 20
    endloop
  endfacet
  facet normal -0.649487 -0.760373 -0
    outer loop
      vertex 51.9733 44.1459 20
      vertex 51.2574 44.7574 4
      vertex 51.9733 44.1459 4
    endloop
  endfacet
  facet normal 0.852667 0.522455 0
    outer loop
      vertex 60.846 51.7239 20
      vertex 60.3541 52.5267 4
      vertex 60.3541 52.5267 20
    endloop
  endfacet
  facet normal 0.852667 0.522455 0
    outer loop
      vertex 60.3541 52.5267 4
      vertex 60.846 51.7239 20
      vertex 60.846 51.7239 4
    endloop
  endfacet
  facet normal -0.923873 0.382699 0
    outer loop
      vertex 49.7937 50.8541 4
      vertex 50.154 51.7239 20
      vertex 50.154 51.7239 4
    endloop
  endfacet
  facet normal -0.923873 0.382699 0
    outer loop
      vertex 50.154 51.7239 20
      vertex 49.7937 50.8541 4
      vertex 49.7937 50.8541 20
    endloop
  endfacet
  facet normal -0.522455 0.852667 0
    outer loop
      vertex 52.7761 54.346 4
      vertex 51.9733 53.8541 20
      vertex 52.7761 54.346 20
    endloop
  endfacet
  facet normal -0.522455 0.852667 0
    outer loop
      vertex 51.9733 53.8541 20
      vertex 52.7761 54.346 4
      vertex 51.9733 53.8541 4
    endloop
  endfacet
  facet normal -0.0784914 -0.996915 0
    outer loop
      vertex 54.5614 43.0739 4
      vertex 55.5 43 20
      vertex 54.5614 43.0739 20
    endloop
  endfacet
  facet normal -0.0784914 -0.996915 -0
    outer loop
      vertex 55.5 43 20
      vertex 54.5614 43.0739 4
      vertex 55.5 43 4
    endloop
  endfacet
  facet normal 0.522455 0.852667 -0
    outer loop
      vertex 59.0267 53.8541 4
      vertex 58.2239 54.346 20
      vertex 59.0267 53.8541 20
    endloop
  endfacet
  facet normal 0.522455 0.852667 0
    outer loop
      vertex 58.2239 54.346 20
      vertex 59.0267 53.8541 4
      vertex 58.2239 54.346 4
    endloop
  endfacet
  facet normal 0.522455 -0.852667 0
    outer loop
      vertex 58.2239 43.654 4
      vertex 59.0267 44.1459 20
      vertex 58.2239 43.654 20
    endloop
  endfacet
  facet normal 0.522455 -0.852667 0
    outer loop
      vertex 59.0267 44.1459 20
      vertex 58.2239 43.654 4
      vertex 59.0267 44.1459 4
    endloop
  endfacet
  facet normal -0.760373 0.649487 0
    outer loop
      vertex 50.6459 52.5267 4
      vertex 51.2574 53.2426 20
      vertex 51.2574 53.2426 4
    endloop
  endfacet
  facet normal -0.760373 0.649487 0
    outer loop
      vertex 51.2574 53.2426 20
      vertex 50.6459 52.5267 4
      vertex 50.6459 52.5267 20
    endloop
  endfacet
  facet normal -0.233453 0.972368 0
    outer loop
      vertex 54.5614 54.9261 4
      vertex 53.6459 54.7063 20
      vertex 54.5614 54.9261 20
    endloop
  endfacet
  facet normal -0.233453 0.972368 0
    outer loop
      vertex 53.6459 54.7063 20
      vertex 54.5614 54.9261 4
      vertex 53.6459 54.7063 4
    endloop
  endfacet
  facet normal -0.522455 -0.852667 0
    outer loop
      vertex 51.9733 44.1459 4
      vertex 52.7761 43.654 20
      vertex 51.9733 44.1459 20
    endloop
  endfacet
  facet normal -0.522455 -0.852667 -0
    outer loop
      vertex 52.7761 43.654 20
      vertex 51.9733 44.1459 4
      vertex 52.7761 43.654 4
    endloop
  endfacet
  facet normal 0.760373 0.649487 0
    outer loop
      vertex 60.3541 52.5267 20
      vertex 59.7426 53.2426 4
      vertex 59.7426 53.2426 20
    endloop
  endfacet
  facet normal 0.760373 0.649487 0
    outer loop
      vertex 59.7426 53.2426 4
      vertex 60.3541 52.5267 20
      vertex 60.3541 52.5267 4
    endloop
  endfacet
  facet normal 0.649487 0.760373 -0
    outer loop
      vertex 59.7426 53.2426 4
      vertex 59.0267 53.8541 20
      vertex 59.7426 53.2426 20
    endloop
  endfacet
  facet normal 0.649487 0.760373 0
    outer loop
      vertex 59.0267 53.8541 20
      vertex 59.7426 53.2426 4
      vertex 59.0267 53.8541 4
    endloop
  endfacet
  facet normal 0.0784914 -0.996915 0
    outer loop
      vertex 55.5 43 4
      vertex 56.4386 43.0739 20
      vertex 55.5 43 20
    endloop
  endfacet
  facet normal 0.0784914 -0.996915 0
    outer loop
      vertex 56.4386 43.0739 20
      vertex 55.5 43 4
      vertex 56.4386 43.0739 4
    endloop
  endfacet
  facet normal -0.382699 -0.923873 0
    outer loop
      vertex 52.7761 43.654 4
      vertex 53.6459 43.2937 20
      vertex 52.7761 43.654 20
    endloop
  endfacet
  facet normal -0.382699 -0.923873 -0
    outer loop
      vertex 53.6459 43.2937 20
      vertex 52.7761 43.654 4
      vertex 53.6459 43.2937 4
    endloop
  endfacet
  facet normal -0.852667 -0.522455 0
    outer loop
      vertex 50.6459 45.4733 4
      vertex 50.154 46.2761 20
      vertex 50.154 46.2761 4
    endloop
  endfacet
  facet normal -0.852667 -0.522455 0
    outer loop
      vertex 50.154 46.2761 20
      vertex 50.6459 45.4733 4
      vertex 50.6459 45.4733 20
    endloop
  endfacet
  facet normal 0.233453 -0.972368 0
    outer loop
      vertex 56.4386 43.0739 4
      vertex 57.3541 43.2937 20
      vertex 56.4386 43.0739 20
    endloop
  endfacet
  facet normal 0.233453 -0.972368 0
    outer loop
      vertex 57.3541 43.2937 20
      vertex 56.4386 43.0739 4
      vertex 57.3541 43.2937 4
    endloop
  endfacet
  facet normal 0.649487 -0.760373 0
    outer loop
      vertex 59.0267 44.1459 4
      vertex 59.7426 44.7574 20
      vertex 59.0267 44.1459 20
    endloop
  endfacet
  facet normal 0.649487 -0.760373 0
    outer loop
      vertex 59.7426 44.7574 20
      vertex 59.0267 44.1459 4
      vertex 59.7426 44.7574 4
    endloop
  endfacet
  facet normal -0.996915 -0.0784914 0
    outer loop
      vertex 49.5739 48.0614 4
      vertex 49.5 49 20
      vertex 49.5 49 4
    endloop
  endfacet
  facet normal -0.996915 -0.0784914 0
    outer loop
      vertex 49.5 49 20
      vertex 49.5739 48.0614 4
      vertex 49.5739 48.0614 20
    endloop
  endfacet
  facet normal 0.972368 -0.233453 0
    outer loop
      vertex 61.2063 47.1459 20
      vertex 61.4261 48.0614 4
      vertex 61.4261 48.0614 20
    endloop
  endfacet
  facet normal 0.972368 -0.233453 0
    outer loop
      vertex 61.4261 48.0614 4
      vertex 61.2063 47.1459 20
      vertex 61.2063 47.1459 4
    endloop
  endfacet
  facet normal 0.382699 0.923873 -0
    outer loop
      vertex 58.2239 54.346 4
      vertex 57.3541 54.7063 20
      vertex 58.2239 54.346 20
    endloop
  endfacet
  facet normal 0.382699 0.923873 0
    outer loop
      vertex 57.3541 54.7063 20
      vertex 58.2239 54.346 4
      vertex 57.3541 54.7063 4
    endloop
  endfacet
  facet normal 0.0784914 0.996915 -0
    outer loop
      vertex 56.4386 54.9261 4
      vertex 55.5 55 20
      vertex 56.4386 54.9261 20
    endloop
  endfacet
  facet normal 0.0784914 0.996915 0
    outer loop
      vertex 55.5 55 20
      vertex 56.4386 54.9261 4
      vertex 55.5 55 4
    endloop
  endfacet
  facet normal 0 0 1
    outer loop
      vertex 58.4 49 20
      vertex 61.5 49 20
      vertex 61.4261 49.9386 20
    endloop
  endfacet
  facet normal 0 0 1
    outer loop
      vertex 58.3643 49.4537 20
      vertex 61.4261 49.9386 20
      vertex 61.2063 50.8541 20
    endloop
  endfacet
  facet normal 0 0 1
    outer loop
      vertex 61.5 49 20
      vertex 58.4 49 20
      vertex 61.4261 48.0614 20
    endloop
  endfacet
  facet normal 0 0 1
    outer loop
      vertex 58.2581 49.8961 20
      vertex 61.2063 50.8541 20
      vertex 60.846 51.7239 20
    endloop
  endfacet
  facet normal -0 0 1
    outer loop
      vertex 58.3643 48.5463 20
      vertex 61.4261 48.0614 20
      vertex 58.4 49 20
    endloop
  endfacet
  facet normal 0 0 1
    outer loop
      vertex 58.0839 50.3166 20
      vertex 60.846 51.7239 20
      vertex 60.3541 52.5267 20
    endloop
  endfacet
  facet normal 0 0 1
    outer loop
      vertex 61.4261 48.0614 20
      vertex 58.3643 48.5463 20
      vertex 61.2063 47.1459 20
    endloop
  endfacet
  facet normal 0 0 1
    outer loop
      vertex 57.8461 50.7046 20
      vertex 60.3541 52.5267 20
      vertex 59.7426 53.2426 20
    endloop
  endfacet
  facet normal -0 0 1
    outer loop
      vertex 58.2581 48.1039 20
      vertex 61.2063 47.1459 20
      vertex 58.3643 48.5463 20
    endloop
  endfacet
  facet normal 0 0 1
    outer loop
      vertex 57.5506 51.0506 20
      vertex 59.7426 53.2426 20
      vertex 59.0267 53.8541 20
    endloop
  endfacet
  facet normal 0 0 1
    outer loop
      vertex 61.2063 47.1459 20
      vertex 58.2581 48.1039 20
      vertex 60.846 46.2761 20
    endloop
  endfacet
  facet normal -0 0 1
    outer loop
      vertex 58.0839 47.6834 20
      vertex 60.846 46.2761 20
      vertex 58.2581 48.1039 20
    endloop
  endfacet
  facet normal 0 0 1
    outer loop
      vertex 61.4261 49.9386 20
      vertex 58.3643 49.4537 20
      vertex 58.4 49 20
    endloop
  endfacet
  facet normal 0 0 1
    outer loop
      vertex 61.2063 50.8541 20
      vertex 58.2581 49.8961 20
      vertex 58.3643 49.4537 20
    endloop
  endfacet
  facet normal 0 0 1
    outer loop
      vertex 57.2046 51.3461 20
      vertex 59.0267 53.8541 20
      vertex 58.2239 54.346 20
    endloop
  endfacet
  facet normal 0 0 1
    outer loop
      vertex 60.846 51.7239 20
      vertex 58.0839 50.3166 20
      vertex 58.2581 49.8961 20
    endloop
  endfacet
  facet normal 0 0 1
    outer loop
      vertex 60.3541 52.5267 20
      vertex 57.8461 50.7046 20
      vertex 58.0839 50.3166 20
    endloop
  endfacet
  facet normal 0 0 1
    outer loop
      vertex 59.7426 53.2426 20
      vertex 57.5506 51.0506 20
      vertex 57.8461 50.7046 20
    endloop
  endfacet
  facet normal 0 0 1
    outer loop
      vertex 56.8166 51.5839 20
      vertex 58.2239 54.346 20
      vertex 57.3541 54.7063 20
    endloop
  endfacet
  facet normal 0 0 1
    outer loop
      vertex 59.0267 53.8541 20
      vertex 57.2046 51.3461 20
      vertex 57.5506 51.0506 20
    endloop
  endfacet
  facet normal 0 0 1
    outer loop
      vertex 58.2239 54.346 20
      vertex 56.8166 51.5839 20
      vertex 57.2046 51.3461 20
    endloop
  endfacet
  facet normal 0 0 1
    outer loop
      vertex 56.3961 51.7581 20
      vertex 57.3541 54.7063 20
      vertex 56.4386 54.9261 20
    endloop
  endfacet
  facet normal 0 0 1
    outer loop
      vertex 57.3541 54.7063 20
      vertex 56.3961 51.7581 20
      vertex 56.8166 51.5839 20
    endloop
  endfacet
  facet normal 0 0 1
    outer loop
      vertex 56.4386 54.9261 20
      vertex 55.9537 51.8643 20
      vertex 56.3961 51.7581 20
    endloop
  endfacet
  facet normal 0 0 1
    outer loop
      vertex 55.5 55 20
      vertex 55.9537 51.8643 20
      vertex 56.4386 54.9261 20
    endloop
  endfacet
  facet normal 0 0 1
    outer loop
      vertex 55.5 55 20
      vertex 55.5 51.9 20
      vertex 55.9537 51.8643 20
    endloop
  endfacet
  facet normal 0 0 1
    outer loop
      vertex 55.5 55 20
      vertex 55.0463 51.8643 20
      vertex 55.5 51.9 20
    endloop
  endfacet
  facet normal -0 0 1
    outer loop
      vertex 54.5614 54.9261 20
      vertex 55.0463 51.8643 20
      vertex 55.5 55 20
    endloop
  endfacet
  facet normal 0 0 1
    outer loop
      vertex 55.0463 51.8643 20
      vertex 54.5614 54.9261 20
      vertex 54.6039 51.7581 20
    endloop
  endfacet
  facet normal -0 0 1
    outer loop
      vertex 53.6459 54.7063 20
      vertex 54.6039 51.7581 20
      vertex 54.5614 54.9261 20
    endloop
  endfacet
  facet normal 0 0 1
    outer loop
      vertex 54.6039 51.7581 20
      vertex 53.6459 54.7063 20
      vertex 54.1834 51.5839 20
    endloop
  endfacet
  facet normal -0 0 1
    outer loop
      vertex 52.7761 54.346 20
      vertex 54.1834 51.5839 20
      vertex 53.6459 54.7063 20
    endloop
  endfacet
  facet normal 0 0 1
    outer loop
      vertex 54.1834 51.5839 20
      vertex 52.7761 54.346 20
      vertex 53.7954 51.3461 20
    endloop
  endfacet
  facet normal -0 0 1
    outer loop
      vertex 51.9733 53.8541 20
      vertex 53.7954 51.3461 20
      vertex 52.7761 54.346 20
    endloop
  endfacet
  facet normal 0 0 1
    outer loop
      vertex 53.7954 51.3461 20
      vertex 51.9733 53.8541 20
      vertex 53.4494 51.0506 20
    endloop
  endfacet
  facet normal -0 0 1
    outer loop
      vertex 51.2574 53.2426 20
      vertex 53.4494 51.0506 20
      vertex 51.9733 53.8541 20
    endloop
  endfacet
  facet normal 0 0 1
    outer loop
      vertex 53.4494 51.0506 20
      vertex 51.2574 53.2426 20
      vertex 53.1539 50.7046 20
    endloop
  endfacet
  facet normal -0 0 1
    outer loop
      vertex 50.6459 52.5267 20
      vertex 53.1539 50.7046 20
      vertex 51.2574 53.2426 20
    endloop
  endfacet
  facet normal 0 0 1
    outer loop
      vertex 53.1539 50.7046 20
      vertex 50.6459 52.5267 20
      vertex 52.9161 50.3166 20
    endloop
  endfacet
  facet normal -0 0 1
    outer loop
      vertex 50.154 51.7239 20
      vertex 52.9161 50.3166 20
      vertex 50.6459 52.5267 20
    endloop
  endfacet
  facet normal 0 0 1
    outer loop
      vertex 60.846 46.2761 20
      vertex 58.0839 47.6834 20
      vertex 60.3541 45.4733 20
    endloop
  endfacet
  facet normal -0 0 1
    outer loop
      vertex 57.8461 47.2954 20
      vertex 60.3541 45.4733 20
      vertex 58.0839 47.6834 20
    endloop
  endfacet
  facet normal 0 0 1
    outer loop
      vertex 60.3541 45.4733 20
      vertex 57.8461 47.2954 20
      vertex 59.7426 44.7574 20
    endloop
  endfacet
  facet normal -0 0 1
    outer loop
      vertex 57.5506 46.9494 20
      vertex 59.7426 44.7574 20
      vertex 57.8461 47.2954 20
    endloop
  endfacet
  facet normal 0 0 1
    outer loop
      vertex 59.7426 44.7574 20
      vertex 57.5506 46.9494 20
      vertex 59.0267 44.1459 20
    endloop
  endfacet
  facet normal -0 0 1
    outer loop
      vertex 57.2046 46.6539 20
      vertex 59.0267 44.1459 20
      vertex 57.5506 46.9494 20
    endloop
  endfacet
  facet normal 0 0 1
    outer loop
      vertex 59.0267 44.1459 20
      vertex 57.2046 46.6539 20
      vertex 58.2239 43.654 20
    endloop
  endfacet
  facet normal -0 0 1
    outer loop
      vertex 56.8166 46.4161 20
      vertex 58.2239 43.654 20
      vertex 57.2046 46.6539 20
    endloop
  endfacet
  facet normal 0 0 1
    outer loop
      vertex 58.2239 43.654 20
      vertex 56.8166 46.4161 20
      vertex 57.3541 43.2937 20
    endloop
  endfacet
  facet normal -0 0 1
    outer loop
      vertex 56.3961 46.2419 20
      vertex 57.3541 43.2937 20
      vertex 56.8166 46.4161 20
    endloop
  endfacet
  facet normal 0 0 1
    outer loop
      vertex 57.3541 43.2937 20
      vertex 56.3961 46.2419 20
      vertex 56.4386 43.0739 20
    endloop
  endfacet
  facet normal -0 0 1
    outer loop
      vertex 55.9537 46.1357 20
      vertex 56.4386 43.0739 20
      vertex 56.3961 46.2419 20
    endloop
  endfacet
  facet normal -0 0 1
    outer loop
      vertex 55.5 46.1 20
      vertex 56.4386 43.0739 20
      vertex 55.9537 46.1357 20
    endloop
  endfacet
  facet normal 0 0 1
    outer loop
      vertex 55.5 46.1 20
      vertex 55.5 43 20
      vertex 56.4386 43.0739 20
    endloop
  endfacet
  facet normal 0 0 1
    outer loop
      vertex 55.0463 46.1357 20
      vertex 55.5 43 20
      vertex 55.5 46.1 20
    endloop
  endfacet
  facet normal 0 0 1
    outer loop
      vertex 54.5614 43.0739 20
      vertex 55.0463 46.1357 20
      vertex 54.6039 46.2419 20
    endloop
  endfacet
  facet normal 0 0 1
    outer loop
      vertex 55.0463 46.1357 20
      vertex 54.5614 43.0739 20
      vertex 55.5 43 20
    endloop
  endfacet
  facet normal 0 0 1
    outer loop
      vertex 53.6459 43.2937 20
      vertex 54.6039 46.2419 20
      vertex 54.1834 46.4161 20
    endloop
  endfacet
  facet normal 0 0 1
    outer loop
      vertex 52.7761 43.654 20
      vertex 54.1834 46.4161 20
      vertex 53.7954 46.6539 20
    endloop
  endfacet
  facet normal 0 0 1
    outer loop
      vertex 54.6039 46.2419 20
      vertex 53.6459 43.2937 20
      vertex 54.5614 43.0739 20
    endloop
  endfacet
  facet normal 0 0 1
    outer loop
      vertex 51.9733 44.1459 20
      vertex 53.7954 46.6539 20
      vertex 53.4494 46.9494 20
    endloop
  endfacet
  facet normal 0 0 1
    outer loop
      vertex 51.2574 44.7574 20
      vertex 53.4494 46.9494 20
      vertex 53.1539 47.2954 20
    endloop
  endfacet
  facet normal 0 0 1
    outer loop
      vertex 50.6459 45.4733 20
      vertex 53.1539 47.2954 20
      vertex 52.9161 47.6834 20
    endloop
  endfacet
  facet normal 0 0 1
    outer loop
      vertex 54.1834 46.4161 20
      vertex 52.7761 43.654 20
      vertex 53.6459 43.2937 20
    endloop
  endfacet
  facet normal 0 0 1
    outer loop
      vertex 50.154 46.2761 20
      vertex 52.9161 47.6834 20
      vertex 52.7419 48.1039 20
    endloop
  endfacet
  facet normal 0 0 1
    outer loop
      vertex 49.7937 47.1459 20
      vertex 52.7419 48.1039 20
      vertex 52.6357 48.5463 20
    endloop
  endfacet
  facet normal 0 0 1
    outer loop
      vertex 49.5739 48.0614 20
      vertex 52.6357 48.5463 20
      vertex 52.6 49 20
    endloop
  endfacet
  facet normal 0 0 1
    outer loop
      vertex 52.9161 50.3166 20
      vertex 50.154 51.7239 20
      vertex 52.7419 49.8961 20
    endloop
  endfacet
  facet normal 0 0 1
    outer loop
      vertex 53.7954 46.6539 20
      vertex 51.9733 44.1459 20
      vertex 52.7761 43.654 20
    endloop
  endfacet
  facet normal -0 0 1
    outer loop
      vertex 49.7937 50.8541 20
      vertex 52.7419 49.8961 20
      vertex 50.154 51.7239 20
    endloop
  endfacet
  facet normal 0 0 1
    outer loop
      vertex 53.4494 46.9494 20
      vertex 51.2574 44.7574 20
      vertex 51.9733 44.1459 20
    endloop
  endfacet
  facet normal 0 0 1
    outer loop
      vertex 52.7419 49.8961 20
      vertex 49.7937 50.8541 20
      vertex 52.6357 49.4537 20
    endloop
  endfacet
  facet normal 0 0 1
    outer loop
      vertex 53.1539 47.2954 20
      vertex 50.6459 45.4733 20
      vertex 51.2574 44.7574 20
    endloop
  endfacet
  facet normal -0 0 1
    outer loop
      vertex 49.5739 49.9386 20
      vertex 52.6357 49.4537 20
      vertex 49.7937 50.8541 20
    endloop
  endfacet
  facet normal 0 0 1
    outer loop
      vertex 52.9161 47.6834 20
      vertex 50.154 46.2761 20
      vertex 50.6459 45.4733 20
    endloop
  endfacet
  facet normal 0 0 1
    outer loop
      vertex 52.6357 49.4537 20
      vertex 49.5739 49.9386 20
      vertex 52.6 49 20
    endloop
  endfacet
  facet normal 0 0 1
    outer loop
      vertex 52.7419 48.1039 20
      vertex 49.7937 47.1459 20
      vertex 50.154 46.2761 20
    endloop
  endfacet
  facet normal 0 0 1
    outer loop
      vertex 49.5 49 20
      vertex 52.6 49 20
      vertex 49.5739 49.9386 20
    endloop
  endfacet
  facet normal 0 0 1
    outer loop
      vertex 52.6357 48.5463 20
      vertex 49.5739 48.0614 20
      vertex 49.7937 47.1459 20
    endloop
  endfacet
  facet normal 0 0 1
    outer loop
      vertex 52.6 49 20
      vertex 49.5 49 20
      vertex 49.5739 48.0614 20
    endloop
  endfacet
  facet normal -0.852667 0.522455 0
    outer loop
      vertex 50.154 51.7239 4
      vertex 50.6459 52.5267 20
      vertex 50.6459 52.5267 4
    endloop
  endfacet
  facet normal -0.852667 0.522455 0
    outer loop
      vertex 50.6459 52.5267 20
      vertex 50.154 51.7239 4
      vertex 50.154 51.7239 20
    endloop
  endfacet
  facet normal -0.233423 0.972375 0
    outer loop
      vertex 55.0463 51.8643 20
      vertex 54.6039 51.7581 26
      vertex 55.0463 51.8643 26
    endloop
  endfacet
  facet normal -0.233423 0.972375 0
    outer loop
      vertex 54.6039 51.7581 26
      vertex 55.0463 51.8643 20
      vertex 54.6039 51.7581 20
    endloop
  endfacet
  facet normal 0.972375 0.233423 0
    outer loop
      vertex 58.3643 49.4537 26
      vertex 58.2581 49.8961 20
      vertex 58.2581 49.8961 26
    endloop
  endfacet
  facet normal 0.972375 0.233423 0
    outer loop
      vertex 58.2581 49.8961 20
      vertex 58.3643 49.4537 26
      vertex 58.3643 49.4537 20
    endloop
  endfacet
  facet normal 0.996919 0.0784439 0
    outer loop
      vertex 58.4 49 26
      vertex 58.3643 49.4537 20
      vertex 58.3643 49.4537 26
    endloop
  endfacet
  facet normal 0.996919 0.0784439 0
    outer loop
      vertex 58.3643 49.4537 20
      vertex 58.4 49 26
      vertex 58.4 49 20
    endloop
  endfacet
  facet normal 0.923862 0.382727 0
    outer loop
      vertex 58.2581 49.8961 26
      vertex 58.0839 50.3166 20
      vertex 58.0839 50.3166 26
    endloop
  endfacet
  facet normal 0.923862 0.382727 0
    outer loop
      vertex 58.0839 50.3166 20
      vertex 58.2581 49.8961 26
      vertex 58.2581 49.8961 20
    endloop
  endfacet
  facet normal 0.649433 -0.760419 0
    outer loop
      vertex 57.2046 46.6539 20
      vertex 57.5506 46.9494 26
      vertex 57.2046 46.6539 26
    endloop
  endfacet
  facet normal 0.649433 -0.760419 0
    outer loop
      vertex 57.5506 46.9494 26
      vertex 57.2046 46.6539 20
      vertex 57.5506 46.9494 20
    endloop
  endfacet
  facet normal -0.972375 -0.233423 0
    outer loop
      vertex 52.7419 48.1039 20
      vertex 52.6357 48.5463 26
      vertex 52.6357 48.5463 20
    endloop
  endfacet
  facet normal -0.972375 -0.233423 0
    outer loop
      vertex 52.6357 48.5463 26
      vertex 52.7419 48.1039 20
      vertex 52.7419 48.1039 26
    endloop
  endfacet
  facet normal 0.852608 -0.522552 0
    outer loop
      vertex 57.8461 47.2954 26
      vertex 58.0839 47.6834 20
      vertex 58.0839 47.6834 26
    endloop
  endfacet
  facet normal 0.852608 -0.522552 0
    outer loop
      vertex 58.0839 47.6834 20
      vertex 57.8461 47.2954 26
      vertex 57.8461 47.2954 20
    endloop
  endfacet
  facet normal 0.996919 -0.0784439 0
    outer loop
      vertex 58.3643 48.5463 26
      vertex 58.4 49 20
      vertex 58.4 49 26
    endloop
  endfacet
  facet normal 0.996919 -0.0784439 0
    outer loop
      vertex 58.4 49 20
      vertex 58.3643 48.5463 26
      vertex 58.3643 48.5463 20
    endloop
  endfacet
  facet normal 0.382727 0.923862 -0
    outer loop
      vertex 56.8166 51.5839 20
      vertex 56.3961 51.7581 26
      vertex 56.8166 51.5839 26
    endloop
  endfacet
  facet normal 0.382727 0.923862 0
    outer loop
      vertex 56.3961 51.7581 26
      vertex 56.8166 51.5839 20
      vertex 56.3961 51.7581 20
    endloop
  endfacet
  facet normal 0.852608 0.522552 0
    outer loop
      vertex 58.0839 50.3166 26
      vertex 57.8461 50.7046 20
      vertex 57.8461 50.7046 26
    endloop
  endfacet
  facet normal 0.852608 0.522552 0
    outer loop
      vertex 57.8461 50.7046 20
      vertex 58.0839 50.3166 26
      vertex 58.0839 50.3166 20
    endloop
  endfacet
  facet normal -0.649433 0.760419 0
    outer loop
      vertex 53.7954 51.3461 20
      vertex 53.4494 51.0506 26
      vertex 53.7954 51.3461 26
    endloop
  endfacet
  facet normal -0.649433 0.760419 0
    outer loop
      vertex 53.4494 51.0506 26
      vertex 53.7954 51.3461 20
      vertex 53.4494 51.0506 20
    endloop
  endfacet
  facet normal -0.0784439 -0.996919 0
    outer loop
      vertex 55.0463 46.1357 20
      vertex 55.5 46.1 26
      vertex 55.0463 46.1357 26
    endloop
  endfacet
  facet normal -0.0784439 -0.996919 -0
    outer loop
      vertex 55.5 46.1 26
      vertex 55.0463 46.1357 20
      vertex 55.5 46.1 20
    endloop
  endfacet
  facet normal -0.522552 0.852608 0
    outer loop
      vertex 54.1834 51.5839 20
      vertex 53.7954 51.3461 26
      vertex 54.1834 51.5839 26
    endloop
  endfacet
  facet normal -0.522552 0.852608 0
    outer loop
      vertex 53.7954 51.3461 26
      vertex 54.1834 51.5839 20
      vertex 53.7954 51.3461 20
    endloop
  endfacet
  facet normal -0.923862 0.382727 0
    outer loop
      vertex 52.7419 49.8961 20
      vertex 52.9161 50.3166 26
      vertex 52.9161 50.3166 20
    endloop
  endfacet
  facet normal -0.923862 0.382727 0
    outer loop
      vertex 52.9161 50.3166 26
      vertex 52.7419 49.8961 20
      vertex 52.7419 49.8961 26
    endloop
  endfacet
  facet normal 0.522552 -0.852608 0
    outer loop
      vertex 56.8166 46.4161 20
      vertex 57.2046 46.6539 26
      vertex 56.8166 46.4161 26
    endloop
  endfacet
  facet normal 0.522552 -0.852608 0
    outer loop
      vertex 57.2046 46.6539 26
      vertex 56.8166 46.4161 20
      vertex 57.2046 46.6539 20
    endloop
  endfacet
  facet normal 0.233423 -0.972375 0
    outer loop
      vertex 55.9537 46.1357 20
      vertex 56.3961 46.2419 26
      vertex 55.9537 46.1357 26
    endloop
  endfacet
  facet normal 0.233423 -0.972375 0
    outer loop
      vertex 56.3961 46.2419 26
      vertex 55.9537 46.1357 20
      vertex 56.3961 46.2419 20
    endloop
  endfacet
  facet normal 0 0 1
    outer loop
      vertex 58.3643 49.4537 26
      vertex 58.3643 48.5463 26
      vertex 58.4 49 26
    endloop
  endfacet
  facet normal 0 0 1
    outer loop
      vertex 58.2581 49.8961 26
      vertex 58.3643 48.5463 26
      vertex 58.3643 49.4537 26
    endloop
  endfacet
  facet normal 0 0 1
    outer loop
      vertex 58.2581 49.8961 26
      vertex 58.2581 48.1039 26
      vertex 58.3643 48.5463 26
    endloop
  endfacet
  facet normal 0 0 1
    outer loop
      vertex 58.0839 50.3166 26
      vertex 58.2581 48.1039 26
      vertex 58.2581 49.8961 26
    endloop
  endfacet
  facet normal 0 0 1
    outer loop
      vertex 58.0839 50.3166 26
      vertex 58.0839 47.6834 26
      vertex 58.2581 48.1039 26
    endloop
  endfacet
  facet normal 0 0 1
    outer loop
      vertex 57.8461 50.7046 26
      vertex 58.0839 47.6834 26
      vertex 58.0839 50.3166 26
    endloop
  endfacet
  facet normal 0 0 1
    outer loop
      vertex 57.8461 50.7046 26
      vertex 57.8461 47.2954 26
      vertex 58.0839 47.6834 26
    endloop
  endfacet
  facet normal 0 0 1
    outer loop
      vertex 57.5506 51.0506 26
      vertex 57.8461 47.2954 26
      vertex 57.8461 50.7046 26
    endloop
  endfacet
  facet normal 0 0 1
    outer loop
      vertex 57.5506 51.0506 26
      vertex 57.5506 46.9494 26
      vertex 57.8461 47.2954 26
    endloop
  endfacet
  facet normal 0 0 1
    outer loop
      vertex 57.2046 51.3461 26
      vertex 57.5506 46.9494 26
      vertex 57.5506 51.0506 26
    endloop
  endfacet
  facet normal 0 0 1
    outer loop
      vertex 57.2046 51.3461 26
      vertex 57.2046 46.6539 26
      vertex 57.5506 46.9494 26
    endloop
  endfacet
  facet normal 0 0 1
    outer loop
      vertex 56.8166 51.5839 26
      vertex 57.2046 46.6539 26
      vertex 57.2046 51.3461 26
    endloop
  endfacet
  facet normal 0 0 1
    outer loop
      vertex 56.8166 51.5839 26
      vertex 56.8166 46.4161 26
      vertex 57.2046 46.6539 26
    endloop
  endfacet
  facet normal 0 0 1
    outer loop
      vertex 56.3961 51.7581 26
      vertex 56.8166 46.4161 26
      vertex 56.8166 51.5839 26
    endloop
  endfacet
  facet normal 0 0 1
    outer loop
      vertex 56.3961 51.7581 26
      vertex 56.3961 46.2419 26
      vertex 56.8166 46.4161 26
    endloop
  endfacet
  facet normal 0 0 1
    outer loop
      vertex 55.9537 51.8643 26
      vertex 56.3961 46.2419 26
      vertex 56.3961 51.7581 26
    endloop
  endfacet
  facet normal 0 0 1
    outer loop
      vertex 55.9537 51.8643 26
      vertex 55.9537 46.1357 26
      vertex 56.3961 46.2419 26
    endloop
  endfacet
  facet normal 0 0 1
    outer loop
      vertex 55.5 51.9 26
      vertex 55.9537 46.1357 26
      vertex 55.9537 51.8643 26
    endloop
  endfacet
  facet normal 0 0 1
    outer loop
      vertex 55.5 51.9 26
      vertex 55.5 46.1 26
      vertex 55.9537 46.1357 26
    endloop
  endfacet
  facet normal -0 0 1
    outer loop
      vertex 55.0463 51.8643 26
      vertex 55.5 46.1 26
      vertex 55.5 51.9 26
    endloop
  endfacet
  facet normal 0 0 1
    outer loop
      vertex 55.0463 51.8643 26
      vertex 55.0463 46.1357 26
      vertex 55.5 46.1 26
    endloop
  endfacet
  facet normal -0 0 1
    outer loop
      vertex 54.6039 51.7581 26
      vertex 55.0463 46.1357 26
      vertex 55.0463 51.8643 26
    endloop
  endfacet
  facet normal 0 0 1
    outer loop
      vertex 54.6039 51.7581 26
      vertex 54.6039 46.2419 26
      vertex 55.0463 46.1357 26
    endloop
  endfacet
  facet normal -0 0 1
    outer loop
      vertex 54.1834 51.5839 26
      vertex 54.6039 46.2419 26
      vertex 54.6039 51.7581 26
    endloop
  endfacet
  facet normal 0 0 1
    outer loop
      vertex 54.1834 51.5839 26
      vertex 54.1834 46.4161 26
      vertex 54.6039 46.2419 26
    endloop
  endfacet
  facet normal -0 0 1
    outer loop
      vertex 53.7954 51.3461 26
      vertex 54.1834 46.4161 26
      vertex 54.1834 51.5839 26
    endloop
  endfacet
  facet normal 0 0 1
    outer loop
      vertex 53.7954 51.3461 26
      vertex 53.7954 46.6539 26
      vertex 54.1834 46.4161 26
    endloop
  endfacet
  facet normal -0 0 1
    outer loop
      vertex 53.4494 51.0506 26
      vertex 53.7954 46.6539 26
      vertex 53.7954 51.3461 26
    endloop
  endfacet
  facet normal 0 0 1
    outer loop
      vertex 53.4494 51.0506 26
      vertex 53.4494 46.9494 26
      vertex 53.7954 46.6539 26
    endloop
  endfacet
  facet normal -0 0 1
    outer loop
      vertex 53.1539 50.7046 26
      vertex 53.4494 46.9494 26
      vertex 53.4494 51.0506 26
    endloop
  endfacet
  facet normal 0 0 1
    outer loop
      vertex 53.1539 50.7046 26
      vertex 53.1539 47.2954 26
      vertex 53.4494 46.9494 26
    endloop
  endfacet
  facet normal -0 0 1
    outer loop
      vertex 52.9161 50.3166 26
      vertex 53.1539 47.2954 26
      vertex 53.1539 50.7046 26
    endloop
  endfacet
  facet normal 0 0 1
    outer loop
      vertex 52.9161 50.3166 26
      vertex 52.9161 47.6834 26
      vertex 53.1539 47.2954 26
    endloop
  endfacet
  facet normal -0 0 1
    outer loop
      vertex 52.7419 49.8961 26
      vertex 52.9161 47.6834 26
      vertex 52.9161 50.3166 26
    endloop
  endfacet
  facet normal 0 0 1
    outer loop
      vertex 52.7419 49.8961 26
      vertex 52.7419 48.1039 26
      vertex 52.9161 47.6834 26
    endloop
  endfacet
  facet normal -0 0 1
    outer loop
      vertex 52.6357 49.4537 26
      vertex 52.7419 48.1039 26
      vertex 52.7419 49.8961 26
    endloop
  endfacet
  facet normal 0 0 1
    outer loop
      vertex 52.6357 49.4537 26
      vertex 52.6357 48.5463 26
      vertex 52.7419 48.1039 26
    endloop
  endfacet
  facet normal 0 -0 1
    outer loop
      vertex 52.6357 48.5463 26
      vertex 52.6357 49.4537 26
      vertex 52.6 49 26
    endloop
  endfacet
  facet normal 0.972375 -0.233423 0
    outer loop
      vertex 58.2581 48.1039 26
      vertex 58.3643 48.5463 20
      vertex 58.3643 48.5463 26
    endloop
  endfacet
  facet normal 0.972375 -0.233423 0
    outer loop
      vertex 58.3643 48.5463 20
      vertex 58.2581 48.1039 26
      vertex 58.2581 48.1039 20
    endloop
  endfacet
  facet normal -0.760419 0.649433 0
    outer loop
      vertex 53.1539 50.7046 20
      vertex 53.4494 51.0506 26
      vertex 53.4494 51.0506 20
    endloop
  endfacet
  facet normal -0.760419 0.649433 0
    outer loop
      vertex 53.4494 51.0506 26
      vertex 53.1539 50.7046 20
      vertex 53.1539 50.7046 26
    endloop
  endfacet
  facet normal 0.760419 -0.649433 0
    outer loop
      vertex 57.5506 46.9494 26
      vertex 57.8461 47.2954 20
      vertex 57.8461 47.2954 26
    endloop
  endfacet
  facet normal 0.760419 -0.649433 0
    outer loop
      vertex 57.8461 47.2954 20
      vertex 57.5506 46.9494 26
      vertex 57.5506 46.9494 20
    endloop
  endfacet
  facet normal -0.852608 0.522552 0
    outer loop
      vertex 52.9161 50.3166 20
      vertex 53.1539 50.7046 26
      vertex 53.1539 50.7046 20
    endloop
  endfacet
  facet normal -0.852608 0.522552 0
    outer loop
      vertex 53.1539 50.7046 26
      vertex 52.9161 50.3166 20
      vertex 52.9161 50.3166 26
    endloop
  endfacet
  facet normal -0.382727 0.923862 0
    outer loop
      vertex 54.6039 51.7581 20
      vertex 54.1834 51.5839 26
      vertex 54.6039 51.7581 26
    endloop
  endfacet
  facet normal -0.382727 0.923862 0
    outer loop
      vertex 54.1834 51.5839 26
      vertex 54.6039 51.7581 20
      vertex 54.1834 51.5839 20
    endloop
  endfacet
  facet normal 0.382727 -0.923862 0
    outer loop
      vertex 56.3961 46.2419 20
      vertex 56.8166 46.4161 26
      vertex 56.3961 46.2419 26
    endloop
  endfacet
  facet normal 0.382727 -0.923862 0
    outer loop
      vertex 56.8166 46.4161 26
      vertex 56.3961 46.2419 20
      vertex 56.8166 46.4161 20
    endloop
  endfacet
  facet normal 0.649433 0.760419 -0
    outer loop
      vertex 57.5506 51.0506 20
      vertex 57.2046 51.3461 26
      vertex 57.5506 51.0506 26
    endloop
  endfacet
  facet normal 0.649433 0.760419 0
    outer loop
      vertex 57.2046 51.3461 26
      vertex 57.5506 51.0506 20
      vertex 57.2046 51.3461 20
    endloop
  endfacet
  facet normal 0.233423 0.972375 -0
    outer loop
      vertex 56.3961 51.7581 20
      vertex 55.9537 51.8643 26
      vertex 56.3961 51.7581 26
    endloop
  endfacet
  facet normal 0.233423 0.972375 0
    outer loop
      vertex 55.9537 51.8643 26
      vertex 56.3961 51.7581 20
      vertex 55.9537 51.8643 20
    endloop
  endfacet
  facet normal 0.522552 0.852608 -0
    outer loop
      vertex 57.2046 51.3461 20
      vertex 56.8166 51.5839 26
      vertex 57.2046 51.3461 26
    endloop
  endfacet
  facet normal 0.522552 0.852608 0
    outer loop
      vertex 56.8166 51.5839 26
      vertex 57.2046 51.3461 20
      vertex 56.8166 51.5839 20
    endloop
  endfacet
  facet normal -0.760419 -0.649433 0
    outer loop
      vertex 53.4494 46.9494 20
      vertex 53.1539 47.2954 26
      vertex 53.1539 47.2954 20
    endloop
  endfacet
  facet normal -0.760419 -0.649433 0
    outer loop
      vertex 53.1539 47.2954 26
      vertex 53.4494 46.9494 20
      vertex 53.4494 46.9494 26
    endloop
  endfacet
  facet normal 0.923862 -0.382727 0
    outer loop
      vertex 58.0839 47.6834 26
      vertex 58.2581 48.1039 20
      vertex 58.2581 48.1039 26
    endloop
  endfacet
  facet normal 0.923862 -0.382727 0
    outer loop
      vertex 58.2581 48.1039 20
      vertex 58.0839 47.6834 26
      vertex 58.0839 47.6834 20
    endloop
  endfacet
  facet normal -0.996919 -0.0784439 0
    outer loop
      vertex 52.6357 48.5463 20
      vertex 52.6 49 26
      vertex 52.6 49 20
    endloop
  endfacet
  facet normal -0.996919 -0.0784439 0
    outer loop
      vertex 52.6 49 26
      vertex 52.6357 48.5463 20
      vertex 52.6357 48.5463 26
    endloop
  endfacet
  facet normal -0.852608 -0.522552 0
    outer loop
      vertex 53.1539 47.2954 20
      vertex 52.9161 47.6834 26
      vertex 52.9161 47.6834 20
    endloop
  endfacet
  facet normal -0.852608 -0.522552 0
    outer loop
      vertex 52.9161 47.6834 26
      vertex 53.1539 47.2954 20
      vertex 53.1539 47.2954 26
    endloop
  endfacet
  facet normal -0.996919 0.0784439 0
    outer loop
      vertex 52.6 49 20
      vertex 52.6357 49.4537 26
      vertex 52.6357 49.4537 20
    endloop
  endfacet
  facet normal -0.996919 0.0784439 0
    outer loop
      vertex 52.6357 49.4537 26
      vertex 52.6 49 20
      vertex 52.6 49 26
    endloop
  endfacet
  facet normal -0.0784439 0.996919 0
    outer loop
      vertex 55.5 51.9 20
      vertex 55.0463 51.8643 26
      vertex 55.5 51.9 26
    endloop
  endfacet
  facet normal -0.0784439 0.996919 0
    outer loop
      vertex 55.0463 51.8643 26
      vertex 55.5 51.9 20
      vertex 55.0463 51.8643 20
    endloop
  endfacet
  facet normal 0.0784439 0.996919 -0
    outer loop
      vertex 55.9537 51.8643 20
      vertex 55.5 51.9 26
      vertex 55.9537 51.8643 26
    endloop
  endfacet
  facet normal 0.0784439 0.996919 0
    outer loop
      vertex 55.5 51.9 26
      vertex 55.9537 51.8643 20
      vertex 55.5 51.9 20
    endloop
  endfacet
  facet normal -0.382727 -0.923862 0
    outer loop
      vertex 54.1834 46.4161 20
      vertex 54.6039 46.2419 26
      vertex 54.1834 46.4161 26
    endloop
  endfacet
  facet normal -0.382727 -0.923862 -0
    outer loop
      vertex 54.6039 46.2419 26
      vertex 54.1834 46.4161 20
      vertex 54.6039 46.2419 20
    endloop
  endfacet
  facet normal -0.233423 -0.972375 0
    outer loop
      vertex 54.6039 46.2419 20
      vertex 55.0463 46.1357 26
      vertex 54.6039 46.2419 26
    endloop
  endfacet
  facet normal -0.233423 -0.972375 -0
    outer loop
      vertex 55.0463 46.1357 26
      vertex 54.6039 46.2419 20
      vertex 55.0463 46.1357 20
    endloop
  endfacet
  facet normal -0.923862 -0.382727 0
    outer loop
      vertex 52.9161 47.6834 20
      vertex 52.7419 48.1039 26
      vertex 52.7419 48.1039 20
    endloop
  endfacet
  facet normal -0.923862 -0.382727 0
    outer loop
      vertex 52.7419 48.1039 26
      vertex 52.9161 47.6834 20
      vertex 52.9161 47.6834 26
    endloop
  endfacet
  facet normal 0.760419 0.649433 0
    outer loop
      vertex 57.8461 50.7046 26
      vertex 57.5506 51.0506 20
      vertex 57.5506 51.0506 26
    endloop
  endfacet
  facet normal 0.760419 0.649433 0
    outer loop
      vertex 57.5506 51.0506 20
      vertex 57.8461 50.7046 26
      vertex 57.8461 50.7046 20
    endloop
  endfacet
  facet normal -0.522552 -0.852608 0
    outer loop
      vertex 53.7954 46.6539 20
      vertex 54.1834 46.4161 26
      vertex 53.7954 46.6539 26
    endloop
  endfacet
  facet normal -0.522552 -0.852608 -0
    outer loop
      vertex 54.1834 46.4161 26
      vertex 53.7954 46.6539 20
      vertex 54.1834 46.4161 20
    endloop
  endfacet
  facet normal -0.972375 0.233423 0
    outer loop
      vertex 52.6357 49.4537 20
      vertex 52.7419 49.8961 26
      vertex 52.7419 49.8961 20
    endloop
  endfacet
  facet normal -0.972375 0.233423 0
    outer loop
      vertex 52.7419 49.8961 26
      vertex 52.6357 49.4537 20
      vertex 52.6357 49.4537 26
    endloop
  endfacet
  facet normal 0.0784439 -0.996919 0
    outer loop
      vertex 55.5 46.1 20
      vertex 55.9537 46.1357 26
      vertex 55.5 46.1 26
    endloop
  endfacet
  facet normal 0.0784439 -0.996919 0
    outer loop
      vertex 55.9537 46.1357 26
      vertex 55.5 46.1 20
      vertex 55.9537 46.1357 20
    endloop
  endfacet
  facet normal -0.649433 -0.760419 0
    outer loop
      vertex 53.4494 46.9494 20
      vertex 53.7954 46.6539 26
      vertex 53.4494 46.9494 26
    endloop
  endfacet
  facet normal -0.649433 -0.760419 -0
    outer loop
      vertex 53.7954 46.6539 26
      vertex 53.4494 46.9494 20
      vertex 53.7954 46.6539 20
    endloop
  endfacet
endsolid OpenSCAD_Model
