solid OpenSCAD_Model
  facet normal 1 -0 0
    outer loop
      vertex -86 -4 27.98
      vertex -86 4 12
      vertex -86 4 27.98
    endloop
  endfacet
  facet normal 1 0 0
    outer loop
      vertex -86 4 12
      vertex -86 -4 27.98
      vertex -86 -4 12
    endloop
  endfacet
  facet normal -0 0 1
    outer loop
      vertex -90 4 27.98
      vertex -86 -4 27.98
      vertex -86 4 27.98
    endloop
  endfacet
  facet normal 0 0 1
    outer loop
      vertex -86 -4 27.98
      vertex -90 4 27.98
      vertex -90 -4 27.98
    endloop
  endfacet
  facet normal -1 0 0
    outer loop
      vertex -90 -0.637352 12
      vertex -90 -4 12
      vertex -90 -0.637352 13
    endloop
  endfacet
  facet normal -1 0 0
    outer loop
      vertex -90 0.637352 13
      vertex -90 4 12
      vertex -90 0.637352 12
    endloop
  endfacet
  facet normal -1 0 0
    outer loop
      vertex -90 4 12
      vertex -90 0.637352 13
      vertex -90 4 27.98
    endloop
  endfacet
  facet normal -1 0 0
    outer loop
      vertex -90 -0.637352 13
      vertex -90 4 27.98
      vertex -90 0.637352 13
    endloop
  endfacet
  facet normal -1 0 0
    outer loop
      vertex -90 -4 27.98
      vertex -90 -0.637352 13
      vertex -90 -4 12
    endloop
  endfacet
  facet normal -1 0 0
    outer loop
      vertex -90 -0.637352 13
      vertex -90 -4 27.98
      vertex -90 4 27.98
    endloop
  endfacet
  facet normal 0 1 0
    outer loop
      vertex -79.4 4 3
      vertex -72 4 12
      vertex -64.6 4 3
    endloop
  endfacet
  facet normal 0 1 0
    outer loop
      vertex -72 4 12
      vertex -79.4 4 3
      vertex -79.4 4 9
    endloop
  endfacet
  facet normal 0 1 0
    outer loop
      vertex -61.4 4 3
      vertex -54 4 12
      vertex -46.6 4 3
    endloop
  endfacet
  facet normal 0 1 0
    outer loop
      vertex -54 4 12
      vertex -61.4 4 3
      vertex -61.4 4 9
    endloop
  endfacet
  facet normal 0 1 0
    outer loop
      vertex -43.4 4 3
      vertex -36 4 12
      vertex -28.6 4 3
    endloop
  endfacet
  facet normal 0 1 0
    outer loop
      vertex -36 4 12
      vertex -43.4 4 3
      vertex -43.4 4 9
    endloop
  endfacet
  facet normal 0 1 0
    outer loop
      vertex -25.4 4 3
      vertex -18 4 12
      vertex -10.6 4 3
    endloop
  endfacet
  facet normal 0 1 0
    outer loop
      vertex -18 4 12
      vertex -25.4 4 3
      vertex -25.4 4 9
    endloop
  endfacet
  facet normal 0 1 0
    outer loop
      vertex -7.4 4 3
      vertex 0 4 12
      vertex 7.4 4 3
    endloop
  endfacet
  facet normal 0 1 0
    outer loop
      vertex 0 4 12
      vertex -7.4 4 3
      vertex -7.4 4 9
    endloop
  endfacet
  facet normal 0 1 0
    outer loop
      vertex 10.6 4 3
      vertex 18 4 12
      vertex 25.4 4 3
    endloop
  endfacet
  facet normal 0 1 0
    outer loop
      vertex 18 4 12
      vertex 10.6 4 3
      vertex 10.6 4 9
    endloop
  endfacet
  facet normal 0 1 0
    outer loop
      vertex 28.6 4 3
      vertex 36 4 12
      vertex 43.4 4 3
    endloop
  endfacet
  facet normal 0 1 0
    outer loop
      vertex 36 4 12
      vertex 28.6 4 3
      vertex 28.6 4 9
    endloop
  endfacet
  facet normal 0 1 0
    outer loop
      vertex 46.6 4 3
      vertex 54 4 12
      vertex 61.4 4 3
    endloop
  endfacet
  facet normal 0 1 0
    outer loop
      vertex 54 4 12
      vertex 46.6 4 3
      vertex 46.6 4 9
    endloop
  endfacet
  facet normal 0 1 0
    outer loop
      vertex 64.6 4 3
      vertex 72 4 12
      vertex 79.4 4 3
    endloop
  endfacet
  facet normal 0 1 0
    outer loop
      vertex 72 4 12
      vertex 64.6 4 3
      vertex 64.6 4 9
    endloop
  endfacet
  facet normal 0 1 0
    outer loop
      vertex 100 4 10
      vertex 94 4 12
      vertex 98 4 12
    endloop
  endfacet
  facet normal 0 1 0
    outer loop
      vertex 94 4 12
      vertex 98 4 0
      vertex 90 4 12
    endloop
  endfacet
  facet normal 0 1 0
    outer loop
      vertex 90 4 12
      vertex 82.6 4 9
      vertex 76 4 12
    endloop
  endfacet
  facet normal 0 1 -0
    outer loop
      vertex 79.4 4 9
      vertex 76 4 12
      vertex 82.6 4 9
    endloop
  endfacet
  facet normal 0 1 -0
    outer loop
      vertex 79.4 4 3
      vertex 72 4 12
      vertex 79.4 4 9
    endloop
  endfacet
  facet normal 0 1 0
    outer loop
      vertex 72 4 12
      vertex 64.6 4 9
      vertex 58 4 12
    endloop
  endfacet
  facet normal 0 1 0
    outer loop
      vertex 58 4 12
      vertex 61.4 4 9
      vertex 54 4 12
    endloop
  endfacet
  facet normal 0 1 -0
    outer loop
      vertex 61.4 4 3
      vertex 54 4 12
      vertex 61.4 4 9
    endloop
  endfacet
  facet normal 0 1 -0
    outer loop
      vertex 43.4 4 9
      vertex 40 4 12
      vertex 46.6 4 9
    endloop
  endfacet
  facet normal 0 1 0
    outer loop
      vertex 40 4 12
      vertex 43.4 4 9
      vertex 36 4 12
    endloop
  endfacet
  facet normal 0 1 0
    outer loop
      vertex 36 4 12
      vertex 28.6 4 9
      vertex 22 4 12
    endloop
  endfacet
  facet normal 0 1 -0
    outer loop
      vertex 25.4 4 9
      vertex 22 4 12
      vertex 28.6 4 9
    endloop
  endfacet
  facet normal 0 1 -0
    outer loop
      vertex 25.4 4 3
      vertex 18 4 12
      vertex 25.4 4 9
    endloop
  endfacet
  facet normal 0 1 -0
    outer loop
      vertex 7.4 4 9
      vertex 4 4 12
      vertex 10.6 4 9
    endloop
  endfacet
  facet normal 0 1 -0
    outer loop
      vertex 7.4 4 3
      vertex 0 4 12
      vertex 7.4 4 9
    endloop
  endfacet
  facet normal 0 1 0
    outer loop
      vertex 0 4 12
      vertex -7.4 4 9
      vertex -14 4 12
    endloop
  endfacet
  facet normal 0 1 0
    outer loop
      vertex -14 4 12
      vertex -10.6 4 9
      vertex -18 4 12
    endloop
  endfacet
  facet normal 0 1 -0
    outer loop
      vertex -10.6 4 3
      vertex -18 4 12
      vertex -10.6 4 9
    endloop
  endfacet
  facet normal 0 1 0
    outer loop
      vertex -18 4 12
      vertex -25.4 4 9
      vertex -32 4 12
    endloop
  endfacet
  facet normal 0 1 -0
    outer loop
      vertex -28.6 4 9
      vertex -32 4 12
      vertex -25.4 4 9
    endloop
  endfacet
  facet normal 0 1 0
    outer loop
      vertex -32 4 12
      vertex -28.6 4 9
      vertex -36 4 12
    endloop
  endfacet
  facet normal 0 1 -0
    outer loop
      vertex -28.6 4 3
      vertex -36 4 12
      vertex -28.6 4 9
    endloop
  endfacet
  facet normal 0 1 0
    outer loop
      vertex 100 4 10
      vertex 98 4 12
      vertex 98.3129 4 11.9754
    endloop
  endfacet
  facet normal 0 1 0
    outer loop
      vertex -36 4 12
      vertex -43.4 4 9
      vertex -50 4 12
    endloop
  endfacet
  facet normal 0 1 0
    outer loop
      vertex 100 4 10
      vertex 98.3129 4 11.9754
      vertex 98.618 4 11.9021
    endloop
  endfacet
  facet normal 0 1 -0
    outer loop
      vertex -46.6 4 9
      vertex -50 4 12
      vertex -43.4 4 9
    endloop
  endfacet
  facet normal 0 1 0
    outer loop
      vertex 100 4 10
      vertex 98.618 4 11.9021
      vertex 98.908 4 11.782
    endloop
  endfacet
  facet normal 0 1 0
    outer loop
      vertex -50 4 12
      vertex -46.6 4 9
      vertex -54 4 12
    endloop
  endfacet
  facet normal 0 1 0
    outer loop
      vertex 100 4 10
      vertex 98.908 4 11.782
      vertex 99.1756 4 11.618
    endloop
  endfacet
  facet normal 0 1 -0
    outer loop
      vertex -46.6 4 3
      vertex -54 4 12
      vertex -46.6 4 9
    endloop
  endfacet
  facet normal 0 1 0
    outer loop
      vertex 100 4 10
      vertex 99.1756 4 11.618
      vertex 99.4142 4 11.4142
    endloop
  endfacet
  facet normal 0 1 0
    outer loop
      vertex -54 4 12
      vertex -61.4 4 9
      vertex -68 4 12
    endloop
  endfacet
  facet normal 0 1 0
    outer loop
      vertex 100 4 10
      vertex 99.4142 4 11.4142
      vertex 99.618 4 11.1756
    endloop
  endfacet
  facet normal 0 1 -0
    outer loop
      vertex -10.6 4 9
      vertex -14 4 12
      vertex -7.4 4 9
    endloop
  endfacet
  facet normal 0 1 0
    outer loop
      vertex 100 4 10
      vertex 99.618 4 11.1756
      vertex 99.782 4 10.908
    endloop
  endfacet
  facet normal 0 1 -0
    outer loop
      vertex -64.6 4 9
      vertex -68 4 12
      vertex -61.4 4 9
    endloop
  endfacet
  facet normal 0 1 0
    outer loop
      vertex 100 4 10
      vertex 99.782 4 10.908
      vertex 99.9021 4 10.618
    endloop
  endfacet
  facet normal 0 1 0
    outer loop
      vertex 4 4 12
      vertex 7.4 4 9
      vertex 0 4 12
    endloop
  endfacet
  facet normal 0 1 0
    outer loop
      vertex 100 4 10
      vertex 99.9021 4 10.618
      vertex 99.9754 4 10.3129
    endloop
  endfacet
  facet normal 0 1 0
    outer loop
      vertex -68 4 12
      vertex -64.6 4 9
      vertex -72 4 12
    endloop
  endfacet
  facet normal 0 1 -0
    outer loop
      vertex 100 4 2
      vertex 94 4 12
      vertex 100 4 10
    endloop
  endfacet
  facet normal 0 1 0
    outer loop
      vertex 18 4 12
      vertex 10.6 4 9
      vertex 4 4 12
    endloop
  endfacet
  facet normal 0 1 0
    outer loop
      vertex 76 4 12
      vertex 79.4 4 9
      vertex 72 4 12
    endloop
  endfacet
  facet normal -0 1 0
    outer loop
      vertex 82.6 4 3
      vertex 90 4 12
      vertex 98 4 0
    endloop
  endfacet
  facet normal 0 1 0
    outer loop
      vertex 98 4 0
      vertex 79.4 4 3
      vertex 82.6 4 3
    endloop
  endfacet
  facet normal 0 1 0
    outer loop
      vertex 79.4 4 3
      vertex 98 4 0
      vertex 64.6 4 3
    endloop
  endfacet
  facet normal 0 1 0
    outer loop
      vertex 64.6 4 3
      vertex 98 4 0
      vertex 61.4 4 3
    endloop
  endfacet
  facet normal 0 1 0
    outer loop
      vertex 61.4 4 3
      vertex 98 4 0
      vertex 46.6 4 3
    endloop
  endfacet
  facet normal 0 1 0
    outer loop
      vertex 46.6 4 3
      vertex 98 4 0
      vertex 43.4 4 3
    endloop
  endfacet
  facet normal 0 1 0
    outer loop
      vertex 43.4 4 3
      vertex 98 4 0
      vertex 28.6 4 3
    endloop
  endfacet
  facet normal 0 1 0
    outer loop
      vertex 28.6 4 3
      vertex 98 4 0
      vertex 25.4 4 3
    endloop
  endfacet
  facet normal 0 1 0
    outer loop
      vertex 25.4 4 3
      vertex 98 4 0
      vertex 10.6 4 3
    endloop
  endfacet
  facet normal 0 1 0
    outer loop
      vertex 10.6 4 3
      vertex 98 4 0
      vertex 7.4 4 3
    endloop
  endfacet
  facet normal 0 1 0
    outer loop
      vertex 7.4 4 3
      vertex 98 4 0
      vertex -7.4 4 3
    endloop
  endfacet
  facet normal 0 1 0
    outer loop
      vertex -7.4 4 3
      vertex 98 4 0
      vertex -10.6 4 3
    endloop
  endfacet
  facet normal 0 1 0
    outer loop
      vertex -98 4 0
      vertex -10.6 4 3
      vertex 98 4 0
    endloop
  endfacet
  facet normal 0 1 0
    outer loop
      vertex -10.6 4 3
      vertex -98 4 0
      vertex -25.4 4 3
    endloop
  endfacet
  facet normal 0 1 0
    outer loop
      vertex -25.4 4 3
      vertex -98 4 0
      vertex -28.6 4 3
    endloop
  endfacet
  facet normal 0 1 0
    outer loop
      vertex -28.6 4 3
      vertex -98 4 0
      vertex -43.4 4 3
    endloop
  endfacet
  facet normal 0 1 0
    outer loop
      vertex -43.4 4 3
      vertex -98 4 0
      vertex -46.6 4 3
    endloop
  endfacet
  facet normal 0 1 0
    outer loop
      vertex -46.6 4 3
      vertex -98 4 0
      vertex -61.4 4 3
    endloop
  endfacet
  facet normal 0 1 0
    outer loop
      vertex -61.4 4 3
      vertex -98 4 0
      vertex -64.6 4 3
    endloop
  endfacet
  facet normal 0 1 0
    outer loop
      vertex 90 4 12
      vertex 82.6 4 3
      vertex 82.6 4 9
    endloop
  endfacet
  facet normal 0 1 0
    outer loop
      vertex 94 4 12
      vertex 100 4 2
      vertex 98 4 0
    endloop
  endfacet
  facet normal 0 1 -0
    outer loop
      vertex 94 4 12
      vertex 90 4 27.98
      vertex 94 4 27.98
    endloop
  endfacet
  facet normal 0 1 0
    outer loop
      vertex 90 4 27.98
      vertex 94 4 12
      vertex 90 4 12
    endloop
  endfacet
  facet normal 0 1 -0
    outer loop
      vertex 76 4 12
      vertex 72 4 27.98
      vertex 76 4 27.98
    endloop
  endfacet
  facet normal 0 1 0
    outer loop
      vertex 72 4 27.98
      vertex 76 4 12
      vertex 72 4 12
    endloop
  endfacet
  facet normal 0 1 -0
    outer loop
      vertex 58 4 12
      vertex 54 4 27.98
      vertex 58 4 27.98
    endloop
  endfacet
  facet normal 0 1 0
    outer loop
      vertex 54 4 27.98
      vertex 58 4 12
      vertex 54 4 12
    endloop
  endfacet
  facet normal 0 1 -0
    outer loop
      vertex 40 4 12
      vertex 36 4 27.98
      vertex 40 4 27.98
    endloop
  endfacet
  facet normal 0 1 0
    outer loop
      vertex 36 4 27.98
      vertex 40 4 12
      vertex 36 4 12
    endloop
  endfacet
  facet normal 0 1 -0
    outer loop
      vertex 22 4 12
      vertex 18 4 27.98
      vertex 22 4 27.98
    endloop
  endfacet
  facet normal 0 1 0
    outer loop
      vertex 18 4 27.98
      vertex 22 4 12
      vertex 18 4 12
    endloop
  endfacet
  facet normal 0 1 -0
    outer loop
      vertex 4 4 12
      vertex 0 4 27.98
      vertex 4 4 27.98
    endloop
  endfacet
  facet normal 0 1 0
    outer loop
      vertex 0 4 27.98
      vertex 4 4 12
      vertex 0 4 12
    endloop
  endfacet
  facet normal 0 1 -0
    outer loop
      vertex -14 4 12
      vertex -18 4 27.98
      vertex -14 4 27.98
    endloop
  endfacet
  facet normal 0 1 0
    outer loop
      vertex -18 4 27.98
      vertex -14 4 12
      vertex -18 4 12
    endloop
  endfacet
  facet normal 0 1 -0
    outer loop
      vertex -32 4 12
      vertex -36 4 27.98
      vertex -32 4 27.98
    endloop
  endfacet
  facet normal 0 1 0
    outer loop
      vertex -36 4 27.98
      vertex -32 4 12
      vertex -36 4 12
    endloop
  endfacet
  facet normal 0 1 -0
    outer loop
      vertex -50 4 12
      vertex -54 4 27.98
      vertex -50 4 27.98
    endloop
  endfacet
  facet normal 0 1 0
    outer loop
      vertex -54 4 27.98
      vertex -50 4 12
      vertex -54 4 12
    endloop
  endfacet
  facet normal 0 1 -0
    outer loop
      vertex -68 4 12
      vertex -72 4 27.98
      vertex -68 4 27.98
    endloop
  endfacet
  facet normal 0 1 0
    outer loop
      vertex -72 4 27.98
      vertex -68 4 12
      vertex -72 4 12
    endloop
  endfacet
  facet normal 0 1 -0
    outer loop
      vertex -86 4 12
      vertex -90 4 27.98
      vertex -86 4 27.98
    endloop
  endfacet
  facet normal 0 1 0
    outer loop
      vertex -90 4 27.98
      vertex -86 4 12
      vertex -90 4 12
    endloop
  endfacet
  facet normal 0 1 -0
    outer loop
      vertex 61.4 4 9
      vertex 58 4 12
      vertex 64.6 4 9
    endloop
  endfacet
  facet normal 0 1 0
    outer loop
      vertex 54 4 12
      vertex 46.6 4 9
      vertex 40 4 12
    endloop
  endfacet
  facet normal 0 1 -0
    outer loop
      vertex 43.4 4 3
      vertex 36 4 12
      vertex 43.4 4 9
    endloop
  endfacet
  facet normal 0 1 0
    outer loop
      vertex 22 4 12
      vertex 25.4 4 9
      vertex 18 4 12
    endloop
  endfacet
  facet normal 0 1 -0
    outer loop
      vertex -64.6 4 3
      vertex -72 4 12
      vertex -64.6 4 9
    endloop
  endfacet
  facet normal 0 1 0
    outer loop
      vertex -72 4 12
      vertex -79.4 4 9
      vertex -86 4 12
    endloop
  endfacet
  facet normal 0 1 -0
    outer loop
      vertex -82.6 4 9
      vertex -86 4 12
      vertex -79.4 4 9
    endloop
  endfacet
  facet normal 0 1 0
    outer loop
      vertex -86 4 12
      vertex -82.6 4 9
      vertex -90 4 12
    endloop
  endfacet
  facet normal 0 1 -0
    outer loop
      vertex -82.6 4 3
      vertex -90 4 12
      vertex -82.6 4 9
    endloop
  endfacet
  facet normal 0 1 0
    outer loop
      vertex -90 4 12
      vertex -98 4 0
      vertex -98 4 12
    endloop
  endfacet
  facet normal -0 1 0
    outer loop
      vertex -100 4 10
      vertex -98 4 12
      vertex -98 4 0
    endloop
  endfacet
  facet normal 0 1 0
    outer loop
      vertex -98 4 12
      vertex -100 4 10
      vertex -98.3129 4 11.9754
    endloop
  endfacet
  facet normal 0 1 0
    outer loop
      vertex -98.3129 4 11.9754
      vertex -100 4 10
      vertex -98.618 4 11.9021
    endloop
  endfacet
  facet normal 0 1 0
    outer loop
      vertex -98.908 4 11.782
      vertex -100 4 10
      vertex -99.1756 4 11.618
    endloop
  endfacet
  facet normal 0 1 0
    outer loop
      vertex -99.1756 4 11.618
      vertex -100 4 10
      vertex -99.4142 4 11.4142
    endloop
  endfacet
  facet normal 0 1 0
    outer loop
      vertex -99.4142 4 11.4142
      vertex -100 4 10
      vertex -99.618 4 11.1756
    endloop
  endfacet
  facet normal 0 1 0
    outer loop
      vertex -99.618 4 11.1756
      vertex -100 4 10
      vertex -99.782 4 10.908
    endloop
  endfacet
  facet normal 0 1 0
    outer loop
      vertex -99.782 4 10.908
      vertex -100 4 10
      vertex -99.9021 4 10.618
    endloop
  endfacet
  facet normal 0 1 0
    outer loop
      vertex -99.9021 4 10.618
      vertex -100 4 10
      vertex -99.9754 4 10.3129
    endloop
  endfacet
  facet normal 0 1 0
    outer loop
      vertex -90 4 12
      vertex -82.6 4 3
      vertex -98 4 0
    endloop
  endfacet
  facet normal 0 1 0
    outer loop
      vertex -98.618 4 11.9021
      vertex -100 4 10
      vertex -98.908 4 11.782
    endloop
  endfacet
  facet normal 0 1 0
    outer loop
      vertex -64.6 4 3
      vertex -98 4 0
      vertex -79.4 4 3
    endloop
  endfacet
  facet normal 0 1 0
    outer loop
      vertex 98 4 0
      vertex 100 4 2
      vertex 99.9754 4 1.68713
    endloop
  endfacet
  facet normal 0 1 0
    outer loop
      vertex -79.4 4 3
      vertex -98 4 0
      vertex -82.6 4 3
    endloop
  endfacet
  facet normal 0 1 0
    outer loop
      vertex 98 4 0
      vertex 99.9754 4 1.68713
      vertex 99.9021 4 1.38197
    endloop
  endfacet
  facet normal 0 1 0
    outer loop
      vertex -100 4 10
      vertex -98 4 0
      vertex -100 4 2
    endloop
  endfacet
  facet normal 0 1 0
    outer loop
      vertex 98 4 0
      vertex 99.9021 4 1.38197
      vertex 99.782 4 1.09203
    endloop
  endfacet
  facet normal 0 1 0
    outer loop
      vertex -100 4 2
      vertex -98 4 0
      vertex -99.9754 4 1.68713
    endloop
  endfacet
  facet normal 0 1 0
    outer loop
      vertex 98 4 0
      vertex 99.782 4 1.09203
      vertex 99.618 4 0.824432
    endloop
  endfacet
  facet normal 0 1 0
    outer loop
      vertex -99.9754 4 1.68713
      vertex -98 4 0
      vertex -99.9021 4 1.38197
    endloop
  endfacet
  facet normal 0 1 0
    outer loop
      vertex 98 4 0
      vertex 99.618 4 0.824432
      vertex 99.4142 4 0.585785
    endloop
  endfacet
  facet normal 0 1 0
    outer loop
      vertex -99.9021 4 1.38197
      vertex -98 4 0
      vertex -99.782 4 1.09203
    endloop
  endfacet
  facet normal 0 1 0
    outer loop
      vertex 98 4 0
      vertex 99.4142 4 0.585785
      vertex 99.1756 4 0.381973
    endloop
  endfacet
  facet normal 0 1 0
    outer loop
      vertex -99.782 4 1.09203
      vertex -98 4 0
      vertex -99.618 4 0.824432
    endloop
  endfacet
  facet normal 0 1 0
    outer loop
      vertex 98 4 0
      vertex 99.1756 4 0.381973
      vertex 98.908 4 0.217987
    endloop
  endfacet
  facet normal 0 1 0
    outer loop
      vertex -99.618 4 0.824432
      vertex -98 4 0
      vertex -99.4142 4 0.585785
    endloop
  endfacet
  facet normal 0 1 0
    outer loop
      vertex 98 4 0
      vertex 98.908 4 0.217987
      vertex 98.618 4 0.0978851
    endloop
  endfacet
  facet normal 0 1 0
    outer loop
      vertex -99.4142 4 0.585785
      vertex -98 4 0
      vertex -99.1756 4 0.381973
    endloop
  endfacet
  facet normal 0 1 0
    outer loop
      vertex 98 4 0
      vertex 98.618 4 0.0978851
      vertex 98.3129 4 0.0246277
    endloop
  endfacet
  facet normal 0 1 0
    outer loop
      vertex -99.1756 4 0.381973
      vertex -98 4 0
      vertex -98.908 4 0.217987
    endloop
  endfacet
  facet normal 0 1 0
    outer loop
      vertex -98.908 4 0.217987
      vertex -98 4 0
      vertex -98.618 4 0.0978851
    endloop
  endfacet
  facet normal 0 1 0
    outer loop
      vertex -98.618 4 0.0978851
      vertex -98 4 0
      vertex -98.3129 4 0.0246277
    endloop
  endfacet
  facet normal 0 -1 0
    outer loop
      vertex 79.4 -4 3
      vertex 72 -4 12
      vertex 64.6 -4 3
    endloop
  endfacet
  facet normal 0 -1 0
    outer loop
      vertex 72 -4 12
      vertex 79.4 -4 3
      vertex 79.4 -4 9
    endloop
  endfacet
  facet normal 0 -1 0
    outer loop
      vertex 61.4 -4 3
      vertex 54 -4 12
      vertex 46.6 -4 3
    endloop
  endfacet
  facet normal 0 -1 0
    outer loop
      vertex 54 -4 12
      vertex 61.4 -4 3
      vertex 61.4 -4 9
    endloop
  endfacet
  facet normal 0 -1 0
    outer loop
      vertex 43.4 -4 3
      vertex 36 -4 12
      vertex 28.6 -4 3
    endloop
  endfacet
  facet normal 0 -1 0
    outer loop
      vertex 36 -4 12
      vertex 43.4 -4 3
      vertex 43.4 -4 9
    endloop
  endfacet
  facet normal 0 -1 0
    outer loop
      vertex 25.4 -4 3
      vertex 18 -4 12
      vertex 10.6 -4 3
    endloop
  endfacet
  facet normal 0 -1 0
    outer loop
      vertex 18 -4 12
      vertex 25.4 -4 3
      vertex 25.4 -4 9
    endloop
  endfacet
  facet normal 0 -1 0
    outer loop
      vertex 7.4 -4 3
      vertex 0 -4 12
      vertex -7.4 -4 3
    endloop
  endfacet
  facet normal 0 -1 0
    outer loop
      vertex 0 -4 12
      vertex 7.4 -4 3
      vertex 7.4 -4 9
    endloop
  endfacet
  facet normal 0 -1 0
    outer loop
      vertex -10.6 -4 3
      vertex -18 -4 12
      vertex -25.4 -4 3
    endloop
  endfacet
  facet normal 0 -1 0
    outer loop
      vertex -18 -4 12
      vertex -10.6 -4 3
      vertex -10.6 -4 9
    endloop
  endfacet
  facet normal 0 -1 0
    outer loop
      vertex -28.6 -4 3
      vertex -36 -4 12
      vertex -43.4 -4 3
    endloop
  endfacet
  facet normal 0 -1 0
    outer loop
      vertex -36 -4 12
      vertex -28.6 -4 3
      vertex -28.6 -4 9
    endloop
  endfacet
  facet normal 0 -1 0
    outer loop
      vertex -46.6 -4 3
      vertex -54 -4 12
      vertex -61.4 -4 3
    endloop
  endfacet
  facet normal 0 -1 0
    outer loop
      vertex -54 -4 12
      vertex -46.6 -4 3
      vertex -46.6 -4 9
    endloop
  endfacet
  facet normal 0 -1 0
    outer loop
      vertex -64.6 -4 3
      vertex -72 -4 12
      vertex -79.4 -4 3
    endloop
  endfacet
  facet normal 0 -1 0
    outer loop
      vertex -72 -4 12
      vertex -64.6 -4 3
      vertex -64.6 -4 9
    endloop
  endfacet
  facet normal 0 -1 0
    outer loop
      vertex -98 -4 0
      vertex -90 -4 12
      vertex -98 -4 12
    endloop
  endfacet
  facet normal -0 -1 0
    outer loop
      vertex -82.6 -4 3
      vertex -90 -4 12
      vertex -98 -4 0
    endloop
  endfacet
  facet normal 0 -1 0
    outer loop
      vertex -79.4 -4 9
      vertex -86 -4 12
      vertex -82.6 -4 9
    endloop
  endfacet
  facet normal 0 -1 0
    outer loop
      vertex -86 -4 12
      vertex -79.4 -4 9
      vertex -72 -4 12
    endloop
  endfacet
  facet normal 0 -1 0
    outer loop
      vertex -72 -4 12
      vertex -64.6 -4 9
      vertex -68 -4 12
    endloop
  endfacet
  facet normal 0 -1 0
    outer loop
      vertex -61.4 -4 9
      vertex -68 -4 12
      vertex -64.6 -4 9
    endloop
  endfacet
  facet normal 0 -1 0
    outer loop
      vertex -61.4 -4 3
      vertex -54 -4 12
      vertex -61.4 -4 9
    endloop
  endfacet
  facet normal 0 -1 0
    outer loop
      vertex -54 -4 12
      vertex -46.6 -4 9
      vertex -50 -4 12
    endloop
  endfacet
  facet normal 0 -1 0
    outer loop
      vertex -50 -4 12
      vertex -43.4 -4 9
      vertex -36 -4 12
    endloop
  endfacet
  facet normal 0 -1 0
    outer loop
      vertex -36 -4 12
      vertex -28.6 -4 9
      vertex -32 -4 12
    endloop
  endfacet
  facet normal 0 -1 0
    outer loop
      vertex -25.4 -4 9
      vertex -32 -4 12
      vertex -28.6 -4 9
    endloop
  endfacet
  facet normal 0 -1 0
    outer loop
      vertex -25.4 -4 3
      vertex -18 -4 12
      vertex -25.4 -4 9
    endloop
  endfacet
  facet normal 0 -1 0
    outer loop
      vertex -7.4 -4 9
      vertex -14 -4 12
      vertex -10.6 -4 9
    endloop
  endfacet
  facet normal 0 -1 0
    outer loop
      vertex -14 -4 12
      vertex -7.4 -4 9
      vertex 0 -4 12
    endloop
  endfacet
  facet normal 0 -1 0
    outer loop
      vertex 0 -4 12
      vertex 7.4 -4 9
      vertex 4 -4 12
    endloop
  endfacet
  facet normal 0 -1 0
    outer loop
      vertex 10.6 -4 9
      vertex 4 -4 12
      vertex 7.4 -4 9
    endloop
  endfacet
  facet normal 0 -1 0
    outer loop
      vertex 10.6 -4 3
      vertex 18 -4 12
      vertex 10.6 -4 9
    endloop
  endfacet
  facet normal 0 -1 0
    outer loop
      vertex 18 -4 12
      vertex 25.4 -4 9
      vertex 22 -4 12
    endloop
  endfacet
  facet normal 0 -1 0
    outer loop
      vertex 28.6 -4 9
      vertex 22 -4 12
      vertex 25.4 -4 9
    endloop
  endfacet
  facet normal 0 -1 0
    outer loop
      vertex 22 -4 12
      vertex 28.6 -4 9
      vertex 36 -4 12
    endloop
  endfacet
  facet normal 0 -1 0
    outer loop
      vertex 28.6 -4 3
      vertex 36 -4 12
      vertex 28.6 -4 9
    endloop
  endfacet
  facet normal 0 -1 0
    outer loop
      vertex 36 -4 12
      vertex 43.4 -4 9
      vertex 40 -4 12
    endloop
  endfacet
  facet normal 0 -1 0
    outer loop
      vertex -100 -4 10
      vertex -98 -4 12
      vertex -98.3129 -4 11.9754
    endloop
  endfacet
  facet normal 0 -1 0
    outer loop
      vertex 46.6 -4 9
      vertex 40 -4 12
      vertex 43.4 -4 9
    endloop
  endfacet
  facet normal 0 -1 0
    outer loop
      vertex -100 -4 10
      vertex -98.3129 -4 11.9754
      vertex -98.618 -4 11.9021
    endloop
  endfacet
  facet normal 0 -1 0
    outer loop
      vertex 40 -4 12
      vertex 46.6 -4 9
      vertex 54 -4 12
    endloop
  endfacet
  facet normal 0 -1 0
    outer loop
      vertex -100 -4 10
      vertex -98.618 -4 11.9021
      vertex -98.908 -4 11.782
    endloop
  endfacet
  facet normal 0 -1 0
    outer loop
      vertex 46.6 -4 3
      vertex 54 -4 12
      vertex 46.6 -4 9
    endloop
  endfacet
  facet normal 0 -1 0
    outer loop
      vertex -100 -4 10
      vertex -98.908 -4 11.782
      vertex -99.1756 -4 11.618
    endloop
  endfacet
  facet normal 0 -1 0
    outer loop
      vertex 54 -4 12
      vertex 61.4 -4 9
      vertex 58 -4 12
    endloop
  endfacet
  facet normal 0 -1 0
    outer loop
      vertex -100 -4 10
      vertex -99.1756 -4 11.618
      vertex -99.4142 -4 11.4142
    endloop
  endfacet
  facet normal 0 -1 0
    outer loop
      vertex 64.6 -4 9
      vertex 58 -4 12
      vertex 61.4 -4 9
    endloop
  endfacet
  facet normal 0 -1 0
    outer loop
      vertex -100 -4 10
      vertex -99.4142 -4 11.4142
      vertex -99.618 -4 11.1756
    endloop
  endfacet
  facet normal 0 -1 0
    outer loop
      vertex 4 -4 12
      vertex 10.6 -4 9
      vertex 18 -4 12
    endloop
  endfacet
  facet normal 0 -1 0
    outer loop
      vertex -100 -4 10
      vertex -99.618 -4 11.1756
      vertex -99.782 -4 10.908
    endloop
  endfacet
  facet normal 0 -1 0
    outer loop
      vertex 58 -4 12
      vertex 64.6 -4 9
      vertex 72 -4 12
    endloop
  endfacet
  facet normal 0 -1 0
    outer loop
      vertex -100 -4 10
      vertex -99.782 -4 10.908
      vertex -99.9021 -4 10.618
    endloop
  endfacet
  facet normal 0 -1 0
    outer loop
      vertex -7.4 -4 3
      vertex 0 -4 12
      vertex -7.4 -4 9
    endloop
  endfacet
  facet normal 0 -1 0
    outer loop
      vertex -100 -4 10
      vertex -99.9021 -4 10.618
      vertex -99.9754 -4 10.3129
    endloop
  endfacet
  facet normal 0 -1 0
    outer loop
      vertex 64.6 -4 3
      vertex 72 -4 12
      vertex 64.6 -4 9
    endloop
  endfacet
  facet normal 0 -1 -0
    outer loop
      vertex -98 -4 12
      vertex -100 -4 10
      vertex -98 -4 0
    endloop
  endfacet
  facet normal 0 -1 0
    outer loop
      vertex -18 -4 12
      vertex -10.6 -4 9
      vertex -14 -4 12
    endloop
  endfacet
  facet normal 0 -1 0
    outer loop
      vertex -79.4 -4 3
      vertex -72 -4 12
      vertex -79.4 -4 9
    endloop
  endfacet
  facet normal -0 -1 -0
    outer loop
      vertex -82.6 -4 9
      vertex -90 -4 12
      vertex -82.6 -4 3
    endloop
  endfacet
  facet normal 0 -1 0
    outer loop
      vertex -98 -4 0
      vertex -79.4 -4 3
      vertex -82.6 -4 3
    endloop
  endfacet
  facet normal 0 -1 -0
    outer loop
      vertex -79.4 -4 3
      vertex -98 -4 0
      vertex -64.6 -4 3
    endloop
  endfacet
  facet normal 0 -1 -0
    outer loop
      vertex -64.6 -4 3
      vertex -98 -4 0
      vertex -61.4 -4 3
    endloop
  endfacet
  facet normal 0 -1 -0
    outer loop
      vertex -61.4 -4 3
      vertex -98 -4 0
      vertex -46.6 -4 3
    endloop
  endfacet
  facet normal 0 -1 -0
    outer loop
      vertex -46.6 -4 3
      vertex -98 -4 0
      vertex -43.4 -4 3
    endloop
  endfacet
  facet normal 0 -1 -0
    outer loop
      vertex -43.4 -4 3
      vertex -98 -4 0
      vertex -28.6 -4 3
    endloop
  endfacet
  facet normal 0 -1 -0
    outer loop
      vertex -28.6 -4 3
      vertex -98 -4 0
      vertex -25.4 -4 3
    endloop
  endfacet
  facet normal 0 -1 -0
    outer loop
      vertex -25.4 -4 3
      vertex -98 -4 0
      vertex -10.6 -4 3
    endloop
  endfacet
  facet normal 0 -1 -0
    outer loop
      vertex -10.6 -4 3
      vertex -98 -4 0
      vertex -7.4 -4 3
    endloop
  endfacet
  facet normal 0 -1 -0
    outer loop
      vertex -7.4 -4 3
      vertex -98 -4 0
      vertex 7.4 -4 3
    endloop
  endfacet
  facet normal 0 -1 -0
    outer loop
      vertex 7.4 -4 3
      vertex -98 -4 0
      vertex 10.6 -4 3
    endloop
  endfacet
  facet normal 0 -1 0
    outer loop
      vertex 98 -4 0
      vertex 10.6 -4 3
      vertex -98 -4 0
    endloop
  endfacet
  facet normal 0 -1 0
    outer loop
      vertex 10.6 -4 3
      vertex 98 -4 0
      vertex 25.4 -4 3
    endloop
  endfacet
  facet normal 0 -1 0
    outer loop
      vertex 25.4 -4 3
      vertex 98 -4 0
      vertex 28.6 -4 3
    endloop
  endfacet
  facet normal 0 -1 0
    outer loop
      vertex 28.6 -4 3
      vertex 98 -4 0
      vertex 43.4 -4 3
    endloop
  endfacet
  facet normal 0 -1 0
    outer loop
      vertex 43.4 -4 3
      vertex 98 -4 0
      vertex 46.6 -4 3
    endloop
  endfacet
  facet normal 0 -1 0
    outer loop
      vertex 46.6 -4 3
      vertex 98 -4 0
      vertex 61.4 -4 3
    endloop
  endfacet
  facet normal 0 -1 0
    outer loop
      vertex 61.4 -4 3
      vertex 98 -4 0
      vertex 64.6 -4 3
    endloop
  endfacet
  facet normal 0 -1 0
    outer loop
      vertex -90 -4 12
      vertex -82.6 -4 9
      vertex -86 -4 12
    endloop
  endfacet
  facet normal 0 -1 0
    outer loop
      vertex -98 -4 0
      vertex -100 -4 10
      vertex -100 -4 2
    endloop
  endfacet
  facet normal 0 -1 0
    outer loop
      vertex -90 -4 12
      vertex -86 -4 27.98
      vertex -90 -4 27.98
    endloop
  endfacet
  facet normal 0 -1 -0
    outer loop
      vertex -86 -4 27.98
      vertex -90 -4 12
      vertex -86 -4 12
    endloop
  endfacet
  facet normal 0 -1 0
    outer loop
      vertex -72 -4 12
      vertex -68 -4 27.98
      vertex -72 -4 27.98
    endloop
  endfacet
  facet normal 0 -1 -0
    outer loop
      vertex -68 -4 27.98
      vertex -72 -4 12
      vertex -68 -4 12
    endloop
  endfacet
  facet normal 0 -1 0
    outer loop
      vertex -54 -4 12
      vertex -50 -4 27.98
      vertex -54 -4 27.98
    endloop
  endfacet
  facet normal 0 -1 -0
    outer loop
      vertex -50 -4 27.98
      vertex -54 -4 12
      vertex -50 -4 12
    endloop
  endfacet
  facet normal 0 -1 0
    outer loop
      vertex -36 -4 12
      vertex -32 -4 27.98
      vertex -36 -4 27.98
    endloop
  endfacet
  facet normal 0 -1 -0
    outer loop
      vertex -32 -4 27.98
      vertex -36 -4 12
      vertex -32 -4 12
    endloop
  endfacet
  facet normal 0 -1 0
    outer loop
      vertex -18 -4 12
      vertex -14 -4 27.98
      vertex -18 -4 27.98
    endloop
  endfacet
  facet normal 0 -1 -0
    outer loop
      vertex -14 -4 27.98
      vertex -18 -4 12
      vertex -14 -4 12
    endloop
  endfacet
  facet normal 0 -1 0
    outer loop
      vertex 0 -4 12
      vertex 4 -4 27.98
      vertex 0 -4 27.98
    endloop
  endfacet
  facet normal 0 -1 -0
    outer loop
      vertex 4 -4 27.98
      vertex 0 -4 12
      vertex 4 -4 12
    endloop
  endfacet
  facet normal 0 -1 0
    outer loop
      vertex 18 -4 12
      vertex 22 -4 27.98
      vertex 18 -4 27.98
    endloop
  endfacet
  facet normal 0 -1 -0
    outer loop
      vertex 22 -4 27.98
      vertex 18 -4 12
      vertex 22 -4 12
    endloop
  endfacet
  facet normal 0 -1 0
    outer loop
      vertex 36 -4 12
      vertex 40 -4 27.98
      vertex 36 -4 27.98
    endloop
  endfacet
  facet normal 0 -1 -0
    outer loop
      vertex 40 -4 27.98
      vertex 36 -4 12
      vertex 40 -4 12
    endloop
  endfacet
  facet normal 0 -1 0
    outer loop
      vertex 54 -4 12
      vertex 58 -4 27.98
      vertex 54 -4 27.98
    endloop
  endfacet
  facet normal 0 -1 -0
    outer loop
      vertex 58 -4 27.98
      vertex 54 -4 12
      vertex 58 -4 12
    endloop
  endfacet
  facet normal 0 -1 0
    outer loop
      vertex 72 -4 12
      vertex 76 -4 27.98
      vertex 72 -4 27.98
    endloop
  endfacet
  facet normal 0 -1 -0
    outer loop
      vertex 76 -4 27.98
      vertex 72 -4 12
      vertex 76 -4 12
    endloop
  endfacet
  facet normal 0 -1 0
    outer loop
      vertex 90 -4 12
      vertex 94 -4 27.98
      vertex 90 -4 27.98
    endloop
  endfacet
  facet normal 0 -1 -0
    outer loop
      vertex 94 -4 27.98
      vertex 90 -4 12
      vertex 94 -4 12
    endloop
  endfacet
  facet normal 0 -1 0
    outer loop
      vertex -68 -4 12
      vertex -61.4 -4 9
      vertex -54 -4 12
    endloop
  endfacet
  facet normal 0 -1 0
    outer loop
      vertex -43.4 -4 9
      vertex -50 -4 12
      vertex -46.6 -4 9
    endloop
  endfacet
  facet normal 0 -1 0
    outer loop
      vertex -43.4 -4 3
      vertex -36 -4 12
      vertex -43.4 -4 9
    endloop
  endfacet
  facet normal 0 -1 0
    outer loop
      vertex -32 -4 12
      vertex -25.4 -4 9
      vertex -18 -4 12
    endloop
  endfacet
  facet normal 0 -1 0
    outer loop
      vertex 72 -4 12
      vertex 79.4 -4 9
      vertex 76 -4 12
    endloop
  endfacet
  facet normal 0 -1 0
    outer loop
      vertex 82.6 -4 9
      vertex 76 -4 12
      vertex 79.4 -4 9
    endloop
  endfacet
  facet normal 0 -1 0
    outer loop
      vertex 76 -4 12
      vertex 82.6 -4 9
      vertex 90 -4 12
    endloop
  endfacet
  facet normal 0 -1 0
    outer loop
      vertex 82.6 -4 3
      vertex 90 -4 12
      vertex 82.6 -4 9
    endloop
  endfacet
  facet normal 0 -1 0
    outer loop
      vertex 98 -4 0
      vertex 90 -4 12
      vertex 82.6 -4 3
    endloop
  endfacet
  facet normal -0 -1 0
    outer loop
      vertex 100 -4 2
      vertex 94 -4 12
      vertex 98 -4 0
    endloop
  endfacet
  facet normal 0 -1 0
    outer loop
      vertex 94 -4 12
      vertex 100 -4 10
      vertex 98 -4 12
    endloop
  endfacet
  facet normal 0 -1 0
    outer loop
      vertex 98 -4 12
      vertex 100 -4 10
      vertex 98.3129 -4 11.9754
    endloop
  endfacet
  facet normal 0 -1 0
    outer loop
      vertex 98.3129 -4 11.9754
      vertex 100 -4 10
      vertex 98.618 -4 11.9021
    endloop
  endfacet
  facet normal 0 -1 0
    outer loop
      vertex 98.908 -4 11.782
      vertex 100 -4 10
      vertex 99.1756 -4 11.618
    endloop
  endfacet
  facet normal 0 -1 0
    outer loop
      vertex 99.1756 -4 11.618
      vertex 100 -4 10
      vertex 99.4142 -4 11.4142
    endloop
  endfacet
  facet normal 0 -1 0
    outer loop
      vertex 99.4142 -4 11.4142
      vertex 100 -4 10
      vertex 99.618 -4 11.1756
    endloop
  endfacet
  facet normal 0 -1 0
    outer loop
      vertex 99.618 -4 11.1756
      vertex 100 -4 10
      vertex 99.782 -4 10.908
    endloop
  endfacet
  facet normal 0 -1 0
    outer loop
      vertex 99.782 -4 10.908
      vertex 100 -4 10
      vertex 99.9021 -4 10.618
    endloop
  endfacet
  facet normal 0 -1 0
    outer loop
      vertex 99.9021 -4 10.618
      vertex 100 -4 10
      vertex 99.9754 -4 10.3129
    endloop
  endfacet
  facet normal 0 -1 0
    outer loop
      vertex 90 -4 12
      vertex 98 -4 0
      vertex 94 -4 12
    endloop
  endfacet
  facet normal 0 -1 0
    outer loop
      vertex 98.618 -4 11.9021
      vertex 100 -4 10
      vertex 98.908 -4 11.782
    endloop
  endfacet
  facet normal 0 -1 0
    outer loop
      vertex 64.6 -4 3
      vertex 98 -4 0
      vertex 79.4 -4 3
    endloop
  endfacet
  facet normal 0 -1 0
    outer loop
      vertex -98 -4 0
      vertex -100 -4 2
      vertex -99.9754 -4 1.68713
    endloop
  endfacet
  facet normal 0 -1 0
    outer loop
      vertex 79.4 -4 3
      vertex 98 -4 0
      vertex 82.6 -4 3
    endloop
  endfacet
  facet normal 0 -1 0
    outer loop
      vertex -98 -4 0
      vertex -99.9754 -4 1.68713
      vertex -99.9021 -4 1.38197
    endloop
  endfacet
  facet normal 0 -1 0
    outer loop
      vertex 94 -4 12
      vertex 100 -4 2
      vertex 100 -4 10
    endloop
  endfacet
  facet normal 0 -1 0
    outer loop
      vertex -98 -4 0
      vertex -99.9021 -4 1.38197
      vertex -99.782 -4 1.09203
    endloop
  endfacet
  facet normal 0 -1 0
    outer loop
      vertex 100 -4 2
      vertex 98 -4 0
      vertex 99.9754 -4 1.68713
    endloop
  endfacet
  facet normal 0 -1 0
    outer loop
      vertex -98 -4 0
      vertex -99.782 -4 1.09203
      vertex -99.618 -4 0.824432
    endloop
  endfacet
  facet normal 0 -1 0
    outer loop
      vertex 99.9754 -4 1.68713
      vertex 98 -4 0
      vertex 99.9021 -4 1.38197
    endloop
  endfacet
  facet normal 0 -1 0
    outer loop
      vertex -98 -4 0
      vertex -99.618 -4 0.824432
      vertex -99.4142 -4 0.585785
    endloop
  endfacet
  facet normal 0 -1 0
    outer loop
      vertex 99.9021 -4 1.38197
      vertex 98 -4 0
      vertex 99.782 -4 1.09203
    endloop
  endfacet
  facet normal 0 -1 0
    outer loop
      vertex -98 -4 0
      vertex -99.4142 -4 0.585785
      vertex -99.1756 -4 0.381973
    endloop
  endfacet
  facet normal 0 -1 0
    outer loop
      vertex 99.782 -4 1.09203
      vertex 98 -4 0
      vertex 99.618 -4 0.824432
    endloop
  endfacet
  facet normal 0 -1 0
    outer loop
      vertex -98 -4 0
      vertex -99.1756 -4 0.381973
      vertex -98.908 -4 0.217987
    endloop
  endfacet
  facet normal 0 -1 0
    outer loop
      vertex 99.618 -4 0.824432
      vertex 98 -4 0
      vertex 99.4142 -4 0.585785
    endloop
  endfacet
  facet normal 0 -1 0
    outer loop
      vertex -98 -4 0
      vertex -98.908 -4 0.217987
      vertex -98.618 -4 0.0978851
    endloop
  endfacet
  facet normal 0 -1 0
    outer loop
      vertex 99.4142 -4 0.585785
      vertex 98 -4 0
      vertex 99.1756 -4 0.381973
    endloop
  endfacet
  facet normal 0 -1 0
    outer loop
      vertex -98 -4 0
      vertex -98.618 -4 0.0978851
      vertex -98.3129 -4 0.0246277
    endloop
  endfacet
  facet normal 0 -1 0
    outer loop
      vertex 99.1756 -4 0.381973
      vertex 98 -4 0
      vertex 98.908 -4 0.217987
    endloop
  endfacet
  facet normal 0 -1 0
    outer loop
      vertex 98.908 -4 0.217987
      vertex 98 -4 0
      vertex 98.618 -4 0.0978851
    endloop
  endfacet
  facet normal 0 -1 0
    outer loop
      vertex 98.618 -4 0.0978851
      vertex 98 -4 0
      vertex 98.3129 -4 0.0246277
    endloop
  endfacet
  facet normal 1 -0 0
    outer loop
      vertex -68 -4 27.98
      vertex -68 4 12
      vertex -68 4 27.98
    endloop
  endfacet
  facet normal 1 0 0
    outer loop
      vertex -68 4 12
      vertex -68 -4 27.98
      vertex -68 -4 12
    endloop
  endfacet
  facet normal -0 0 1
    outer loop
      vertex -72 4 27.98
      vertex -68 -4 27.98
      vertex -68 4 27.98
    endloop
  endfacet
  facet normal 0 0 1
    outer loop
      vertex -68 -4 27.98
      vertex -72 4 27.98
      vertex -72 -4 27.98
    endloop
  endfacet
  facet normal -1 0 0
    outer loop
      vertex -72 -4 12
      vertex -72 4 27.98
      vertex -72 4 12
    endloop
  endfacet
  facet normal -1 -0 0
    outer loop
      vertex -72 4 27.98
      vertex -72 -4 12
      vertex -72 -4 27.98
    endloop
  endfacet
  facet normal 1 -0 0
    outer loop
      vertex -50 -4 27.98
      vertex -50 4 12
      vertex -50 4 27.98
    endloop
  endfacet
  facet normal 1 0 0
    outer loop
      vertex -50 4 12
      vertex -50 -4 27.98
      vertex -50 -4 12
    endloop
  endfacet
  facet normal -0 0 1
    outer loop
      vertex -54 4 27.98
      vertex -50 -4 27.98
      vertex -50 4 27.98
    endloop
  endfacet
  facet normal 0 0 1
    outer loop
      vertex -50 -4 27.98
      vertex -54 4 27.98
      vertex -54 -4 27.98
    endloop
  endfacet
  facet normal -1 0 0
    outer loop
      vertex -54 -4 12
      vertex -54 4 27.98
      vertex -54 4 12
    endloop
  endfacet
  facet normal -1 -0 0
    outer loop
      vertex -54 4 27.98
      vertex -54 -4 12
      vertex -54 -4 27.98
    endloop
  endfacet
  facet normal 1 -0 0
    outer loop
      vertex -32 -4 27.98
      vertex -32 4 12
      vertex -32 4 27.98
    endloop
  endfacet
  facet normal 1 0 0
    outer loop
      vertex -32 4 12
      vertex -32 -4 27.98
      vertex -32 -4 12
    endloop
  endfacet
  facet normal -0 0 1
    outer loop
      vertex -36 4 27.98
      vertex -32 -4 27.98
      vertex -32 4 27.98
    endloop
  endfacet
  facet normal 0 0 1
    outer loop
      vertex -32 -4 27.98
      vertex -36 4 27.98
      vertex -36 -4 27.98
    endloop
  endfacet
  facet normal -1 0 0
    outer loop
      vertex -36 -4 12
      vertex -36 4 27.98
      vertex -36 4 12
    endloop
  endfacet
  facet normal -1 -0 0
    outer loop
      vertex -36 4 27.98
      vertex -36 -4 12
      vertex -36 -4 27.98
    endloop
  endfacet
  facet normal 1 -0 0
    outer loop
      vertex -14 -4 27.98
      vertex -14 4 12
      vertex -14 4 27.98
    endloop
  endfacet
  facet normal 1 0 0
    outer loop
      vertex -14 4 12
      vertex -14 -4 27.98
      vertex -14 -4 12
    endloop
  endfacet
  facet normal -0 0 1
    outer loop
      vertex -18 4 27.98
      vertex -14 -4 27.98
      vertex -14 4 27.98
    endloop
  endfacet
  facet normal 0 0 1
    outer loop
      vertex -14 -4 27.98
      vertex -18 4 27.98
      vertex -18 -4 27.98
    endloop
  endfacet
  facet normal -1 0 0
    outer loop
      vertex -18 -4 12
      vertex -18 4 27.98
      vertex -18 4 12
    endloop
  endfacet
  facet normal -1 -0 0
    outer loop
      vertex -18 4 27.98
      vertex -18 -4 12
      vertex -18 -4 27.98
    endloop
  endfacet
  facet normal 1 -0 0
    outer loop
      vertex 4 -4 27.98
      vertex 4 4 12
      vertex 4 4 27.98
    endloop
  endfacet
  facet normal 1 0 0
    outer loop
      vertex 4 4 12
      vertex 4 -4 27.98
      vertex 4 -4 12
    endloop
  endfacet
  facet normal -0 0 1
    outer loop
      vertex 0 4 27.98
      vertex 4 -4 27.98
      vertex 4 4 27.98
    endloop
  endfacet
  facet normal 0 0 1
    outer loop
      vertex 4 -4 27.98
      vertex 0 4 27.98
      vertex 0 -4 27.98
    endloop
  endfacet
  facet normal -1 0 0
    outer loop
      vertex 0 -4 12
      vertex 0 4 27.98
      vertex 0 4 12
    endloop
  endfacet
  facet normal -1 -0 0
    outer loop
      vertex 0 4 27.98
      vertex 0 -4 12
      vertex 0 -4 27.98
    endloop
  endfacet
  facet normal 1 -0 0
    outer loop
      vertex 22 -4 27.98
      vertex 22 4 12
      vertex 22 4 27.98
    endloop
  endfacet
  facet normal 1 0 0
    outer loop
      vertex 22 4 12
      vertex 22 -4 27.98
      vertex 22 -4 12
    endloop
  endfacet
  facet normal -0 0 1
    outer loop
      vertex 18 4 27.98
      vertex 22 -4 27.98
      vertex 22 4 27.98
    endloop
  endfacet
  facet normal 0 0 1
    outer loop
      vertex 22 -4 27.98
      vertex 18 4 27.98
      vertex 18 -4 27.98
    endloop
  endfacet
  facet normal -1 0 0
    outer loop
      vertex 18 -4 12
      vertex 18 4 27.98
      vertex 18 4 12
    endloop
  endfacet
  facet normal -1 -0 0
    outer loop
      vertex 18 4 27.98
      vertex 18 -4 12
      vertex 18 -4 27.98
    endloop
  endfacet
  facet normal 1 -0 0
    outer loop
      vertex 40 -4 27.98
      vertex 40 4 12
      vertex 40 4 27.98
    endloop
  endfacet
  facet normal 1 0 0
    outer loop
      vertex 40 4 12
      vertex 40 -4 27.98
      vertex 40 -4 12
    endloop
  endfacet
  facet normal -0 0 1
    outer loop
      vertex 36 4 27.98
      vertex 40 -4 27.98
      vertex 40 4 27.98
    endloop
  endfacet
  facet normal 0 0 1
    outer loop
      vertex 40 -4 27.98
      vertex 36 4 27.98
      vertex 36 -4 27.98
    endloop
  endfacet
  facet normal -1 0 0
    outer loop
      vertex 36 -4 12
      vertex 36 4 27.98
      vertex 36 4 12
    endloop
  endfacet
  facet normal -1 -0 0
    outer loop
      vertex 36 4 27.98
      vertex 36 -4 12
      vertex 36 -4 27.98
    endloop
  endfacet
  facet normal 1 -0 0
    outer loop
      vertex 58 -4 27.98
      vertex 58 4 12
      vertex 58 4 27.98
    endloop
  endfacet
  facet normal 1 0 0
    outer loop
      vertex 58 4 12
      vertex 58 -4 27.98
      vertex 58 -4 12
    endloop
  endfacet
  facet normal -0 0 1
    outer loop
      vertex 54 4 27.98
      vertex 58 -4 27.98
      vertex 58 4 27.98
    endloop
  endfacet
  facet normal 0 0 1
    outer loop
      vertex 58 -4 27.98
      vertex 54 4 27.98
      vertex 54 -4 27.98
    endloop
  endfacet
  facet normal -1 0 0
    outer loop
      vertex 54 -4 12
      vertex 54 4 27.98
      vertex 54 4 12
    endloop
  endfacet
  facet normal -1 -0 0
    outer loop
      vertex 54 4 27.98
      vertex 54 -4 12
      vertex 54 -4 27.98
    endloop
  endfacet
  facet normal 1 -0 0
    outer loop
      vertex 76 -4 27.98
      vertex 76 4 12
      vertex 76 4 27.98
    endloop
  endfacet
  facet normal 1 0 0
    outer loop
      vertex 76 4 12
      vertex 76 -4 27.98
      vertex 76 -4 12
    endloop
  endfacet
  facet normal -0 0 1
    outer loop
      vertex 72 4 27.98
      vertex 76 -4 27.98
      vertex 76 4 27.98
    endloop
  endfacet
  facet normal 0 0 1
    outer loop
      vertex 76 -4 27.98
      vertex 72 4 27.98
      vertex 72 -4 27.98
    endloop
  endfacet
  facet normal -1 0 0
    outer loop
      vertex 72 -4 12
      vertex 72 4 27.98
      vertex 72 4 12
    endloop
  endfacet
  facet normal -1 -0 0
    outer loop
      vertex 72 4 27.98
      vertex 72 -4 12
      vertex 72 -4 27.98
    endloop
  endfacet
  facet normal 1 0 0
    outer loop
      vertex 94 4 27.98
      vertex 94 0.637348 13
      vertex 94 4 12
    endloop
  endfacet
  facet normal 1 0 0
    outer loop
      vertex 94 4 27.98
      vertex 94 -0.637348 13
      vertex 94 0.637348 13
    endloop
  endfacet
  facet normal 1 -0 0
    outer loop
      vertex 94 -4 27.98
      vertex 94 -0.637348 13
      vertex 94 4 27.98
    endloop
  endfacet
  facet normal 1 0 0
    outer loop
      vertex 94 -4 12
      vertex 94 -0.637348 13
      vertex 94 -4 27.98
    endloop
  endfacet
  facet normal 1 0 0
    outer loop
      vertex 94 -0.637348 13
      vertex 94 -4 12
      vertex 94 -0.637348 12
    endloop
  endfacet
  facet normal 1 0 0
    outer loop
      vertex 94 4 12
      vertex 94 0.637348 13
      vertex 94 0.637348 12
    endloop
  endfacet
  facet normal -0 0 1
    outer loop
      vertex 90 4 27.98
      vertex 94 -4 27.98
      vertex 94 4 27.98
    endloop
  endfacet
  facet normal 0 0 1
    outer loop
      vertex 94 -4 27.98
      vertex 90 4 27.98
      vertex 90 -4 27.98
    endloop
  endfacet
  facet normal -1 0 0
    outer loop
      vertex 90 -0.637352 12
      vertex 90 -4 12
      vertex 90 -0.637352 13
    endloop
  endfacet
  facet normal -1 0 0
    outer loop
      vertex 90 0.637352 13
      vertex 90 4 12
      vertex 90 0.637352 12
    endloop
  endfacet
  facet normal -1 0 0
    outer loop
      vertex 90 4 12
      vertex 90 0.637352 13
      vertex 90 4 27.98
    endloop
  endfacet
  facet normal -1 0 0
    outer loop
      vertex 90 -0.637352 13
      vertex 90 4 27.98
      vertex 90 0.637352 13
    endloop
  endfacet
  facet normal -1 0 0
    outer loop
      vertex 90 -4 27.98
      vertex 90 -0.637352 13
      vertex 90 -4 12
    endloop
  endfacet
  facet normal -1 0 0
    outer loop
      vertex 90 -0.637352 13
      vertex 90 -4 27.98
      vertex 90 4 27.98
    endloop
  endfacet
  facet normal 0.996924 -0 0.0783775
    outer loop
      vertex 99.9754 -4 10.3129
      vertex 100 4 10
      vertex 99.9754 4 10.3129
    endloop
  endfacet
  facet normal 0.996924 0 0.0783775
    outer loop
      vertex 100 4 10
      vertex 99.9754 -4 10.3129
      vertex 100 -4 10
    endloop
  endfacet
  facet normal 0.382629 0 -0.923902
    outer loop
      vertex 98.618 -4 0.0978851
      vertex 98.908 4 0.217987
      vertex 98.908 -4 0.217987
    endloop
  endfacet
  facet normal 0.382629 0 -0.923902
    outer loop
      vertex 98.908 4 0.217987
      vertex 98.618 -4 0.0978851
      vertex 98.618 4 0.0978851
    endloop
  endfacet
  facet normal 0.233474 0 -0.972363
    outer loop
      vertex 98.3129 -4 0.0246277
      vertex 98.618 4 0.0978851
      vertex 98.618 -4 0.0978851
    endloop
  endfacet
  facet normal 0.233474 0 -0.972363
    outer loop
      vertex 98.618 4 0.0978851
      vertex 98.3129 -4 0.0246277
      vertex 98.3129 4 0.0246277
    endloop
  endfacet
  facet normal 0.0784652 0 -0.996917
    outer loop
      vertex 98 -4 0
      vertex 98.3129 4 0.0246277
      vertex 98.3129 -4 0.0246277
    endloop
  endfacet
  facet normal 0.0784652 0 -0.996917
    outer loop
      vertex 98.3129 4 0.0246277
      vertex 98 -4 0
      vertex 98 4 0
    endloop
  endfacet
  facet normal 0 0 -1
    outer loop
      vertex 98 -4 0
      vertex 94.1 0 0
      vertex 98 4 0
    endloop
  endfacet
  facet normal 0 0 -1
    outer loop
      vertex 98 -4 0
      vertex 94.0741 -0.328512 0
      vertex 94.1 0 0
    endloop
  endfacet
  facet normal 0 0 -1
    outer loop
      vertex 98 -4 0
      vertex 93.9972 -0.648935 0
      vertex 94.0741 -0.328512 0
    endloop
  endfacet
  facet normal 0 0 -1
    outer loop
      vertex 98 -4 0
      vertex 93.8711 -0.95338 0
      vertex 93.9972 -0.648935 0
    endloop
  endfacet
  facet normal 0 0 -1
    outer loop
      vertex 98 -4 0
      vertex 93.6989 -1.23435 0
      vertex 93.8711 -0.95338 0
    endloop
  endfacet
  facet normal 0 0 -1
    outer loop
      vertex 98 -4 0
      vertex 93.4849 -1.48492 0
      vertex 93.6989 -1.23435 0
    endloop
  endfacet
  facet normal 0 0 -1
    outer loop
      vertex 98 -4 0
      vertex 93.2343 -1.69894 0
      vertex 93.4849 -1.48492 0
    endloop
  endfacet
  facet normal 0 0 -1
    outer loop
      vertex 98 -4 0
      vertex 92.9534 -1.87111 0
      vertex 93.2343 -1.69894 0
    endloop
  endfacet
  facet normal 0 0 -1
    outer loop
      vertex 98 -4 0
      vertex 92.6489 -1.99722 0
      vertex 92.9534 -1.87111 0
    endloop
  endfacet
  facet normal 0 0 -1
    outer loop
      vertex 98 -4 0
      vertex 92.3285 -2.07415 0
      vertex 92.6489 -1.99722 0
    endloop
  endfacet
  facet normal 0 0 -1
    outer loop
      vertex 98 -4 0
      vertex 92 -2.1 0
      vertex 92.3285 -2.07415 0
    endloop
  endfacet
  facet normal 0 0 -1
    outer loop
      vertex 98 -4 0
      vertex 91.6715 -2.07415 0
      vertex 92 -2.1 0
    endloop
  endfacet
  facet normal 0 0 -1
    outer loop
      vertex 98 -4 0
      vertex 91.3511 -1.99722 0
      vertex 91.6715 -2.07415 0
    endloop
  endfacet
  facet normal 0 0 -1
    outer loop
      vertex 89.9259 -0.328512 0
      vertex -89.9 0 0
      vertex 89.9 0 0
    endloop
  endfacet
  facet normal 0 0 -1
    outer loop
      vertex -89.9259 -0.328512 0
      vertex 89.9259 -0.328512 0
      vertex 90.0028 -0.648935 0
    endloop
  endfacet
  facet normal 0 0 -1
    outer loop
      vertex -90.0028 -0.648935 0
      vertex 90.0028 -0.648935 0
      vertex 90.1289 -0.95338 0
    endloop
  endfacet
  facet normal 0 0 -1
    outer loop
      vertex -90.1289 -0.95338 0
      vertex 90.1289 -0.95338 0
      vertex 90.3011 -1.23435 0
    endloop
  endfacet
  facet normal 0 0 -1
    outer loop
      vertex -90.3011 -1.23435 0
      vertex 90.3011 -1.23435 0
      vertex 90.5151 -1.48492 0
    endloop
  endfacet
  facet normal 0 0 -1
    outer loop
      vertex -90.5151 -1.48492 0
      vertex 90.5151 -1.48492 0
      vertex 90.7656 -1.69894 0
    endloop
  endfacet
  facet normal 0 0 -1
    outer loop
      vertex -90.7656 -1.69894 0
      vertex 90.7656 -1.69894 0
      vertex 91.0466 -1.87111 0
    endloop
  endfacet
  facet normal 0 0 -1
    outer loop
      vertex -91.0466 -1.87111 0
      vertex 91.0466 -1.87111 0
      vertex 91.3511 -1.99722 0
    endloop
  endfacet
  facet normal 0 0 -1
    outer loop
      vertex -91.3511 -1.99722 0
      vertex 91.3511 -1.99722 0
      vertex 98 -4 0
    endloop
  endfacet
  facet normal 0 0 -1
    outer loop
      vertex 89.9259 -0.328512 0
      vertex -89.9259 -0.328512 0
      vertex -89.9 0 0
    endloop
  endfacet
  facet normal 0 0 -1
    outer loop
      vertex 90.0028 -0.648935 0
      vertex -90.0028 -0.648935 0
      vertex -89.9259 -0.328512 0
    endloop
  endfacet
  facet normal 0 0 -1
    outer loop
      vertex 90.1289 -0.95338 0
      vertex -90.1289 -0.95338 0
      vertex -90.0028 -0.648935 0
    endloop
  endfacet
  facet normal 0 0 -1
    outer loop
      vertex 90.3011 -1.23435 0
      vertex -90.3011 -1.23435 0
      vertex -90.1289 -0.95338 0
    endloop
  endfacet
  facet normal 0 0 -1
    outer loop
      vertex 90.5151 -1.48492 0
      vertex -90.5151 -1.48492 0
      vertex -90.3011 -1.23435 0
    endloop
  endfacet
  facet normal 0 0 -1
    outer loop
      vertex 90.7656 -1.69894 0
      vertex -90.7656 -1.69894 0
      vertex -90.5151 -1.48492 0
    endloop
  endfacet
  facet normal 0 0 -1
    outer loop
      vertex 91.0466 -1.87111 0
      vertex -91.0466 -1.87111 0
      vertex -90.7656 -1.69894 0
    endloop
  endfacet
  facet normal 0 0 -1
    outer loop
      vertex 91.3511 -1.99722 0
      vertex -91.3511 -1.99722 0
      vertex -91.0466 -1.87111 0
    endloop
  endfacet
  facet normal 0 0 -1
    outer loop
      vertex -98 -4 0
      vertex -91.3511 -1.99722 0
      vertex 98 -4 0
    endloop
  endfacet
  facet normal 0 0 -1
    outer loop
      vertex -91.3511 -1.99722 0
      vertex -98 -4 0
      vertex -91.6715 -2.07415 0
    endloop
  endfacet
  facet normal -0 0 -1
    outer loop
      vertex -94.0741 -0.328512 0
      vertex -98 -4 0
      vertex -94.1 0 0
    endloop
  endfacet
  facet normal -0 0 -1
    outer loop
      vertex -93.9972 -0.648935 0
      vertex -98 -4 0
      vertex -94.0741 -0.328512 0
    endloop
  endfacet
  facet normal -0 0 -1
    outer loop
      vertex -93.8711 -0.95338 0
      vertex -98 -4 0
      vertex -93.9972 -0.648935 0
    endloop
  endfacet
  facet normal -0 0 -1
    outer loop
      vertex -93.6989 -1.23435 0
      vertex -98 -4 0
      vertex -93.8711 -0.95338 0
    endloop
  endfacet
  facet normal -0 0 -1
    outer loop
      vertex -93.4849 -1.48492 0
      vertex -98 -4 0
      vertex -93.6989 -1.23435 0
    endloop
  endfacet
  facet normal -0 0 -1
    outer loop
      vertex -93.2343 -1.69894 0
      vertex -98 -4 0
      vertex -93.4849 -1.48492 0
    endloop
  endfacet
  facet normal -0 0 -1
    outer loop
      vertex -92.9534 -1.87111 0
      vertex -98 -4 0
      vertex -93.2343 -1.69894 0
    endloop
  endfacet
  facet normal -0 0 -1
    outer loop
      vertex -92.6489 -1.99722 0
      vertex -98 -4 0
      vertex -92.9534 -1.87111 0
    endloop
  endfacet
  facet normal -0 0 -1
    outer loop
      vertex -92.3285 -2.07415 0
      vertex -98 -4 0
      vertex -92.6489 -1.99722 0
    endloop
  endfacet
  facet normal -0 0 -1
    outer loop
      vertex -92 -2.1 0
      vertex -98 -4 0
      vertex -92.3285 -2.07415 0
    endloop
  endfacet
  facet normal 0 0 -1
    outer loop
      vertex -91.6715 -2.07415 0
      vertex -98 -4 0
      vertex -92 -2.1 0
    endloop
  endfacet
  facet normal 0 0 -1
    outer loop
      vertex 94.0741 0.328512 0
      vertex 98 4 0
      vertex 94.1 0 0
    endloop
  endfacet
  facet normal 0 0 -1
    outer loop
      vertex 93.9972 0.648935 0
      vertex 98 4 0
      vertex 94.0741 0.328512 0
    endloop
  endfacet
  facet normal 0 0 -1
    outer loop
      vertex 93.8711 0.95338 0
      vertex 98 4 0
      vertex 93.9972 0.648935 0
    endloop
  endfacet
  facet normal 0 0 -1
    outer loop
      vertex 93.6989 1.23435 0
      vertex 98 4 0
      vertex 93.8711 0.95338 0
    endloop
  endfacet
  facet normal 0 0 -1
    outer loop
      vertex 93.4849 1.48492 0
      vertex 98 4 0
      vertex 93.6989 1.23435 0
    endloop
  endfacet
  facet normal 0 0 -1
    outer loop
      vertex 93.2343 1.69894 0
      vertex 98 4 0
      vertex 93.4849 1.48492 0
    endloop
  endfacet
  facet normal 0 0 -1
    outer loop
      vertex 92.9534 1.87111 0
      vertex 98 4 0
      vertex 93.2343 1.69894 0
    endloop
  endfacet
  facet normal 0 0 -1
    outer loop
      vertex 92.6489 1.99722 0
      vertex 98 4 0
      vertex 92.9534 1.87111 0
    endloop
  endfacet
  facet normal 0 0 -1
    outer loop
      vertex 92.3285 2.07415 0
      vertex 98 4 0
      vertex 92.6489 1.99722 0
    endloop
  endfacet
  facet normal 0 0 -1
    outer loop
      vertex 92 2.1 0
      vertex 98 4 0
      vertex 92.3285 2.07415 0
    endloop
  endfacet
  facet normal 0 0 -1
    outer loop
      vertex 91.6715 2.07415 0
      vertex 98 4 0
      vertex 92 2.1 0
    endloop
  endfacet
  facet normal 0 0 -1
    outer loop
      vertex 91.3511 1.99722 0
      vertex 98 4 0
      vertex 91.6715 2.07415 0
    endloop
  endfacet
  facet normal 0 0 -1
    outer loop
      vertex -89.9 0 0
      vertex 89.9259 0.328512 0
      vertex 89.9 0 0
    endloop
  endfacet
  facet normal 0 0 -1
    outer loop
      vertex -89.9259 0.328512 0
      vertex 89.9259 0.328512 0
      vertex -89.9 0 0
    endloop
  endfacet
  facet normal 0 0 -1
    outer loop
      vertex 89.9259 0.328512 0
      vertex -89.9259 0.328512 0
      vertex 90.0028 0.648935 0
    endloop
  endfacet
  facet normal 0 0 -1
    outer loop
      vertex -90.0028 0.648935 0
      vertex 90.0028 0.648935 0
      vertex -89.9259 0.328512 0
    endloop
  endfacet
  facet normal 0 0 -1
    outer loop
      vertex 90.0028 0.648935 0
      vertex -90.0028 0.648935 0
      vertex 90.1289 0.95338 0
    endloop
  endfacet
  facet normal 0 0 -1
    outer loop
      vertex -90.1289 0.95338 0
      vertex 90.1289 0.95338 0
      vertex -90.0028 0.648935 0
    endloop
  endfacet
  facet normal 0 0 -1
    outer loop
      vertex 90.1289 0.95338 0
      vertex -90.1289 0.95338 0
      vertex 90.3011 1.23435 0
    endloop
  endfacet
  facet normal 0 0 -1
    outer loop
      vertex -90.3011 1.23435 0
      vertex 90.3011 1.23435 0
      vertex -90.1289 0.95338 0
    endloop
  endfacet
  facet normal 0 0 -1
    outer loop
      vertex 90.3011 1.23435 0
      vertex -90.3011 1.23435 0
      vertex 90.5151 1.48492 0
    endloop
  endfacet
  facet normal 0 0 -1
    outer loop
      vertex -90.5151 1.48492 0
      vertex 90.5151 1.48492 0
      vertex -90.3011 1.23435 0
    endloop
  endfacet
  facet normal 0 0 -1
    outer loop
      vertex 90.5151 1.48492 0
      vertex -90.5151 1.48492 0
      vertex 90.7656 1.69894 0
    endloop
  endfacet
  facet normal 0 0 -1
    outer loop
      vertex -90.7656 1.69894 0
      vertex 90.7656 1.69894 0
      vertex -90.5151 1.48492 0
    endloop
  endfacet
  facet normal 0 0 -1
    outer loop
      vertex 90.7656 1.69894 0
      vertex -90.7656 1.69894 0
      vertex 91.0466 1.87111 0
    endloop
  endfacet
  facet normal 0 0 -1
    outer loop
      vertex -91.0466 1.87111 0
      vertex 91.0466 1.87111 0
      vertex -90.7656 1.69894 0
    endloop
  endfacet
  facet normal 0 0 -1
    outer loop
      vertex 91.0466 1.87111 0
      vertex -91.0466 1.87111 0
      vertex 91.3511 1.99722 0
    endloop
  endfacet
  facet normal 0 0 -1
    outer loop
      vertex -91.3511 1.99722 0
      vertex 91.3511 1.99722 0
      vertex -91.0466 1.87111 0
    endloop
  endfacet
  facet normal 0 0 -1
    outer loop
      vertex 91.3511 1.99722 0
      vertex -91.3511 1.99722 0
      vertex 98 4 0
    endloop
  endfacet
  facet normal 0 0 -1
    outer loop
      vertex -98 4 0
      vertex -91.3511 1.99722 0
      vertex -91.6715 2.07415 0
    endloop
  endfacet
  facet normal 0 0 -1
    outer loop
      vertex -98 4 0
      vertex -91.6715 2.07415 0
      vertex -92 2.1 0
    endloop
  endfacet
  facet normal 0 0 -1
    outer loop
      vertex -98 4 0
      vertex -94.1 0 0
      vertex -98 -4 0
    endloop
  endfacet
  facet normal 0 0 -1
    outer loop
      vertex -94.1 0 0
      vertex -98 4 0
      vertex -94.0741 0.328512 0
    endloop
  endfacet
  facet normal 0 0 -1
    outer loop
      vertex -94.0741 0.328512 0
      vertex -98 4 0
      vertex -93.9972 0.648935 0
    endloop
  endfacet
  facet normal 0 0 -1
    outer loop
      vertex -93.9972 0.648935 0
      vertex -98 4 0
      vertex -93.8711 0.95338 0
    endloop
  endfacet
  facet normal 0 0 -1
    outer loop
      vertex -91.3511 1.99722 0
      vertex -98 4 0
      vertex 98 4 0
    endloop
  endfacet
  facet normal 0 0 -1
    outer loop
      vertex -92.3285 2.07415 0
      vertex -98 4 0
      vertex -92 2.1 0
    endloop
  endfacet
  facet normal 0 0 -1
    outer loop
      vertex -92.6489 1.99722 0
      vertex -98 4 0
      vertex -92.3285 2.07415 0
    endloop
  endfacet
  facet normal 0 0 -1
    outer loop
      vertex -92.9534 1.87111 0
      vertex -98 4 0
      vertex -92.6489 1.99722 0
    endloop
  endfacet
  facet normal 0 0 -1
    outer loop
      vertex -93.2343 1.69894 0
      vertex -98 4 0
      vertex -92.9534 1.87111 0
    endloop
  endfacet
  facet normal 0 0 -1
    outer loop
      vertex -93.4849 1.48492 0
      vertex -98 4 0
      vertex -93.2343 1.69894 0
    endloop
  endfacet
  facet normal 0 0 -1
    outer loop
      vertex -93.6989 1.23435 0
      vertex -98 4 0
      vertex -93.4849 1.48492 0
    endloop
  endfacet
  facet normal 0 0 -1
    outer loop
      vertex -93.8711 0.95338 0
      vertex -98 4 0
      vertex -93.6989 1.23435 0
    endloop
  endfacet
  facet normal 0.233602 0 0.972332
    outer loop
      vertex 98.3129 4 11.9754
      vertex 98.618 -4 11.9021
      vertex 98.618 4 11.9021
    endloop
  endfacet
  facet normal 0.233602 0 0.972332
    outer loop
      vertex 98.618 -4 11.9021
      vertex 98.3129 4 11.9754
      vertex 98.3129 -4 11.9754
    endloop
  endfacet
  facet normal 0.996923 0 -0.078385
    outer loop
      vertex 100 -4 2
      vertex 99.9754 4 1.68713
      vertex 100 4 2
    endloop
  endfacet
  facet normal 0.996923 0 -0.078385
    outer loop
      vertex 99.9754 4 1.68713
      vertex 100 -4 2
      vertex 99.9754 -4 1.68713
    endloop
  endfacet
  facet normal 0 0 1
    outer loop
      vertex -90 4 12
      vertex -90.0028 0.648935 12
      vertex -90 0.637352 12
    endloop
  endfacet
  facet normal 0 0 1
    outer loop
      vertex -90 4 12
      vertex -90.1289 0.95338 12
      vertex -90.0028 0.648935 12
    endloop
  endfacet
  facet normal 0 0 1
    outer loop
      vertex -90 4 12
      vertex -90.3011 1.23435 12
      vertex -90.1289 0.95338 12
    endloop
  endfacet
  facet normal 0 0 1
    outer loop
      vertex -90 4 12
      vertex -90.5151 1.48492 12
      vertex -90.3011 1.23435 12
    endloop
  endfacet
  facet normal 0 0 1
    outer loop
      vertex -90 4 12
      vertex -90.7656 1.69894 12
      vertex -90.5151 1.48492 12
    endloop
  endfacet
  facet normal 0 0 1
    outer loop
      vertex -90 4 12
      vertex -91.0466 1.87111 12
      vertex -90.7656 1.69894 12
    endloop
  endfacet
  facet normal 0 0 1
    outer loop
      vertex -90 4 12
      vertex -91.3511 1.99722 12
      vertex -91.0466 1.87111 12
    endloop
  endfacet
  facet normal 0 0 1
    outer loop
      vertex -90 4 12
      vertex -91.6715 2.07415 12
      vertex -91.3511 1.99722 12
    endloop
  endfacet
  facet normal 0 0 1
    outer loop
      vertex -90 4 12
      vertex -92 2.1 12
      vertex -91.6715 2.07415 12
    endloop
  endfacet
  facet normal 0 0 1
    outer loop
      vertex -90 4 12
      vertex -92.3285 2.07415 12
      vertex -92 2.1 12
    endloop
  endfacet
  facet normal 0 0 1
    outer loop
      vertex -90 4 12
      vertex -92.6489 1.99722 12
      vertex -92.3285 2.07415 12
    endloop
  endfacet
  facet normal -0 0 1
    outer loop
      vertex -98 4 12
      vertex -92.6489 1.99722 12
      vertex -90 4 12
    endloop
  endfacet
  facet normal 0 0 1
    outer loop
      vertex -92.6489 1.99722 12
      vertex -98 4 12
      vertex -92.9534 1.87111 12
    endloop
  endfacet
  facet normal 0 0 1
    outer loop
      vertex -94.0741 0.328512 12
      vertex -98 4 12
      vertex -94.1 0 12
    endloop
  endfacet
  facet normal 0 0 1
    outer loop
      vertex -93.9972 0.648935 12
      vertex -98 4 12
      vertex -94.0741 0.328512 12
    endloop
  endfacet
  facet normal 0 0 1
    outer loop
      vertex -93.8711 0.95338 12
      vertex -98 4 12
      vertex -93.9972 0.648935 12
    endloop
  endfacet
  facet normal 0 0 1
    outer loop
      vertex -93.6989 1.23435 12
      vertex -98 4 12
      vertex -93.8711 0.95338 12
    endloop
  endfacet
  facet normal 0 0 1
    outer loop
      vertex -93.4849 1.48492 12
      vertex -98 4 12
      vertex -93.6989 1.23435 12
    endloop
  endfacet
  facet normal 0 0 1
    outer loop
      vertex -93.2343 1.69894 12
      vertex -98 4 12
      vertex -93.4849 1.48492 12
    endloop
  endfacet
  facet normal 0 0 1
    outer loop
      vertex -92.9534 1.87111 12
      vertex -98 4 12
      vertex -93.2343 1.69894 12
    endloop
  endfacet
  facet normal -0 0 1
    outer loop
      vertex -90.0028 -0.648935 12
      vertex -90 -4 12
      vertex -90 -0.637352 12
    endloop
  endfacet
  facet normal -0 0 1
    outer loop
      vertex -90.1289 -0.95338 12
      vertex -90 -4 12
      vertex -90.0028 -0.648935 12
    endloop
  endfacet
  facet normal -0 0 1
    outer loop
      vertex -90.3011 -1.23435 12
      vertex -90 -4 12
      vertex -90.1289 -0.95338 12
    endloop
  endfacet
  facet normal -0 0 1
    outer loop
      vertex -90.5151 -1.48492 12
      vertex -90 -4 12
      vertex -90.3011 -1.23435 12
    endloop
  endfacet
  facet normal -0 0 1
    outer loop
      vertex -90.7656 -1.69894 12
      vertex -90 -4 12
      vertex -90.5151 -1.48492 12
    endloop
  endfacet
  facet normal -0 0 1
    outer loop
      vertex -91.0466 -1.87111 12
      vertex -90 -4 12
      vertex -90.7656 -1.69894 12
    endloop
  endfacet
  facet normal -0 0 1
    outer loop
      vertex -91.3511 -1.99722 12
      vertex -90 -4 12
      vertex -91.0466 -1.87111 12
    endloop
  endfacet
  facet normal -0 0 1
    outer loop
      vertex -91.6715 -2.07415 12
      vertex -90 -4 12
      vertex -91.3511 -1.99722 12
    endloop
  endfacet
  facet normal -0 0 1
    outer loop
      vertex -92 -2.1 12
      vertex -90 -4 12
      vertex -91.6715 -2.07415 12
    endloop
  endfacet
  facet normal 0 0 1
    outer loop
      vertex -92.3285 -2.07415 12
      vertex -90 -4 12
      vertex -92 -2.1 12
    endloop
  endfacet
  facet normal 0 0 1
    outer loop
      vertex -92.6489 -1.99722 12
      vertex -90 -4 12
      vertex -92.3285 -2.07415 12
    endloop
  endfacet
  facet normal 0 0 1
    outer loop
      vertex -98 -4 12
      vertex -92.6489 -1.99722 12
      vertex -92.9534 -1.87111 12
    endloop
  endfacet
  facet normal 0 0 1
    outer loop
      vertex -98 -4 12
      vertex -92.9534 -1.87111 12
      vertex -93.2343 -1.69894 12
    endloop
  endfacet
  facet normal 0 0 1
    outer loop
      vertex -98 -4 12
      vertex -94.1 0 12
      vertex -98 4 12
    endloop
  endfacet
  facet normal 0 0 1
    outer loop
      vertex -94.1 0 12
      vertex -98 -4 12
      vertex -94.0741 -0.328512 12
    endloop
  endfacet
  facet normal 0 0 1
    outer loop
      vertex -94.0741 -0.328512 12
      vertex -98 -4 12
      vertex -93.9972 -0.648935 12
    endloop
  endfacet
  facet normal 0 0 1
    outer loop
      vertex -93.9972 -0.648935 12
      vertex -98 -4 12
      vertex -93.8711 -0.95338 12
    endloop
  endfacet
  facet normal 0 0 1
    outer loop
      vertex -92.6489 -1.99722 12
      vertex -98 -4 12
      vertex -90 -4 12
    endloop
  endfacet
  facet normal 0 0 1
    outer loop
      vertex -93.4849 -1.48492 12
      vertex -98 -4 12
      vertex -93.2343 -1.69894 12
    endloop
  endfacet
  facet normal 0 0 1
    outer loop
      vertex -93.6989 -1.23435 12
      vertex -98 -4 12
      vertex -93.4849 -1.48492 12
    endloop
  endfacet
  facet normal 0 0 1
    outer loop
      vertex -93.8711 -0.95338 12
      vertex -98 -4 12
      vertex -93.6989 -1.23435 12
    endloop
  endfacet
  facet normal 0 0 1
    outer loop
      vertex 98 4 12
      vertex 94.1 0 12
      vertex 98 -4 12
    endloop
  endfacet
  facet normal 0 0 1
    outer loop
      vertex 98 4 12
      vertex 94.0741 0.328512 12
      vertex 94.1 0 12
    endloop
  endfacet
  facet normal 0 0 1
    outer loop
      vertex 94 0.637348 12
      vertex 98 4 12
      vertex 94 4 12
    endloop
  endfacet
  facet normal 0 0 1
    outer loop
      vertex 98 4 12
      vertex 94 0.637348 12
      vertex 94.0741 0.328512 12
    endloop
  endfacet
  facet normal -0 0 1
    outer loop
      vertex 94.0741 -0.328512 12
      vertex 98 -4 12
      vertex 94.1 0 12
    endloop
  endfacet
  facet normal -0 0 1
    outer loop
      vertex 94 -0.637348 12
      vertex 98 -4 12
      vertex 94.0741 -0.328512 12
    endloop
  endfacet
  facet normal 0 0 1
    outer loop
      vertex 98 -4 12
      vertex 94 -0.637348 12
      vertex 94 -4 12
    endloop
  endfacet
  facet normal -0 0 1
    outer loop
      vertex -86 4 12
      vertex -72 -4 12
      vertex -72 4 12
    endloop
  endfacet
  facet normal 0 0 1
    outer loop
      vertex -72 -4 12
      vertex -86 4 12
      vertex -86 -4 12
    endloop
  endfacet
  facet normal -0 0 1
    outer loop
      vertex -68 4 12
      vertex -54 -4 12
      vertex -54 4 12
    endloop
  endfacet
  facet normal 0 0 1
    outer loop
      vertex -54 -4 12
      vertex -68 4 12
      vertex -68 -4 12
    endloop
  endfacet
  facet normal -0 0 1
    outer loop
      vertex -50 4 12
      vertex -36 -4 12
      vertex -36 4 12
    endloop
  endfacet
  facet normal 0 0 1
    outer loop
      vertex -36 -4 12
      vertex -50 4 12
      vertex -50 -4 12
    endloop
  endfacet
  facet normal -0 0 1
    outer loop
      vertex -32 4 12
      vertex -18 -4 12
      vertex -18 4 12
    endloop
  endfacet
  facet normal 0 0 1
    outer loop
      vertex -18 -4 12
      vertex -32 4 12
      vertex -32 -4 12
    endloop
  endfacet
  facet normal -0 0 1
    outer loop
      vertex -14 4 12
      vertex 0 -4 12
      vertex 0 4 12
    endloop
  endfacet
  facet normal 0 0 1
    outer loop
      vertex 0 -4 12
      vertex -14 4 12
      vertex -14 -4 12
    endloop
  endfacet
  facet normal -0 0 1
    outer loop
      vertex 4 4 12
      vertex 18 -4 12
      vertex 18 4 12
    endloop
  endfacet
  facet normal 0 0 1
    outer loop
      vertex 18 -4 12
      vertex 4 4 12
      vertex 4 -4 12
    endloop
  endfacet
  facet normal -0 0 1
    outer loop
      vertex 22 4 12
      vertex 36 -4 12
      vertex 36 4 12
    endloop
  endfacet
  facet normal 0 0 1
    outer loop
      vertex 36 -4 12
      vertex 22 4 12
      vertex 22 -4 12
    endloop
  endfacet
  facet normal -0 0 1
    outer loop
      vertex 40 4 12
      vertex 54 -4 12
      vertex 54 4 12
    endloop
  endfacet
  facet normal 0 0 1
    outer loop
      vertex 54 -4 12
      vertex 40 4 12
      vertex 40 -4 12
    endloop
  endfacet
  facet normal -0 0 1
    outer loop
      vertex 58 4 12
      vertex 72 -4 12
      vertex 72 4 12
    endloop
  endfacet
  facet normal 0 0 1
    outer loop
      vertex 72 -4 12
      vertex 58 4 12
      vertex 58 -4 12
    endloop
  endfacet
  facet normal -0 0 1
    outer loop
      vertex 76 4 12
      vertex 90 0.637352 12
      vertex 90 4 12
    endloop
  endfacet
  facet normal 0 0 1
    outer loop
      vertex 90 0.637352 12
      vertex 76 4 12
      vertex 89.9259 0.328512 12
    endloop
  endfacet
  facet normal 0 0 1
    outer loop
      vertex 89.9259 0.328512 12
      vertex 76 4 12
      vertex 89.9 0 12
    endloop
  endfacet
  facet normal 0 0 1
    outer loop
      vertex 76 -4 12
      vertex 90 -0.637352 12
      vertex 89.9259 -0.328512 12
    endloop
  endfacet
  facet normal 0 0 1
    outer loop
      vertex 76 -4 12
      vertex 89.9259 -0.328512 12
      vertex 89.9 0 12
    endloop
  endfacet
  facet normal 0 0 1
    outer loop
      vertex 76 -4 12
      vertex 89.9 0 12
      vertex 76 4 12
    endloop
  endfacet
  facet normal 0 0 1
    outer loop
      vertex 90 -0.637352 12
      vertex 76 -4 12
      vertex 90 -4 12
    endloop
  endfacet
  facet normal 0.0783775 0 0.996924
    outer loop
      vertex 98 4 12
      vertex 98.3129 -4 11.9754
      vertex 98.3129 4 11.9754
    endloop
  endfacet
  facet normal 0.0783775 0 0.996924
    outer loop
      vertex 98.3129 -4 11.9754
      vertex 98 4 12
      vertex 98 -4 12
    endloop
  endfacet
  facet normal 0.972332 -0 0.233602
    outer loop
      vertex 99.9021 -4 10.618
      vertex 99.9754 4 10.3129
      vertex 99.9021 4 10.618
    endloop
  endfacet
  facet normal 0.972332 0 0.233602
    outer loop
      vertex 99.9754 4 10.3129
      vertex 99.9021 -4 10.618
      vertex 99.9754 -4 10.3129
    endloop
  endfacet
  facet normal -0.0783775 0 0.996924
    outer loop
      vertex -98.3129 4 11.9754
      vertex -98 -4 12
      vertex -98 4 12
    endloop
  endfacet
  facet normal -0.0783775 0 0.996924
    outer loop
      vertex -98 -4 12
      vertex -98.3129 4 11.9754
      vertex -98.3129 -4 11.9754
    endloop
  endfacet
  facet normal -1 0 0
    outer loop
      vertex -100 -4 2
      vertex -100 4 10
      vertex -100 4 2
    endloop
  endfacet
  facet normal -1 -0 0
    outer loop
      vertex -100 4 10
      vertex -100 -4 2
      vertex -100 -4 10
    endloop
  endfacet
  facet normal -0.972343 0 -0.233559
    outer loop
      vertex -99.9021 -4 1.38197
      vertex -99.9754 4 1.68713
      vertex -99.9021 4 1.38197
    endloop
  endfacet
  facet normal -0.972343 -0 -0.233559
    outer loop
      vertex -99.9754 4 1.68713
      vertex -99.9021 -4 1.38197
      vertex -99.9754 -4 1.68713
    endloop
  endfacet
  facet normal 0.649478 0 0.76038
    outer loop
      vertex 99.1756 4 11.618
      vertex 99.4142 -4 11.4142
      vertex 99.4142 4 11.4142
    endloop
  endfacet
  facet normal 0.649478 0 0.76038
    outer loop
      vertex 99.4142 -4 11.4142
      vertex 99.1756 4 11.618
      vertex 99.1756 -4 11.618
    endloop
  endfacet
  facet normal -0.233602 0 0.972332
    outer loop
      vertex -98.618 4 11.9021
      vertex -98.3129 -4 11.9754
      vertex -98.3129 4 11.9754
    endloop
  endfacet
  facet normal -0.233602 0 0.972332
    outer loop
      vertex -98.3129 -4 11.9754
      vertex -98.618 4 11.9021
      vertex -98.618 -4 11.9021
    endloop
  endfacet
  facet normal 0.6495 0 -0.760361
    outer loop
      vertex 99.1756 -4 0.381973
      vertex 99.4142 4 0.585785
      vertex 99.4142 -4 0.585785
    endloop
  endfacet
  facet normal 0.6495 0 -0.760361
    outer loop
      vertex 99.4142 4 0.585785
      vertex 99.1756 -4 0.381973
      vertex 99.1756 4 0.381973
    endloop
  endfacet
  facet normal -0.382624 0 0.923904
    outer loop
      vertex -98.908 4 11.782
      vertex -98.618 -4 11.9021
      vertex -98.618 4 11.9021
    endloop
  endfacet
  facet normal -0.382624 0 0.923904
    outer loop
      vertex -98.618 -4 11.9021
      vertex -98.908 4 11.782
      vertex -98.908 -4 11.782
    endloop
  endfacet
  facet normal -0.85262 0 0.522532
    outer loop
      vertex -99.782 -4 10.908
      vertex -99.618 4 11.1756
      vertex -99.782 4 10.908
    endloop
  endfacet
  facet normal -0.85262 0 0.522532
    outer loop
      vertex -99.618 4 11.1756
      vertex -99.782 -4 10.908
      vertex -99.618 -4 11.1756
    endloop
  endfacet
  facet normal 1 -0 0
    outer loop
      vertex 100 -4 10
      vertex 100 4 2
      vertex 100 4 10
    endloop
  endfacet
  facet normal 1 0 0
    outer loop
      vertex 100 4 2
      vertex 100 -4 10
      vertex 100 -4 2
    endloop
  endfacet
  facet normal -0.923876 0 -0.382691
    outer loop
      vertex -99.782 -4 1.09203
      vertex -99.9021 4 1.38197
      vertex -99.782 4 1.09203
    endloop
  endfacet
  facet normal -0.923876 -0 -0.382691
    outer loop
      vertex -99.9021 4 1.38197
      vertex -99.782 -4 1.09203
      vertex -99.9021 -4 1.38197
    endloop
  endfacet
  facet normal -0.996924 0 0.0783775
    outer loop
      vertex -100 -4 10
      vertex -99.9754 4 10.3129
      vertex -100 4 10
    endloop
  endfacet
  facet normal -0.996924 0 0.0783775
    outer loop
      vertex -99.9754 4 10.3129
      vertex -100 -4 10
      vertex -99.9754 -4 10.3129
    endloop
  endfacet
  facet normal 0.852618 0 -0.522535
    outer loop
      vertex 99.782 -4 1.09203
      vertex 99.618 4 0.824432
      vertex 99.782 4 1.09203
    endloop
  endfacet
  facet normal 0.852618 0 -0.522535
    outer loop
      vertex 99.618 4 0.824432
      vertex 99.782 -4 1.09203
      vertex 99.618 -4 0.824432
    endloop
  endfacet
  facet normal -0.649478 0 0.76038
    outer loop
      vertex -99.4142 4 11.4142
      vertex -99.1756 -4 11.618
      vertex -99.1756 4 11.618
    endloop
  endfacet
  facet normal -0.649478 0 0.76038
    outer loop
      vertex -99.1756 -4 11.618
      vertex -99.4142 4 11.4142
      vertex -99.4142 -4 11.4142
    endloop
  endfacet
  facet normal -0.5225 0 -0.852639
    outer loop
      vertex -99.1756 -4 0.381973
      vertex -98.908 4 0.217987
      vertex -98.908 -4 0.217987
    endloop
  endfacet
  facet normal -0.5225 0 -0.852639
    outer loop
      vertex -98.908 4 0.217987
      vertex -99.1756 -4 0.381973
      vertex -99.1756 4 0.381973
    endloop
  endfacet
  facet normal 0.85262 -0 0.522532
    outer loop
      vertex 99.618 -4 11.1756
      vertex 99.782 4 10.908
      vertex 99.618 4 11.1756
    endloop
  endfacet
  facet normal 0.85262 0 0.522532
    outer loop
      vertex 99.782 4 10.908
      vertex 99.618 -4 11.1756
      vertex 99.782 -4 10.908
    endloop
  endfacet
  facet normal -0.996923 0 -0.078385
    outer loop
      vertex -99.9754 -4 1.68713
      vertex -100 4 2
      vertex -99.9754 4 1.68713
    endloop
  endfacet
  facet normal -0.996923 -0 -0.078385
    outer loop
      vertex -100 4 2
      vertex -99.9754 -4 1.68713
      vertex -100 -4 2
    endloop
  endfacet
  facet normal -0.852618 0 -0.522535
    outer loop
      vertex -99.618 -4 0.824432
      vertex -99.782 4 1.09203
      vertex -99.618 4 0.824432
    endloop
  endfacet
  facet normal -0.852618 -0 -0.522535
    outer loop
      vertex -99.782 4 1.09203
      vertex -99.618 -4 0.824432
      vertex -99.782 -4 1.09203
    endloop
  endfacet
  facet normal -0.76038 0 0.649478
    outer loop
      vertex -99.618 -4 11.1756
      vertex -99.4142 4 11.4142
      vertex -99.618 4 11.1756
    endloop
  endfacet
  facet normal -0.76038 0 0.649478
    outer loop
      vertex -99.4142 4 11.4142
      vertex -99.618 -4 11.1756
      vertex -99.4142 -4 11.4142
    endloop
  endfacet
  facet normal 0.923904 -0 0.382624
    outer loop
      vertex 99.782 -4 10.908
      vertex 99.9021 4 10.618
      vertex 99.782 4 10.908
    endloop
  endfacet
  facet normal 0.923904 0 0.382624
    outer loop
      vertex 99.9021 4 10.618
      vertex 99.782 -4 10.908
      vertex 99.9021 -4 10.618
    endloop
  endfacet
  facet normal -0.972332 0 0.233602
    outer loop
      vertex -99.9754 -4 10.3129
      vertex -99.9021 4 10.618
      vertex -99.9754 4 10.3129
    endloop
  endfacet
  facet normal -0.972332 0 0.233602
    outer loop
      vertex -99.9021 4 10.618
      vertex -99.9754 -4 10.3129
      vertex -99.9021 -4 10.618
    endloop
  endfacet
  facet normal -0.0784652 0 -0.996917
    outer loop
      vertex -98.3129 -4 0.0246277
      vertex -98 4 0
      vertex -98 -4 0
    endloop
  endfacet
  facet normal -0.0784652 0 -0.996917
    outer loop
      vertex -98 4 0
      vertex -98.3129 -4 0.0246277
      vertex -98.3129 4 0.0246277
    endloop
  endfacet
  facet normal 0.382624 0 0.923904
    outer loop
      vertex 98.618 4 11.9021
      vertex 98.908 -4 11.782
      vertex 98.908 4 11.782
    endloop
  endfacet
  facet normal 0.382624 0 0.923904
    outer loop
      vertex 98.908 -4 11.782
      vertex 98.618 4 11.9021
      vertex 98.618 -4 11.9021
    endloop
  endfacet
  facet normal -0.6495 0 -0.760361
    outer loop
      vertex -99.4142 -4 0.585785
      vertex -99.1756 4 0.381973
      vertex -99.1756 -4 0.381973
    endloop
  endfacet
  facet normal -0.6495 0 -0.760361
    outer loop
      vertex -99.1756 4 0.381973
      vertex -99.4142 -4 0.585785
      vertex -99.4142 4 0.585785
    endloop
  endfacet
  facet normal -0.522532 0 0.85262
    outer loop
      vertex -99.1756 4 11.618
      vertex -98.908 -4 11.782
      vertex -98.908 4 11.782
    endloop
  endfacet
  facet normal -0.522532 0 0.85262
    outer loop
      vertex -98.908 -4 11.782
      vertex -99.1756 4 11.618
      vertex -99.1756 -4 11.618
    endloop
  endfacet
  facet normal -0.233474 0 -0.972363
    outer loop
      vertex -98.618 -4 0.0978851
      vertex -98.3129 4 0.0246277
      vertex -98.3129 -4 0.0246277
    endloop
  endfacet
  facet normal -0.233474 0 -0.972363
    outer loop
      vertex -98.3129 4 0.0246277
      vertex -98.618 -4 0.0978851
      vertex -98.618 4 0.0978851
    endloop
  endfacet
  facet normal -0.923904 0 0.382624
    outer loop
      vertex -99.9021 -4 10.618
      vertex -99.782 4 10.908
      vertex -99.9021 4 10.618
    endloop
  endfacet
  facet normal -0.923904 0 0.382624
    outer loop
      vertex -99.782 4 10.908
      vertex -99.9021 -4 10.618
      vertex -99.782 -4 10.908
    endloop
  endfacet
  facet normal -0.760443 0 -0.649404
    outer loop
      vertex -99.4142 -4 0.585785
      vertex -99.618 4 0.824432
      vertex -99.4142 4 0.585785
    endloop
  endfacet
  facet normal -0.760443 -0 -0.649404
    outer loop
      vertex -99.618 4 0.824432
      vertex -99.4142 -4 0.585785
      vertex -99.618 -4 0.824432
    endloop
  endfacet
  facet normal -0.382629 0 -0.923902
    outer loop
      vertex -98.908 -4 0.217987
      vertex -98.618 4 0.0978851
      vertex -98.618 -4 0.0978851
    endloop
  endfacet
  facet normal -0.382629 0 -0.923902
    outer loop
      vertex -98.618 4 0.0978851
      vertex -98.908 -4 0.217987
      vertex -98.908 4 0.217987
    endloop
  endfacet
  facet normal 0.522532 0 0.85262
    outer loop
      vertex 98.908 4 11.782
      vertex 99.1756 -4 11.618
      vertex 99.1756 4 11.618
    endloop
  endfacet
  facet normal 0.522532 0 0.85262
    outer loop
      vertex 99.1756 -4 11.618
      vertex 98.908 4 11.782
      vertex 98.908 -4 11.782
    endloop
  endfacet
  facet normal 0.760443 0 -0.649404
    outer loop
      vertex 99.618 -4 0.824432
      vertex 99.4142 4 0.585785
      vertex 99.618 4 0.824432
    endloop
  endfacet
  facet normal 0.760443 0 -0.649404
    outer loop
      vertex 99.4142 4 0.585785
      vertex 99.618 -4 0.824432
      vertex 99.4142 -4 0.585785
    endloop
  endfacet
  facet normal 0.972343 0 -0.233559
    outer loop
      vertex 99.9754 -4 1.68713
      vertex 99.9021 4 1.38197
      vertex 99.9754 4 1.68713
    endloop
  endfacet
  facet normal 0.972343 0 -0.233559
    outer loop
      vertex 99.9021 4 1.38197
      vertex 99.9754 -4 1.68713
      vertex 99.9021 -4 1.38197
    endloop
  endfacet
  facet normal 0.76038 -0 0.649478
    outer loop
      vertex 99.4142 -4 11.4142
      vertex 99.618 4 11.1756
      vertex 99.4142 4 11.4142
    endloop
  endfacet
  facet normal 0.76038 0 0.649478
    outer loop
      vertex 99.618 4 11.1756
      vertex 99.4142 -4 11.4142
      vertex 99.618 -4 11.1756
    endloop
  endfacet
  facet normal 0.923876 0 -0.382691
    outer loop
      vertex 99.9021 -4 1.38197
      vertex 99.782 4 1.09203
      vertex 99.9021 4 1.38197
    endloop
  endfacet
  facet normal 0.923876 0 -0.382691
    outer loop
      vertex 99.782 4 1.09203
      vertex 99.9021 -4 1.38197
      vertex 99.782 -4 1.09203
    endloop
  endfacet
  facet normal 0.5225 0 -0.852639
    outer loop
      vertex 98.908 -4 0.217987
      vertex 99.1756 4 0.381973
      vertex 99.1756 -4 0.381973
    endloop
  endfacet
  facet normal 0.5225 0 -0.852639
    outer loop
      vertex 99.1756 4 0.381973
      vertex 98.908 -4 0.217987
      vertex 98.908 4 0.217987
    endloop
  endfacet
  facet normal -1 0 0
    outer loop
      vertex -79.4 -4 3
      vertex -79.4 4 9
      vertex -79.4 4 3
    endloop
  endfacet
  facet normal -1 -0 0
    outer loop
      vertex -79.4 4 9
      vertex -79.4 -4 3
      vertex -79.4 -4 9
    endloop
  endfacet
  facet normal 0 0 -1
    outer loop
      vertex -82.6 -4 9
      vertex -79.4 4 9
      vertex -79.4 -4 9
    endloop
  endfacet
  facet normal -0 0 -1
    outer loop
      vertex -79.4 4 9
      vertex -82.6 -4 9
      vertex -82.6 4 9
    endloop
  endfacet
  facet normal -0 0 1
    outer loop
      vertex -82.6 4 3
      vertex -79.4 -4 3
      vertex -79.4 4 3
    endloop
  endfacet
  facet normal 0 0 1
    outer loop
      vertex -79.4 -4 3
      vertex -82.6 4 3
      vertex -82.6 -4 3
    endloop
  endfacet
  facet normal 1 -0 0
    outer loop
      vertex -82.6 -4 9
      vertex -82.6 4 3
      vertex -82.6 4 9
    endloop
  endfacet
  facet normal 1 0 0
    outer loop
      vertex -82.6 4 3
      vertex -82.6 -4 9
      vertex -82.6 -4 3
    endloop
  endfacet
  facet normal -1 0 0
    outer loop
      vertex -61.4 -4 3
      vertex -61.4 4 9
      vertex -61.4 4 3
    endloop
  endfacet
  facet normal -1 -0 0
    outer loop
      vertex -61.4 4 9
      vertex -61.4 -4 3
      vertex -61.4 -4 9
    endloop
  endfacet
  facet normal 0 0 -1
    outer loop
      vertex -64.6 -4 9
      vertex -61.4 4 9
      vertex -61.4 -4 9
    endloop
  endfacet
  facet normal -0 0 -1
    outer loop
      vertex -61.4 4 9
      vertex -64.6 -4 9
      vertex -64.6 4 9
    endloop
  endfacet
  facet normal -0 0 1
    outer loop
      vertex -64.6 4 3
      vertex -61.4 -4 3
      vertex -61.4 4 3
    endloop
  endfacet
  facet normal 0 0 1
    outer loop
      vertex -61.4 -4 3
      vertex -64.6 4 3
      vertex -64.6 -4 3
    endloop
  endfacet
  facet normal 1 -0 0
    outer loop
      vertex -64.6 -4 9
      vertex -64.6 4 3
      vertex -64.6 4 9
    endloop
  endfacet
  facet normal 1 0 0
    outer loop
      vertex -64.6 4 3
      vertex -64.6 -4 9
      vertex -64.6 -4 3
    endloop
  endfacet
  facet normal -1 0 0
    outer loop
      vertex -43.4 -4 3
      vertex -43.4 4 9
      vertex -43.4 4 3
    endloop
  endfacet
  facet normal -1 -0 0
    outer loop
      vertex -43.4 4 9
      vertex -43.4 -4 3
      vertex -43.4 -4 9
    endloop
  endfacet
  facet normal 0 0 -1
    outer loop
      vertex -46.6 -4 9
      vertex -43.4 4 9
      vertex -43.4 -4 9
    endloop
  endfacet
  facet normal -0 0 -1
    outer loop
      vertex -43.4 4 9
      vertex -46.6 -4 9
      vertex -46.6 4 9
    endloop
  endfacet
  facet normal -0 0 1
    outer loop
      vertex -46.6 4 3
      vertex -43.4 -4 3
      vertex -43.4 4 3
    endloop
  endfacet
  facet normal 0 0 1
    outer loop
      vertex -43.4 -4 3
      vertex -46.6 4 3
      vertex -46.6 -4 3
    endloop
  endfacet
  facet normal 1 -0 0
    outer loop
      vertex -46.6 -4 9
      vertex -46.6 4 3
      vertex -46.6 4 9
    endloop
  endfacet
  facet normal 1 0 0
    outer loop
      vertex -46.6 4 3
      vertex -46.6 -4 9
      vertex -46.6 -4 3
    endloop
  endfacet
  facet normal -1 0 0
    outer loop
      vertex -25.4 -4 3
      vertex -25.4 4 9
      vertex -25.4 4 3
    endloop
  endfacet
  facet normal -1 -0 0
    outer loop
      vertex -25.4 4 9
      vertex -25.4 -4 3
      vertex -25.4 -4 9
    endloop
  endfacet
  facet normal 0 0 -1
    outer loop
      vertex -28.6 -4 9
      vertex -25.4 4 9
      vertex -25.4 -4 9
    endloop
  endfacet
  facet normal -0 0 -1
    outer loop
      vertex -25.4 4 9
      vertex -28.6 -4 9
      vertex -28.6 4 9
    endloop
  endfacet
  facet normal -0 0 1
    outer loop
      vertex -28.6 4 3
      vertex -25.4 -4 3
      vertex -25.4 4 3
    endloop
  endfacet
  facet normal 0 0 1
    outer loop
      vertex -25.4 -4 3
      vertex -28.6 4 3
      vertex -28.6 -4 3
    endloop
  endfacet
  facet normal 1 -0 0
    outer loop
      vertex -28.6 -4 9
      vertex -28.6 4 3
      vertex -28.6 4 9
    endloop
  endfacet
  facet normal 1 0 0
    outer loop
      vertex -28.6 4 3
      vertex -28.6 -4 9
      vertex -28.6 -4 3
    endloop
  endfacet
  facet normal -1 0 0
    outer loop
      vertex -7.4 -4 3
      vertex -7.4 4 9
      vertex -7.4 4 3
    endloop
  endfacet
  facet normal -1 -0 0
    outer loop
      vertex -7.4 4 9
      vertex -7.4 -4 3
      vertex -7.4 -4 9
    endloop
  endfacet
  facet normal 0 0 -1
    outer loop
      vertex -10.6 -4 9
      vertex -7.4 4 9
      vertex -7.4 -4 9
    endloop
  endfacet
  facet normal -0 0 -1
    outer loop
      vertex -7.4 4 9
      vertex -10.6 -4 9
      vertex -10.6 4 9
    endloop
  endfacet
  facet normal -0 0 1
    outer loop
      vertex -10.6 4 3
      vertex -7.4 -4 3
      vertex -7.4 4 3
    endloop
  endfacet
  facet normal 0 0 1
    outer loop
      vertex -7.4 -4 3
      vertex -10.6 4 3
      vertex -10.6 -4 3
    endloop
  endfacet
  facet normal 1 -0 0
    outer loop
      vertex -10.6 -4 9
      vertex -10.6 4 3
      vertex -10.6 4 9
    endloop
  endfacet
  facet normal 1 0 0
    outer loop
      vertex -10.6 4 3
      vertex -10.6 -4 9
      vertex -10.6 -4 3
    endloop
  endfacet
  facet normal -1 0 0
    outer loop
      vertex 10.6 -4 3
      vertex 10.6 4 9
      vertex 10.6 4 3
    endloop
  endfacet
  facet normal -1 -0 0
    outer loop
      vertex 10.6 4 9
      vertex 10.6 -4 3
      vertex 10.6 -4 9
    endloop
  endfacet
  facet normal 0 0 -1
    outer loop
      vertex 7.4 -4 9
      vertex 10.6 4 9
      vertex 10.6 -4 9
    endloop
  endfacet
  facet normal -0 0 -1
    outer loop
      vertex 10.6 4 9
      vertex 7.4 -4 9
      vertex 7.4 4 9
    endloop
  endfacet
  facet normal -0 0 1
    outer loop
      vertex 7.4 4 3
      vertex 10.6 -4 3
      vertex 10.6 4 3
    endloop
  endfacet
  facet normal 0 0 1
    outer loop
      vertex 10.6 -4 3
      vertex 7.4 4 3
      vertex 7.4 -4 3
    endloop
  endfacet
  facet normal 1 -0 0
    outer loop
      vertex 7.4 -4 9
      vertex 7.4 4 3
      vertex 7.4 4 9
    endloop
  endfacet
  facet normal 1 0 0
    outer loop
      vertex 7.4 4 3
      vertex 7.4 -4 9
      vertex 7.4 -4 3
    endloop
  endfacet
  facet normal -1 0 0
    outer loop
      vertex 28.6 -4 3
      vertex 28.6 4 9
      vertex 28.6 4 3
    endloop
  endfacet
  facet normal -1 -0 0
    outer loop
      vertex 28.6 4 9
      vertex 28.6 -4 3
      vertex 28.6 -4 9
    endloop
  endfacet
  facet normal 0 0 -1
    outer loop
      vertex 25.4 -4 9
      vertex 28.6 4 9
      vertex 28.6 -4 9
    endloop
  endfacet
  facet normal -0 0 -1
    outer loop
      vertex 28.6 4 9
      vertex 25.4 -4 9
      vertex 25.4 4 9
    endloop
  endfacet
  facet normal -0 0 1
    outer loop
      vertex 25.4 4 3
      vertex 28.6 -4 3
      vertex 28.6 4 3
    endloop
  endfacet
  facet normal 0 0 1
    outer loop
      vertex 28.6 -4 3
      vertex 25.4 4 3
      vertex 25.4 -4 3
    endloop
  endfacet
  facet normal 1 -0 0
    outer loop
      vertex 25.4 -4 9
      vertex 25.4 4 3
      vertex 25.4 4 9
    endloop
  endfacet
  facet normal 1 0 0
    outer loop
      vertex 25.4 4 3
      vertex 25.4 -4 9
      vertex 25.4 -4 3
    endloop
  endfacet
  facet normal -1 0 0
    outer loop
      vertex 46.6 -4 3
      vertex 46.6 4 9
      vertex 46.6 4 3
    endloop
  endfacet
  facet normal -1 -0 0
    outer loop
      vertex 46.6 4 9
      vertex 46.6 -4 3
      vertex 46.6 -4 9
    endloop
  endfacet
  facet normal 0 0 -1
    outer loop
      vertex 43.4 -4 9
      vertex 46.6 4 9
      vertex 46.6 -4 9
    endloop
  endfacet
  facet normal -0 0 -1
    outer loop
      vertex 46.6 4 9
      vertex 43.4 -4 9
      vertex 43.4 4 9
    endloop
  endfacet
  facet normal -0 0 1
    outer loop
      vertex 43.4 4 3
      vertex 46.6 -4 3
      vertex 46.6 4 3
    endloop
  endfacet
  facet normal 0 0 1
    outer loop
      vertex 46.6 -4 3
      vertex 43.4 4 3
      vertex 43.4 -4 3
    endloop
  endfacet
  facet normal 1 -0 0
    outer loop
      vertex 43.4 -4 9
      vertex 43.4 4 3
      vertex 43.4 4 9
    endloop
  endfacet
  facet normal 1 0 0
    outer loop
      vertex 43.4 4 3
      vertex 43.4 -4 9
      vertex 43.4 -4 3
    endloop
  endfacet
  facet normal -1 0 0
    outer loop
      vertex 64.6 -4 3
      vertex 64.6 4 9
      vertex 64.6 4 3
    endloop
  endfacet
  facet normal -1 -0 0
    outer loop
      vertex 64.6 4 9
      vertex 64.6 -4 3
      vertex 64.6 -4 9
    endloop
  endfacet
  facet normal 0 0 -1
    outer loop
      vertex 61.4 -4 9
      vertex 64.6 4 9
      vertex 64.6 -4 9
    endloop
  endfacet
  facet normal -0 0 -1
    outer loop
      vertex 64.6 4 9
      vertex 61.4 -4 9
      vertex 61.4 4 9
    endloop
  endfacet
  facet normal -0 0 1
    outer loop
      vertex 61.4 4 3
      vertex 64.6 -4 3
      vertex 64.6 4 3
    endloop
  endfacet
  facet normal 0 0 1
    outer loop
      vertex 64.6 -4 3
      vertex 61.4 4 3
      vertex 61.4 -4 3
    endloop
  endfacet
  facet normal 1 -0 0
    outer loop
      vertex 61.4 -4 9
      vertex 61.4 4 3
      vertex 61.4 4 9
    endloop
  endfacet
  facet normal 1 0 0
    outer loop
      vertex 61.4 4 3
      vertex 61.4 -4 9
      vertex 61.4 -4 3
    endloop
  endfacet
  facet normal -1 0 0
    outer loop
      vertex 82.6 -4 3
      vertex 82.6 4 9
      vertex 82.6 4 3
    endloop
  endfacet
  facet normal -1 -0 0
    outer loop
      vertex 82.6 4 9
      vertex 82.6 -4 3
      vertex 82.6 -4 9
    endloop
  endfacet
  facet normal 0 0 -1
    outer loop
      vertex 79.4 -4 9
      vertex 82.6 4 9
      vertex 82.6 -4 9
    endloop
  endfacet
  facet normal -0 0 -1
    outer loop
      vertex 82.6 4 9
      vertex 79.4 -4 9
      vertex 79.4 4 9
    endloop
  endfacet
  facet normal -0 0 1
    outer loop
      vertex 79.4 4 3
      vertex 82.6 -4 3
      vertex 82.6 4 3
    endloop
  endfacet
  facet normal 0 0 1
    outer loop
      vertex 82.6 -4 3
      vertex 79.4 4 3
      vertex 79.4 -4 3
    endloop
  endfacet
  facet normal 1 -0 0
    outer loop
      vertex 79.4 -4 9
      vertex 79.4 4 3
      vertex 79.4 4 9
    endloop
  endfacet
  facet normal 1 0 0
    outer loop
      vertex 79.4 4 3
      vertex 79.4 -4 9
      vertex 79.4 -4 3
    endloop
  endfacet
  facet normal 0.233471 -0.972364 0
    outer loop
      vertex -92.6489 1.99722 0
      vertex -92.3285 2.07415 12
      vertex -92.6489 1.99722 12
    endloop
  endfacet
  facet normal 0.233471 -0.972364 0
    outer loop
      vertex -92.3285 2.07415 12
      vertex -92.6489 1.99722 0
      vertex -92.3285 2.07415 0
    endloop
  endfacet
  facet normal -0.972004 -0.234966 0
    outer loop
      vertex -90.0028 0.648935 0
      vertex -90 0.637352 12
      vertex -90.0028 0.648935 12
    endloop
  endfacet
  facet normal -0.972388 -0.233369 1.63158e-06
    outer loop
      vertex -89.9259 0.328512 0
      vertex -90 0.637352 12
      vertex -90.0028 0.648935 0
    endloop
  endfacet
  facet normal -0.972403 -0.233309 -0
    outer loop
      vertex -89.9259 0.328512 13
      vertex -90 0.637352 12
      vertex -89.9259 0.328512 0
    endloop
  endfacet
  facet normal -0.972403 -0.233309 0
    outer loop
      vertex -90 0.637352 12
      vertex -89.9259 0.328512 13
      vertex -90 0.637352 13
    endloop
  endfacet
  facet normal -0.996907 -0.0785965 0
    outer loop
      vertex -89.9 0 0
      vertex -89.9259 0.328512 13
      vertex -89.9259 0.328512 0
    endloop
  endfacet
  facet normal -0.996907 -0.0785965 0
    outer loop
      vertex -89.9259 0.328512 13
      vertex -89.9 0 0
      vertex -89.9 0 13
    endloop
  endfacet
  facet normal 0.852611 0.522546 0
    outer loop
      vertex -93.6989 -1.23435 12
      vertex -93.8711 -0.95338 0
      vertex -93.8711 -0.95338 12
    endloop
  endfacet
  facet normal 0.852611 0.522546 0
    outer loop
      vertex -93.8711 -0.95338 0
      vertex -93.6989 -1.23435 12
      vertex -93.6989 -1.23435 0
    endloop
  endfacet
  facet normal 0.522574 0.852594 -0
    outer loop
      vertex -92.9534 -1.87111 0
      vertex -93.2343 -1.69894 12
      vertex -92.9534 -1.87111 12
    endloop
  endfacet
  facet normal 0.522574 0.852594 0
    outer loop
      vertex -93.2343 -1.69894 12
      vertex -92.9534 -1.87111 0
      vertex -93.2343 -1.69894 0
    endloop
  endfacet
  facet normal -0.996907 0.0785965 0
    outer loop
      vertex -89.9259 -0.328512 0
      vertex -89.9 0 13
      vertex -89.9 0 0
    endloop
  endfacet
  facet normal -0.996907 0.0785965 0
    outer loop
      vertex -89.9 0 13
      vertex -89.9259 -0.328512 0
      vertex -89.9259 -0.328512 13
    endloop
  endfacet
  facet normal -0.0784485 -0.996918 0
    outer loop
      vertex -92 2.1 0
      vertex -91.6715 2.07415 12
      vertex -92 2.1 12
    endloop
  endfacet
  facet normal -0.0784485 -0.996918 -0
    outer loop
      vertex -91.6715 2.07415 12
      vertex -92 2.1 0
      vertex -91.6715 2.07415 0
    endloop
  endfacet
  facet normal -0.760416 -0.649436 0
    outer loop
      vertex -90.3011 1.23435 0
      vertex -90.5151 1.48492 12
      vertex -90.5151 1.48492 0
    endloop
  endfacet
  facet normal -0.760416 -0.649436 0
    outer loop
      vertex -90.5151 1.48492 12
      vertex -90.3011 1.23435 0
      vertex -90.3011 1.23435 12
    endloop
  endfacet
  facet normal -0.522439 -0.852677 0
    outer loop
      vertex -91.0466 1.87111 0
      vertex -90.7656 1.69894 12
      vertex -91.0466 1.87111 12
    endloop
  endfacet
  facet normal -0.522439 -0.852677 -0
    outer loop
      vertex -90.7656 1.69894 12
      vertex -91.0466 1.87111 0
      vertex -90.7656 1.69894 0
    endloop
  endfacet
  facet normal 0.0784485 0.996918 -0
    outer loop
      vertex -92 -2.1 0
      vertex -92.3285 -2.07415 12
      vertex -92 -2.1 12
    endloop
  endfacet
  facet normal 0.0784485 0.996918 0
    outer loop
      vertex -92.3285 -2.07415 12
      vertex -92 -2.1 0
      vertex -92.3285 -2.07415 0
    endloop
  endfacet
  facet normal 0.649426 0.760425 -0
    outer loop
      vertex -93.2343 -1.69894 0
      vertex -93.4849 -1.48492 12
      vertex -93.2343 -1.69894 12
    endloop
  endfacet
  facet normal 0.649426 0.760425 0
    outer loop
      vertex -93.4849 -1.48492 12
      vertex -93.2343 -1.69894 0
      vertex -93.4849 -1.48492 0
    endloop
  endfacet
  facet normal 0.760416 -0.649436 0
    outer loop
      vertex -93.6989 1.23435 12
      vertex -93.4849 1.48492 0
      vertex -93.4849 1.48492 12
    endloop
  endfacet
  facet normal 0.760416 -0.649436 0
    outer loop
      vertex -93.4849 1.48492 0
      vertex -93.6989 1.23435 12
      vertex -93.6989 1.23435 0
    endloop
  endfacet
  facet normal 0.0784485 -0.996918 0
    outer loop
      vertex -92.3285 2.07415 0
      vertex -92 2.1 12
      vertex -92.3285 2.07415 12
    endloop
  endfacet
  facet normal 0.0784485 -0.996918 0
    outer loop
      vertex -92 2.1 12
      vertex -92.3285 2.07415 0
      vertex -92 2.1 0
    endloop
  endfacet
  facet normal -0.852611 0.522546 0
    outer loop
      vertex -90.3011 -1.23435 0
      vertex -90.1289 -0.95338 12
      vertex -90.1289 -0.95338 0
    endloop
  endfacet
  facet normal -0.852611 0.522546 0
    outer loop
      vertex -90.1289 -0.95338 12
      vertex -90.3011 -1.23435 0
      vertex -90.3011 -1.23435 12
    endloop
  endfacet
  facet normal -0.972403 0.233309 0
    outer loop
      vertex -89.9259 -0.328512 0
      vertex -90 -0.637352 12
      vertex -89.9259 -0.328512 13
    endloop
  endfacet
  facet normal -0.972388 0.233369 1.63158e-06
    outer loop
      vertex -90.0028 -0.648935 0
      vertex -90 -0.637352 12
      vertex -89.9259 -0.328512 0
    endloop
  endfacet
  facet normal -0.972004 0.234966 0
    outer loop
      vertex -90 -0.637352 12
      vertex -90.0028 -0.648935 0
      vertex -90.0028 -0.648935 12
    endloop
  endfacet
  facet normal -0.972403 0.233309 0
    outer loop
      vertex -89.9259 -0.328512 13
      vertex -90 -0.637352 12
      vertex -90 -0.637352 13
    endloop
  endfacet
  facet normal -0.852611 -0.522546 0
    outer loop
      vertex -90.1289 0.95338 0
      vertex -90.3011 1.23435 12
      vertex -90.3011 1.23435 0
    endloop
  endfacet
  facet normal -0.852611 -0.522546 0
    outer loop
      vertex -90.3011 1.23435 12
      vertex -90.1289 0.95338 0
      vertex -90.1289 0.95338 12
    endloop
  endfacet
  facet normal 0.996907 0.0785965 0
    outer loop
      vertex -94.0741 -0.328512 12
      vertex -94.1 0 0
      vertex -94.1 0 12
    endloop
  endfacet
  facet normal 0.996907 0.0785965 0
    outer loop
      vertex -94.1 0 0
      vertex -94.0741 -0.328512 12
      vertex -94.0741 -0.328512 0
    endloop
  endfacet
  facet normal -0.522439 0.852677 0
    outer loop
      vertex -90.7656 -1.69894 0
      vertex -91.0466 -1.87111 12
      vertex -90.7656 -1.69894 12
    endloop
  endfacet
  facet normal -0.522439 0.852677 0
    outer loop
      vertex -91.0466 -1.87111 12
      vertex -90.7656 -1.69894 0
      vertex -91.0466 -1.87111 0
    endloop
  endfacet
  facet normal 0.649426 -0.760425 0
    outer loop
      vertex -93.4849 1.48492 0
      vertex -93.2343 1.69894 12
      vertex -93.4849 1.48492 12
    endloop
  endfacet
  facet normal 0.649426 -0.760425 0
    outer loop
      vertex -93.2343 1.69894 12
      vertex -93.4849 1.48492 0
      vertex -93.2343 1.69894 0
    endloop
  endfacet
  facet normal -0.382637 0.923899 0
    outer loop
      vertex -91.0466 -1.87111 0
      vertex -91.3511 -1.99722 12
      vertex -91.0466 -1.87111 12
    endloop
  endfacet
  facet normal -0.382637 0.923899 0
    outer loop
      vertex -91.3511 -1.99722 12
      vertex -91.0466 -1.87111 0
      vertex -91.3511 -1.99722 0
    endloop
  endfacet
  facet normal -0.233471 -0.972364 0
    outer loop
      vertex -91.6715 2.07415 0
      vertex -91.3511 1.99722 12
      vertex -91.6715 2.07415 12
    endloop
  endfacet
  facet normal -0.233471 -0.972364 -0
    outer loop
      vertex -91.3511 1.99722 12
      vertex -91.6715 2.07415 0
      vertex -91.3511 1.99722 0
    endloop
  endfacet
  facet normal 0.923885 0.38267 0
    outer loop
      vertex -93.8711 -0.95338 12
      vertex -93.9972 -0.648935 0
      vertex -93.9972 -0.648935 12
    endloop
  endfacet
  facet normal 0.923885 0.38267 0
    outer loop
      vertex -93.9972 -0.648935 0
      vertex -93.8711 -0.95338 12
      vertex -93.8711 -0.95338 0
    endloop
  endfacet
  facet normal -0.760416 0.649436 0
    outer loop
      vertex -90.5151 -1.48492 0
      vertex -90.3011 -1.23435 12
      vertex -90.3011 -1.23435 0
    endloop
  endfacet
  facet normal -0.760416 0.649436 0
    outer loop
      vertex -90.3011 -1.23435 12
      vertex -90.5151 -1.48492 0
      vertex -90.5151 -1.48492 12
    endloop
  endfacet
  facet normal 0.760416 0.649436 0
    outer loop
      vertex -93.4849 -1.48492 12
      vertex -93.6989 -1.23435 0
      vertex -93.6989 -1.23435 12
    endloop
  endfacet
  facet normal 0.760416 0.649436 0
    outer loop
      vertex -93.6989 -1.23435 0
      vertex -93.4849 -1.48492 12
      vertex -93.4849 -1.48492 0
    endloop
  endfacet
  facet normal -0.923885 0.38267 0
    outer loop
      vertex -90.1289 -0.95338 0
      vertex -90.0028 -0.648935 12
      vertex -90.0028 -0.648935 0
    endloop
  endfacet
  facet normal -0.923885 0.38267 0
    outer loop
      vertex -90.0028 -0.648935 12
      vertex -90.1289 -0.95338 0
      vertex -90.1289 -0.95338 12
    endloop
  endfacet
  facet normal -0.649576 -0.760297 0
    outer loop
      vertex -90.7656 1.69894 0
      vertex -90.5151 1.48492 12
      vertex -90.7656 1.69894 12
    endloop
  endfacet
  facet normal -0.649576 -0.760297 -0
    outer loop
      vertex -90.5151 1.48492 12
      vertex -90.7656 1.69894 0
      vertex -90.5151 1.48492 0
    endloop
  endfacet
  facet normal -0.923885 -0.38267 0
    outer loop
      vertex -90.0028 0.648935 0
      vertex -90.1289 0.95338 12
      vertex -90.1289 0.95338 0
    endloop
  endfacet
  facet normal -0.923885 -0.38267 0
    outer loop
      vertex -90.1289 0.95338 12
      vertex -90.0028 0.648935 0
      vertex -90.0028 0.648935 12
    endloop
  endfacet
  facet normal -0.382637 -0.923899 0
    outer loop
      vertex -91.3511 1.99722 0
      vertex -91.0466 1.87111 12
      vertex -91.3511 1.99722 12
    endloop
  endfacet
  facet normal -0.382637 -0.923899 -0
    outer loop
      vertex -91.0466 1.87111 12
      vertex -91.3511 1.99722 0
      vertex -91.0466 1.87111 0
    endloop
  endfacet
  facet normal -0.649576 0.760297 0
    outer loop
      vertex -90.5151 -1.48492 0
      vertex -90.7656 -1.69894 12
      vertex -90.5151 -1.48492 12
    endloop
  endfacet
  facet normal -0.649576 0.760297 0
    outer loop
      vertex -90.7656 -1.69894 12
      vertex -90.5151 -1.48492 0
      vertex -90.7656 -1.69894 0
    endloop
  endfacet
  facet normal -0.233471 0.972364 0
    outer loop
      vertex -91.3511 -1.99722 0
      vertex -91.6715 -2.07415 12
      vertex -91.3511 -1.99722 12
    endloop
  endfacet
  facet normal -0.233471 0.972364 0
    outer loop
      vertex -91.6715 -2.07415 12
      vertex -91.3511 -1.99722 0
      vertex -91.6715 -2.07415 0
    endloop
  endfacet
  facet normal 0.382637 0.923899 -0
    outer loop
      vertex -92.6489 -1.99722 0
      vertex -92.9534 -1.87111 12
      vertex -92.6489 -1.99722 12
    endloop
  endfacet
  facet normal 0.382637 0.923899 0
    outer loop
      vertex -92.9534 -1.87111 12
      vertex -92.6489 -1.99722 0
      vertex -92.9534 -1.87111 0
    endloop
  endfacet
  facet normal -0.0784485 0.996918 0
    outer loop
      vertex -91.6715 -2.07415 0
      vertex -92 -2.1 12
      vertex -91.6715 -2.07415 12
    endloop
  endfacet
  facet normal -0.0784485 0.996918 0
    outer loop
      vertex -92 -2.1 12
      vertex -91.6715 -2.07415 0
      vertex -92 -2.1 0
    endloop
  endfacet
  facet normal 0 0 -1
    outer loop
      vertex -89.9259 -0.328512 13
      vertex -89.9259 0.328512 13
      vertex -89.9 0 13
    endloop
  endfacet
  facet normal 0 0 -1
    outer loop
      vertex -90 -0.637352 13
      vertex -89.9259 0.328512 13
      vertex -89.9259 -0.328512 13
    endloop
  endfacet
  facet normal -0 0 -1
    outer loop
      vertex -89.9259 0.328512 13
      vertex -90 -0.637352 13
      vertex -90 0.637352 13
    endloop
  endfacet
  facet normal 0.522574 -0.852594 0
    outer loop
      vertex -93.2343 1.69894 0
      vertex -92.9534 1.87111 12
      vertex -93.2343 1.69894 12
    endloop
  endfacet
  facet normal 0.522574 -0.852594 0
    outer loop
      vertex -92.9534 1.87111 12
      vertex -93.2343 1.69894 0
      vertex -92.9534 1.87111 0
    endloop
  endfacet
  facet normal 0.923885 -0.38267 0
    outer loop
      vertex -93.9972 0.648935 12
      vertex -93.8711 0.95338 0
      vertex -93.8711 0.95338 12
    endloop
  endfacet
  facet normal 0.923885 -0.38267 0
    outer loop
      vertex -93.8711 0.95338 0
      vertex -93.9972 0.648935 12
      vertex -93.9972 0.648935 0
    endloop
  endfacet
  facet normal 0.972388 0.233369 0
    outer loop
      vertex -93.9972 -0.648935 12
      vertex -94.0741 -0.328512 0
      vertex -94.0741 -0.328512 12
    endloop
  endfacet
  facet normal 0.972388 0.233369 0
    outer loop
      vertex -94.0741 -0.328512 0
      vertex -93.9972 -0.648935 12
      vertex -93.9972 -0.648935 0
    endloop
  endfacet
  facet normal 0.972388 -0.233369 0
    outer loop
      vertex -94.0741 0.328512 12
      vertex -93.9972 0.648935 0
      vertex -93.9972 0.648935 12
    endloop
  endfacet
  facet normal 0.972388 -0.233369 0
    outer loop
      vertex -93.9972 0.648935 0
      vertex -94.0741 0.328512 12
      vertex -94.0741 0.328512 0
    endloop
  endfacet
  facet normal 0.382637 -0.923899 0
    outer loop
      vertex -92.9534 1.87111 0
      vertex -92.6489 1.99722 12
      vertex -92.9534 1.87111 12
    endloop
  endfacet
  facet normal 0.382637 -0.923899 0
    outer loop
      vertex -92.6489 1.99722 12
      vertex -92.9534 1.87111 0
      vertex -92.6489 1.99722 0
    endloop
  endfacet
  facet normal 0.996907 -0.0785965 0
    outer loop
      vertex -94.1 0 12
      vertex -94.0741 0.328512 0
      vertex -94.0741 0.328512 12
    endloop
  endfacet
  facet normal 0.996907 -0.0785965 0
    outer loop
      vertex -94.0741 0.328512 0
      vertex -94.1 0 12
      vertex -94.1 0 0
    endloop
  endfacet
  facet normal 0.233471 0.972364 -0
    outer loop
      vertex -92.3285 -2.07415 0
      vertex -92.6489 -1.99722 12
      vertex -92.3285 -2.07415 12
    endloop
  endfacet
  facet normal 0.233471 0.972364 0
    outer loop
      vertex -92.6489 -1.99722 12
      vertex -92.3285 -2.07415 0
      vertex -92.6489 -1.99722 0
    endloop
  endfacet
  facet normal 0.852611 -0.522546 0
    outer loop
      vertex -93.8711 0.95338 12
      vertex -93.6989 1.23435 0
      vertex -93.6989 1.23435 12
    endloop
  endfacet
  facet normal 0.852611 -0.522546 0
    outer loop
      vertex -93.6989 1.23435 0
      vertex -93.8711 0.95338 12
      vertex -93.8711 0.95338 0
    endloop
  endfacet
  facet normal 0.233471 -0.972364 0
    outer loop
      vertex 91.3511 1.99722 0
      vertex 91.6715 2.07415 13
      vertex 91.3511 1.99722 13
    endloop
  endfacet
  facet normal 0.233471 -0.972364 0
    outer loop
      vertex 91.6715 2.07415 13
      vertex 91.3511 1.99722 0
      vertex 91.6715 2.07415 0
    endloop
  endfacet
  facet normal -0.972022 -0.234889 0
    outer loop
      vertex 93.9972 0.648935 0
      vertex 94 0.637348 12
      vertex 93.9972 0.648935 13
    endloop
  endfacet
  facet normal -0.972388 -0.233369 1.55379e-06
    outer loop
      vertex 94.0741 0.328512 0
      vertex 94 0.637348 12
      vertex 93.9972 0.648935 0
    endloop
  endfacet
  facet normal -0.972402 -0.233312 0
    outer loop
      vertex 94 0.637348 12
      vertex 94.0741 0.328512 0
      vertex 94.0741 0.328512 12
    endloop
  endfacet
  facet normal -0.972022 -0.234889 0
    outer loop
      vertex 93.9972 0.648935 13
      vertex 94 0.637348 12
      vertex 94 0.637348 13
    endloop
  endfacet
  facet normal -0.996907 -0.0785965 0
    outer loop
      vertex 94.1 0 0
      vertex 94.0741 0.328512 12
      vertex 94.0741 0.328512 0
    endloop
  endfacet
  facet normal -0.996907 -0.0785965 0
    outer loop
      vertex 94.0741 0.328512 12
      vertex 94.1 0 0
      vertex 94.1 0 12
    endloop
  endfacet
  facet normal -0.923885 0.38267 0
    outer loop
      vertex 93.8711 -0.95338 0
      vertex 93.9972 -0.648935 13
      vertex 93.9972 -0.648935 0
    endloop
  endfacet
  facet normal -0.923885 0.38267 0
    outer loop
      vertex 93.9972 -0.648935 13
      vertex 93.8711 -0.95338 0
      vertex 93.8711 -0.95338 13
    endloop
  endfacet
  facet normal -0.760416 0.649436 0
    outer loop
      vertex 93.4849 -1.48492 0
      vertex 93.6989 -1.23435 13
      vertex 93.6989 -1.23435 0
    endloop
  endfacet
  facet normal -0.760416 0.649436 0
    outer loop
      vertex 93.6989 -1.23435 13
      vertex 93.4849 -1.48492 0
      vertex 93.4849 -1.48492 13
    endloop
  endfacet
  facet normal -0.649426 0.760425 0
    outer loop
      vertex 93.4849 -1.48492 0
      vertex 93.2343 -1.69894 13
      vertex 93.4849 -1.48492 13
    endloop
  endfacet
  facet normal -0.649426 0.760425 0
    outer loop
      vertex 93.2343 -1.69894 13
      vertex 93.4849 -1.48492 0
      vertex 93.2343 -1.69894 0
    endloop
  endfacet
  facet normal -0.852611 -0.522546 0
    outer loop
      vertex 93.8711 0.95338 0
      vertex 93.6989 1.23435 13
      vertex 93.6989 1.23435 0
    endloop
  endfacet
  facet normal -0.852611 -0.522546 0
    outer loop
      vertex 93.6989 1.23435 13
      vertex 93.8711 0.95338 0
      vertex 93.8711 0.95338 13
    endloop
  endfacet
  facet normal 0.382637 0.923899 -0
    outer loop
      vertex 91.3511 -1.99722 0
      vertex 91.0466 -1.87111 13
      vertex 91.3511 -1.99722 13
    endloop
  endfacet
  facet normal 0.382637 0.923899 0
    outer loop
      vertex 91.0466 -1.87111 13
      vertex 91.3511 -1.99722 0
      vertex 91.0466 -1.87111 0
    endloop
  endfacet
  facet normal 0.0784485 0.996918 -0
    outer loop
      vertex 92 -2.1 0
      vertex 91.6715 -2.07415 13
      vertex 92 -2.1 13
    endloop
  endfacet
  facet normal 0.0784485 0.996918 0
    outer loop
      vertex 91.6715 -2.07415 13
      vertex 92 -2.1 0
      vertex 91.6715 -2.07415 0
    endloop
  endfacet
  facet normal -0.996907 0.0785965 0
    outer loop
      vertex 94.0741 -0.328512 0
      vertex 94.1 0 12
      vertex 94.1 0 0
    endloop
  endfacet
  facet normal -0.996907 0.0785965 0
    outer loop
      vertex 94.1 0 12
      vertex 94.0741 -0.328512 0
      vertex 94.0741 -0.328512 12
    endloop
  endfacet
  facet normal -0.760416 -0.649436 0
    outer loop
      vertex 93.6989 1.23435 0
      vertex 93.4849 1.48492 13
      vertex 93.4849 1.48492 0
    endloop
  endfacet
  facet normal -0.760416 -0.649436 0
    outer loop
      vertex 93.4849 1.48492 13
      vertex 93.6989 1.23435 0
      vertex 93.6989 1.23435 13
    endloop
  endfacet
  facet normal -0.522574 -0.852594 0
    outer loop
      vertex 92.9534 1.87111 0
      vertex 93.2343 1.69894 13
      vertex 92.9534 1.87111 13
    endloop
  endfacet
  facet normal -0.522574 -0.852594 -0
    outer loop
      vertex 93.2343 1.69894 13
      vertex 92.9534 1.87111 0
      vertex 93.2343 1.69894 0
    endloop
  endfacet
  facet normal 0.852611 -0.522546 0
    outer loop
      vertex 90.1289 0.95338 13
      vertex 90.3011 1.23435 0
      vertex 90.3011 1.23435 13
    endloop
  endfacet
  facet normal 0.852611 -0.522546 0
    outer loop
      vertex 90.3011 1.23435 0
      vertex 90.1289 0.95338 13
      vertex 90.1289 0.95338 0
    endloop
  endfacet
  facet normal 0.760416 -0.649436 0
    outer loop
      vertex 90.3011 1.23435 13
      vertex 90.5151 1.48492 0
      vertex 90.5151 1.48492 13
    endloop
  endfacet
  facet normal 0.760416 -0.649436 0
    outer loop
      vertex 90.5151 1.48492 0
      vertex 90.3011 1.23435 13
      vertex 90.3011 1.23435 0
    endloop
  endfacet
  facet normal 0.852611 0.522546 0
    outer loop
      vertex 90.3011 -1.23435 13
      vertex 90.1289 -0.95338 0
      vertex 90.1289 -0.95338 13
    endloop
  endfacet
  facet normal 0.852611 0.522546 0
    outer loop
      vertex 90.1289 -0.95338 0
      vertex 90.3011 -1.23435 13
      vertex 90.3011 -1.23435 0
    endloop
  endfacet
  facet normal -0.972402 0.233312 0
    outer loop
      vertex 94.0741 -0.328512 0
      vertex 94 -0.637348 12
      vertex 94.0741 -0.328512 12
    endloop
  endfacet
  facet normal -0.972388 0.233369 1.55379e-06
    outer loop
      vertex 93.9972 -0.648935 0
      vertex 94 -0.637348 12
      vertex 94.0741 -0.328512 0
    endloop
  endfacet
  facet normal -0.972022 0.234889 0
    outer loop
      vertex 93.9972 -0.648935 13
      vertex 94 -0.637348 12
      vertex 93.9972 -0.648935 0
    endloop
  endfacet
  facet normal -0.972022 0.234889 0
    outer loop
      vertex 94 -0.637348 12
      vertex 93.9972 -0.648935 13
      vertex 94 -0.637348 13
    endloop
  endfacet
  facet normal 0.649576 -0.760297 0
    outer loop
      vertex 90.5151 1.48492 0
      vertex 90.7656 1.69894 13
      vertex 90.5151 1.48492 13
    endloop
  endfacet
  facet normal 0.649576 -0.760297 0
    outer loop
      vertex 90.7656 1.69894 13
      vertex 90.5151 1.48492 0
      vertex 90.7656 1.69894 0
    endloop
  endfacet
  facet normal 0.996907 0.0785965 0
    outer loop
      vertex 89.9259 -0.328512 12
      vertex 89.9 0 0
      vertex 89.9 0 12
    endloop
  endfacet
  facet normal 0.996907 0.0785965 0
    outer loop
      vertex 89.9 0 0
      vertex 89.9259 -0.328512 12
      vertex 89.9259 -0.328512 0
    endloop
  endfacet
  facet normal -0.0784485 -0.996918 0
    outer loop
      vertex 92 2.1 0
      vertex 92.3285 2.07415 13
      vertex 92 2.1 13
    endloop
  endfacet
  facet normal -0.0784485 -0.996918 -0
    outer loop
      vertex 92.3285 2.07415 13
      vertex 92 2.1 0
      vertex 92.3285 2.07415 0
    endloop
  endfacet
  facet normal 0.522439 0.852677 -0
    outer loop
      vertex 91.0466 -1.87111 0
      vertex 90.7656 -1.69894 13
      vertex 91.0466 -1.87111 13
    endloop
  endfacet
  facet normal 0.522439 0.852677 0
    outer loop
      vertex 90.7656 -1.69894 13
      vertex 91.0466 -1.87111 0
      vertex 90.7656 -1.69894 0
    endloop
  endfacet
  facet normal -0.233471 0.972364 0
    outer loop
      vertex 92.6489 -1.99722 0
      vertex 92.3285 -2.07415 13
      vertex 92.6489 -1.99722 13
    endloop
  endfacet
  facet normal -0.233471 0.972364 0
    outer loop
      vertex 92.3285 -2.07415 13
      vertex 92.6489 -1.99722 0
      vertex 92.3285 -2.07415 0
    endloop
  endfacet
  facet normal -0.233471 -0.972364 0
    outer loop
      vertex 92.3285 2.07415 0
      vertex 92.6489 1.99722 13
      vertex 92.3285 2.07415 13
    endloop
  endfacet
  facet normal -0.233471 -0.972364 -0
    outer loop
      vertex 92.6489 1.99722 13
      vertex 92.3285 2.07415 0
      vertex 92.6489 1.99722 0
    endloop
  endfacet
  facet normal -0.382637 0.923899 0
    outer loop
      vertex 92.9534 -1.87111 0
      vertex 92.6489 -1.99722 13
      vertex 92.9534 -1.87111 13
    endloop
  endfacet
  facet normal -0.382637 0.923899 0
    outer loop
      vertex 92.6489 -1.99722 13
      vertex 92.9534 -1.87111 0
      vertex 92.6489 -1.99722 0
    endloop
  endfacet
  facet normal 0.760416 0.649436 0
    outer loop
      vertex 90.5151 -1.48492 13
      vertex 90.3011 -1.23435 0
      vertex 90.3011 -1.23435 13
    endloop
  endfacet
  facet normal 0.760416 0.649436 0
    outer loop
      vertex 90.3011 -1.23435 0
      vertex 90.5151 -1.48492 13
      vertex 90.5151 -1.48492 0
    endloop
  endfacet
  facet normal -0.649426 -0.760425 0
    outer loop
      vertex 93.2343 1.69894 0
      vertex 93.4849 1.48492 13
      vertex 93.2343 1.69894 13
    endloop
  endfacet
  facet normal -0.649426 -0.760425 -0
    outer loop
      vertex 93.4849 1.48492 13
      vertex 93.2343 1.69894 0
      vertex 93.4849 1.48492 0
    endloop
  endfacet
  facet normal -0.522574 0.852594 0
    outer loop
      vertex 93.2343 -1.69894 0
      vertex 92.9534 -1.87111 13
      vertex 93.2343 -1.69894 13
    endloop
  endfacet
  facet normal -0.522574 0.852594 0
    outer loop
      vertex 92.9534 -1.87111 13
      vertex 93.2343 -1.69894 0
      vertex 92.9534 -1.87111 0
    endloop
  endfacet
  facet normal -0.382637 -0.923899 0
    outer loop
      vertex 92.6489 1.99722 0
      vertex 92.9534 1.87111 13
      vertex 92.6489 1.99722 13
    endloop
  endfacet
  facet normal -0.382637 -0.923899 -0
    outer loop
      vertex 92.9534 1.87111 13
      vertex 92.6489 1.99722 0
      vertex 92.9534 1.87111 0
    endloop
  endfacet
  facet normal 0.522439 -0.852677 0
    outer loop
      vertex 90.7656 1.69894 0
      vertex 91.0466 1.87111 13
      vertex 90.7656 1.69894 13
    endloop
  endfacet
  facet normal 0.522439 -0.852677 0
    outer loop
      vertex 91.0466 1.87111 13
      vertex 90.7656 1.69894 0
      vertex 91.0466 1.87111 0
    endloop
  endfacet
  facet normal -0.0784485 0.996918 0
    outer loop
      vertex 92.3285 -2.07415 0
      vertex 92 -2.1 13
      vertex 92.3285 -2.07415 13
    endloop
  endfacet
  facet normal -0.0784485 0.996918 0
    outer loop
      vertex 92 -2.1 13
      vertex 92.3285 -2.07415 0
      vertex 92 -2.1 0
    endloop
  endfacet
  facet normal -0.923885 -0.38267 0
    outer loop
      vertex 93.9972 0.648935 0
      vertex 93.8711 0.95338 13
      vertex 93.8711 0.95338 0
    endloop
  endfacet
  facet normal -0.923885 -0.38267 0
    outer loop
      vertex 93.8711 0.95338 13
      vertex 93.9972 0.648935 0
      vertex 93.9972 0.648935 13
    endloop
  endfacet
  facet normal -0.852611 0.522546 0
    outer loop
      vertex 93.6989 -1.23435 0
      vertex 93.8711 -0.95338 13
      vertex 93.8711 -0.95338 0
    endloop
  endfacet
  facet normal -0.852611 0.522546 0
    outer loop
      vertex 93.8711 -0.95338 13
      vertex 93.6989 -1.23435 0
      vertex 93.6989 -1.23435 13
    endloop
  endfacet
  facet normal 0.382637 -0.923899 0
    outer loop
      vertex 91.0466 1.87111 0
      vertex 91.3511 1.99722 13
      vertex 91.0466 1.87111 13
    endloop
  endfacet
  facet normal 0.382637 -0.923899 0
    outer loop
      vertex 91.3511 1.99722 13
      vertex 91.0466 1.87111 0
      vertex 91.3511 1.99722 0
    endloop
  endfacet
  facet normal 0.0784485 -0.996918 0
    outer loop
      vertex 91.6715 2.07415 0
      vertex 92 2.1 13
      vertex 91.6715 2.07415 13
    endloop
  endfacet
  facet normal 0.0784485 -0.996918 0
    outer loop
      vertex 92 2.1 13
      vertex 91.6715 2.07415 0
      vertex 92 2.1 0
    endloop
  endfacet
  facet normal 0.923885 0.38267 0
    outer loop
      vertex 90.1289 -0.95338 13
      vertex 90.0028 -0.648935 0
      vertex 90.0028 -0.648935 13
    endloop
  endfacet
  facet normal 0.923885 0.38267 0
    outer loop
      vertex 90.0028 -0.648935 0
      vertex 90.1289 -0.95338 13
      vertex 90.1289 -0.95338 0
    endloop
  endfacet
  facet normal 0.233471 0.972364 -0
    outer loop
      vertex 91.6715 -2.07415 0
      vertex 91.3511 -1.99722 13
      vertex 91.6715 -2.07415 13
    endloop
  endfacet
  facet normal 0.233471 0.972364 0
    outer loop
      vertex 91.3511 -1.99722 13
      vertex 91.6715 -2.07415 0
      vertex 91.3511 -1.99722 0
    endloop
  endfacet
  facet normal 0.972004 0.234966 0
    outer loop
      vertex 90 -0.637352 13
      vertex 90.0028 -0.648935 13
      vertex 90 -0.637352 12
    endloop
  endfacet
  facet normal 0.972403 0.233309 0
    outer loop
      vertex 90 -0.637352 12
      vertex 89.9259 -0.328512 0
      vertex 89.9259 -0.328512 12
    endloop
  endfacet
  facet normal 0.972388 0.233369 1.63158e-06
    outer loop
      vertex 90 -0.637352 12
      vertex 90.0028 -0.648935 0
      vertex 89.9259 -0.328512 0
    endloop
  endfacet
  facet normal 0.972004 0.234966 -0
    outer loop
      vertex 90.0028 -0.648935 0
      vertex 90 -0.637352 12
      vertex 90.0028 -0.648935 13
    endloop
  endfacet
  facet normal 0.923885 -0.38267 0
    outer loop
      vertex 90.0028 0.648935 13
      vertex 90.1289 0.95338 0
      vertex 90.1289 0.95338 13
    endloop
  endfacet
  facet normal 0.923885 -0.38267 0
    outer loop
      vertex 90.1289 0.95338 0
      vertex 90.0028 0.648935 13
      vertex 90.0028 0.648935 0
    endloop
  endfacet
  facet normal 0.972004 -0.234966 0
    outer loop
      vertex 90 0.637352 12
      vertex 90.0028 0.648935 13
      vertex 90 0.637352 13
    endloop
  endfacet
  facet normal 0.972004 -0.234966 0
    outer loop
      vertex 90.0028 0.648935 13
      vertex 90 0.637352 12
      vertex 90.0028 0.648935 0
    endloop
  endfacet
  facet normal 0.972403 -0.233309 1.6928e-06
    outer loop
      vertex 89.9259 0.328512 12
      vertex 90.0028 0.648935 0
      vertex 90 0.637352 12
    endloop
  endfacet
  facet normal 0.972388 -0.233369 0
    outer loop
      vertex 90.0028 0.648935 0
      vertex 89.9259 0.328512 12
      vertex 89.9259 0.328512 0
    endloop
  endfacet
  facet normal 0.996907 -0.0785965 0
    outer loop
      vertex 89.9 0 12
      vertex 89.9259 0.328512 0
      vertex 89.9259 0.328512 12
    endloop
  endfacet
  facet normal 0.996907 -0.0785965 0
    outer loop
      vertex 89.9259 0.328512 0
      vertex 89.9 0 12
      vertex 89.9 0 0
    endloop
  endfacet
  facet normal 0.649576 0.760297 -0
    outer loop
      vertex 90.7656 -1.69894 0
      vertex 90.5151 -1.48492 13
      vertex 90.7656 -1.69894 13
    endloop
  endfacet
  facet normal 0.649576 0.760297 0
    outer loop
      vertex 90.5151 -1.48492 13
      vertex 90.7656 -1.69894 0
      vertex 90.5151 -1.48492 0
    endloop
  endfacet
  facet normal 0 0 -1
    outer loop
      vertex 93.8711 -0.95338 13
      vertex 94 -0.637348 13
      vertex 93.9972 -0.648935 13
    endloop
  endfacet
  facet normal -0 0 -1
    outer loop
      vertex 94 -0.637348 13
      vertex 93.8711 -0.95338 13
      vertex 94 0.637348 13
    endloop
  endfacet
  facet normal 0 0 -1
    outer loop
      vertex 93.8711 0.95338 13
      vertex 94 0.637348 13
      vertex 93.8711 -0.95338 13
    endloop
  endfacet
  facet normal 0 0 -1
    outer loop
      vertex 94 0.637348 13
      vertex 93.8711 0.95338 13
      vertex 93.9972 0.648935 13
    endloop
  endfacet
  facet normal 0 0 -1
    outer loop
      vertex 93.6989 -1.23435 13
      vertex 93.8711 0.95338 13
      vertex 93.8711 -0.95338 13
    endloop
  endfacet
  facet normal 0 0 -1
    outer loop
      vertex 93.6989 -1.23435 13
      vertex 93.6989 1.23435 13
      vertex 93.8711 0.95338 13
    endloop
  endfacet
  facet normal 0 0 -1
    outer loop
      vertex 93.4849 -1.48492 13
      vertex 93.6989 1.23435 13
      vertex 93.6989 -1.23435 13
    endloop
  endfacet
  facet normal 0 0 -1
    outer loop
      vertex 93.4849 -1.48492 13
      vertex 93.4849 1.48492 13
      vertex 93.6989 1.23435 13
    endloop
  endfacet
  facet normal 0 0 -1
    outer loop
      vertex 93.2343 -1.69894 13
      vertex 93.4849 1.48492 13
      vertex 93.4849 -1.48492 13
    endloop
  endfacet
  facet normal 0 0 -1
    outer loop
      vertex 93.2343 -1.69894 13
      vertex 93.2343 1.69894 13
      vertex 93.4849 1.48492 13
    endloop
  endfacet
  facet normal 0 0 -1
    outer loop
      vertex 92.9534 -1.87111 13
      vertex 93.2343 1.69894 13
      vertex 93.2343 -1.69894 13
    endloop
  endfacet
  facet normal 0 0 -1
    outer loop
      vertex 92.9534 -1.87111 13
      vertex 92.9534 1.87111 13
      vertex 93.2343 1.69894 13
    endloop
  endfacet
  facet normal 0 0 -1
    outer loop
      vertex 92.6489 -1.99722 13
      vertex 92.9534 1.87111 13
      vertex 92.9534 -1.87111 13
    endloop
  endfacet
  facet normal 0 0 -1
    outer loop
      vertex 92.6489 -1.99722 13
      vertex 92.6489 1.99722 13
      vertex 92.9534 1.87111 13
    endloop
  endfacet
  facet normal 0 0 -1
    outer loop
      vertex 92.3285 -2.07415 13
      vertex 92.6489 1.99722 13
      vertex 92.6489 -1.99722 13
    endloop
  endfacet
  facet normal 0 0 -1
    outer loop
      vertex 92.3285 -2.07415 13
      vertex 92.3285 2.07415 13
      vertex 92.6489 1.99722 13
    endloop
  endfacet
  facet normal 0 0 -1
    outer loop
      vertex 92 -2.1 13
      vertex 92.3285 2.07415 13
      vertex 92.3285 -2.07415 13
    endloop
  endfacet
  facet normal 0 0 -1
    outer loop
      vertex 92 -2.1 13
      vertex 92 2.1 13
      vertex 92.3285 2.07415 13
    endloop
  endfacet
  facet normal 0 0 -1
    outer loop
      vertex 91.6715 -2.07415 13
      vertex 92 2.1 13
      vertex 92 -2.1 13
    endloop
  endfacet
  facet normal 0 0 -1
    outer loop
      vertex 91.6715 -2.07415 13
      vertex 91.6715 2.07415 13
      vertex 92 2.1 13
    endloop
  endfacet
  facet normal 0 0 -1
    outer loop
      vertex 91.3511 -1.99722 13
      vertex 91.6715 2.07415 13
      vertex 91.6715 -2.07415 13
    endloop
  endfacet
  facet normal 0 0 -1
    outer loop
      vertex 91.3511 -1.99722 13
      vertex 91.3511 1.99722 13
      vertex 91.6715 2.07415 13
    endloop
  endfacet
  facet normal 0 0 -1
    outer loop
      vertex 91.0466 -1.87111 13
      vertex 91.3511 1.99722 13
      vertex 91.3511 -1.99722 13
    endloop
  endfacet
  facet normal 0 0 -1
    outer loop
      vertex 91.0466 -1.87111 13
      vertex 91.0466 1.87111 13
      vertex 91.3511 1.99722 13
    endloop
  endfacet
  facet normal 0 0 -1
    outer loop
      vertex 90.7656 -1.69894 13
      vertex 91.0466 1.87111 13
      vertex 91.0466 -1.87111 13
    endloop
  endfacet
  facet normal 0 0 -1
    outer loop
      vertex 90.7656 -1.69894 13
      vertex 90.7656 1.69894 13
      vertex 91.0466 1.87111 13
    endloop
  endfacet
  facet normal 0 0 -1
    outer loop
      vertex 90.5151 -1.48492 13
      vertex 90.7656 1.69894 13
      vertex 90.7656 -1.69894 13
    endloop
  endfacet
  facet normal 0 0 -1
    outer loop
      vertex 90.5151 -1.48492 13
      vertex 90.5151 1.48492 13
      vertex 90.7656 1.69894 13
    endloop
  endfacet
  facet normal 0 0 -1
    outer loop
      vertex 90.3011 -1.23435 13
      vertex 90.5151 1.48492 13
      vertex 90.5151 -1.48492 13
    endloop
  endfacet
  facet normal 0 0 -1
    outer loop
      vertex 90.3011 -1.23435 13
      vertex 90.3011 1.23435 13
      vertex 90.5151 1.48492 13
    endloop
  endfacet
  facet normal 0 0 -1
    outer loop
      vertex 90.1289 -0.95338 13
      vertex 90.3011 1.23435 13
      vertex 90.3011 -1.23435 13
    endloop
  endfacet
  facet normal 0 0 -1
    outer loop
      vertex 90.1289 -0.95338 13
      vertex 90.1289 0.95338 13
      vertex 90.3011 1.23435 13
    endloop
  endfacet
  facet normal 0 0 -1
    outer loop
      vertex 90 -0.637352 13
      vertex 90.1289 -0.95338 13
      vertex 90.0028 -0.648935 13
    endloop
  endfacet
  facet normal 0 0 -1
    outer loop
      vertex 90.1289 -0.95338 13
      vertex 90 -0.637352 13
      vertex 90.1289 0.95338 13
    endloop
  endfacet
  facet normal 0 0 -1
    outer loop
      vertex 90 0.637352 13
      vertex 90.1289 0.95338 13
      vertex 90 -0.637352 13
    endloop
  endfacet
  facet normal 0 0 -1
    outer loop
      vertex 90.1289 0.95338 13
      vertex 90 0.637352 13
      vertex 90.0028 0.648935 13
    endloop
  endfacet
endsolid OpenSCAD_Model
