solid OpenSCAD_Model
  facet normal -0.97235 -0.233527 0
    outer loop
      vertex -36.0308 -10.6089 0
      vertex -36.1224 -10.2275 3
      vertex -36.1224 -10.2275 0
    endloop
  endfacet
  facet normal -0.97235 -0.233527 0
    outer loop
      vertex -36.1224 -10.2275 3
      vertex -36.0308 -10.6089 0
      vertex -36.0308 -10.6089 3
    endloop
  endfacet
  facet normal -0.996913 -0.0785092 0
    outer loop
      vertex -36 -11 0
      vertex -36.0308 -10.6089 3
      vertex -36.0308 -10.6089 0
    endloop
  endfacet
  facet normal -0.996913 -0.0785092 0
    outer loop
      vertex -36.0308 -10.6089 3
      vertex -36 -11 0
      vertex -36 -11 3
    endloop
  endfacet
  facet normal -0.923919 -0.382587 0
    outer loop
      vertex -36.1224 -10.2275 0
      vertex -36.2725 -9.86502 3
      vertex -36.2725 -9.86502 0
    endloop
  endfacet
  facet normal -0.923919 -0.382587 0
    outer loop
      vertex -36.2725 -9.86502 3
      vertex -36.1224 -10.2275 0
      vertex -36.1224 -10.2275 3
    endloop
  endfacet
  facet normal -0.0785092 0.996913 0
    outer loop
      vertex -38.1089 -13.4692 0
      vertex -38.5 -13.5 3
      vertex -38.1089 -13.4692 3
    endloop
  endfacet
  facet normal -0.0785092 0.996913 0
    outer loop
      vertex -38.5 -13.5 3
      vertex -38.1089 -13.4692 0
      vertex -38.5 -13.5 0
    endloop
  endfacet
  facet normal 0.760508 -0.649329 0
    outer loop
      vertex -40.5225 -9.53054 3
      vertex -40.2678 -9.23223 0
      vertex -40.2678 -9.23223 3
    endloop
  endfacet
  facet normal 0.760508 -0.649329 0
    outer loop
      vertex -40.2678 -9.23223 0
      vertex -40.5225 -9.53054 3
      vertex -40.5225 -9.53054 0
    endloop
  endfacet
  facet normal 0.522532 0.85262 -0
    outer loop
      vertex -39.635 -13.2275 0
      vertex -39.9695 -13.0225 3
      vertex -39.635 -13.2275 3
    endloop
  endfacet
  facet normal 0.522532 0.85262 0
    outer loop
      vertex -39.9695 -13.0225 3
      vertex -39.635 -13.2275 0
      vertex -39.9695 -13.0225 0
    endloop
  endfacet
  facet normal 0.649342 0.760497 -0
    outer loop
      vertex -39.9695 -13.0225 0
      vertex -40.2678 -12.7678 3
      vertex -39.9695 -13.0225 3
    endloop
  endfacet
  facet normal 0.649342 0.760497 0
    outer loop
      vertex -40.2678 -12.7678 3
      vertex -39.9695 -13.0225 0
      vertex -40.2678 -12.7678 0
    endloop
  endfacet
  facet normal -0.649342 0.760497 0
    outer loop
      vertex -36.7322 -12.7678 0
      vertex -37.0305 -13.0225 3
      vertex -36.7322 -12.7678 3
    endloop
  endfacet
  facet normal -0.649342 0.760497 0
    outer loop
      vertex -37.0305 -13.0225 3
      vertex -36.7322 -12.7678 0
      vertex -37.0305 -13.0225 0
    endloop
  endfacet
  facet normal 0.233527 0.97235 -0
    outer loop
      vertex -38.8911 -13.4692 0
      vertex -39.2725 -13.3776 3
      vertex -38.8911 -13.4692 3
    endloop
  endfacet
  facet normal 0.233527 0.97235 0
    outer loop
      vertex -39.2725 -13.3776 3
      vertex -38.8911 -13.4692 0
      vertex -39.2725 -13.3776 0
    endloop
  endfacet
  facet normal 0.649445 -0.760409 0
    outer loop
      vertex -40.2678 -9.23223 0
      vertex -39.9695 -8.97746 3
      vertex -40.2678 -9.23223 3
    endloop
  endfacet
  facet normal 0.649445 -0.760409 0
    outer loop
      vertex -39.9695 -8.97746 3
      vertex -40.2678 -9.23223 0
      vertex -39.9695 -8.97746 0
    endloop
  endfacet
  facet normal 0.382613 -0.923909 0
    outer loop
      vertex -39.635 -8.77248 0
      vertex -39.2725 -8.62236 3
      vertex -39.635 -8.77248 3
    endloop
  endfacet
  facet normal 0.382613 -0.923909 0
    outer loop
      vertex -39.2725 -8.62236 3
      vertex -39.635 -8.77248 0
      vertex -39.2725 -8.62236 0
    endloop
  endfacet
  facet normal -0.85262 0.522532 0
    outer loop
      vertex -36.4775 -12.4695 0
      vertex -36.2725 -12.135 3
      vertex -36.2725 -12.135 0
    endloop
  endfacet
  facet normal -0.85262 0.522532 0
    outer loop
      vertex -36.2725 -12.135 3
      vertex -36.4775 -12.4695 0
      vertex -36.4775 -12.4695 3
    endloop
  endfacet
  facet normal 0.382569 0.923927 -0
    outer loop
      vertex -39.2725 -13.3776 0
      vertex -39.635 -13.2275 3
      vertex -39.2725 -13.3776 3
    endloop
  endfacet
  facet normal 0.382569 0.923927 0
    outer loop
      vertex -39.635 -13.2275 3
      vertex -39.2725 -13.3776 0
      vertex -39.635 -13.2275 0
    endloop
  endfacet
  facet normal -0.382569 0.923927 0
    outer loop
      vertex -37.365 -13.2275 0
      vertex -37.7275 -13.3776 3
      vertex -37.365 -13.2275 3
    endloop
  endfacet
  facet normal -0.382569 0.923927 0
    outer loop
      vertex -37.7275 -13.3776 3
      vertex -37.365 -13.2275 0
      vertex -37.7275 -13.3776 0
    endloop
  endfacet
  facet normal 0.760497 0.649342 0
    outer loop
      vertex -40.2678 -12.7678 3
      vertex -40.5225 -12.4695 0
      vertex -40.5225 -12.4695 3
    endloop
  endfacet
  facet normal 0.760497 0.649342 0
    outer loop
      vertex -40.5225 -12.4695 0
      vertex -40.2678 -12.7678 3
      vertex -40.2678 -12.7678 0
    endloop
  endfacet
  facet normal -0.996913 0.0785092 0
    outer loop
      vertex -36.0308 -11.3911 0
      vertex -36 -11 3
      vertex -36 -11 0
    endloop
  endfacet
  facet normal -0.996913 0.0785092 0
    outer loop
      vertex -36 -11 3
      vertex -36.0308 -11.3911 0
      vertex -36.0308 -11.3911 3
    endloop
  endfacet
  facet normal 0.97235 0.233527 0
    outer loop
      vertex -40.8776 -11.7725 3
      vertex -40.9692 -11.3911 0
      vertex -40.9692 -11.3911 3
    endloop
  endfacet
  facet normal 0.97235 0.233527 0
    outer loop
      vertex -40.9692 -11.3911 0
      vertex -40.8776 -11.7725 3
      vertex -40.8776 -11.7725 0
    endloop
  endfacet
  facet normal 0.522495 -0.852642 0
    outer loop
      vertex -39.9695 -8.97746 0
      vertex -39.635 -8.77248 3
      vertex -39.9695 -8.97746 3
    endloop
  endfacet
  facet normal 0.522495 -0.852642 0
    outer loop
      vertex -39.635 -8.77248 3
      vertex -39.9695 -8.97746 0
      vertex -39.635 -8.77248 0
    endloop
  endfacet
  facet normal 0.923927 0.382569 0
    outer loop
      vertex -40.7275 -12.135 3
      vertex -40.8776 -11.7725 0
      vertex -40.8776 -11.7725 3
    endloop
  endfacet
  facet normal 0.923927 0.382569 0
    outer loop
      vertex -40.8776 -11.7725 0
      vertex -40.7275 -12.135 3
      vertex -40.7275 -12.135 0
    endloop
  endfacet
  facet normal -0.923927 0.382569 0
    outer loop
      vertex -36.2725 -12.135 0
      vertex -36.1224 -11.7725 3
      vertex -36.1224 -11.7725 0
    endloop
  endfacet
  facet normal -0.923927 0.382569 0
    outer loop
      vertex -36.1224 -11.7725 3
      vertex -36.2725 -12.135 0
      vertex -36.2725 -12.135 3
    endloop
  endfacet
  facet normal 0.996913 -0.0785092 0
    outer loop
      vertex -41 -11 3
      vertex -40.9692 -10.6089 0
      vertex -40.9692 -10.6089 3
    endloop
  endfacet
  facet normal 0.996913 -0.0785092 0
    outer loop
      vertex -40.9692 -10.6089 0
      vertex -41 -11 3
      vertex -41 -11 0
    endloop
  endfacet
  facet normal -0.382613 -0.923909 0
    outer loop
      vertex -37.7275 -8.62236 0
      vertex -37.365 -8.77248 3
      vertex -37.7275 -8.62236 3
    endloop
  endfacet
  facet normal -0.382613 -0.923909 -0
    outer loop
      vertex -37.365 -8.77248 3
      vertex -37.7275 -8.62236 0
      vertex -37.365 -8.77248 0
    endloop
  endfacet
  facet normal -0.649445 -0.760409 0
    outer loop
      vertex -37.0305 -8.97746 0
      vertex -36.7322 -9.23223 3
      vertex -37.0305 -8.97746 3
    endloop
  endfacet
  facet normal -0.649445 -0.760409 -0
    outer loop
      vertex -36.7322 -9.23223 3
      vertex -37.0305 -8.97746 0
      vertex -36.7322 -9.23223 0
    endloop
  endfacet
  facet normal 0.233479 -0.972362 0
    outer loop
      vertex -39.2725 -8.62236 0
      vertex -38.8911 -8.53078 3
      vertex -39.2725 -8.62236 3
    endloop
  endfacet
  facet normal 0.233479 -0.972362 0
    outer loop
      vertex -38.8911 -8.53078 3
      vertex -39.2725 -8.62236 0
      vertex -38.8911 -8.53078 0
    endloop
  endfacet
  facet normal -0.522495 -0.852642 0
    outer loop
      vertex -37.365 -8.77248 0
      vertex -37.0305 -8.97746 3
      vertex -37.365 -8.77248 3
    endloop
  endfacet
  facet normal -0.522495 -0.852642 -0
    outer loop
      vertex -37.0305 -8.97746 3
      vertex -37.365 -8.77248 0
      vertex -37.0305 -8.97746 0
    endloop
  endfacet
  facet normal 0.923919 -0.382587 0
    outer loop
      vertex -40.8776 -10.2275 3
      vertex -40.7275 -9.86502 0
      vertex -40.7275 -9.86502 3
    endloop
  endfacet
  facet normal 0.923919 -0.382587 0
    outer loop
      vertex -40.7275 -9.86502 0
      vertex -40.8776 -10.2275 3
      vertex -40.8776 -10.2275 0
    endloop
  endfacet
  facet normal -0.522532 0.85262 0
    outer loop
      vertex -37.0305 -13.0225 0
      vertex -37.365 -13.2275 3
      vertex -37.0305 -13.0225 3
    endloop
  endfacet
  facet normal -0.522532 0.85262 0
    outer loop
      vertex -37.365 -13.2275 3
      vertex -37.0305 -13.0225 0
      vertex -37.365 -13.2275 0
    endloop
  endfacet
  facet normal -0.852606 -0.522555 0
    outer loop
      vertex -36.2725 -9.86502 0
      vertex -36.4775 -9.53054 3
      vertex -36.4775 -9.53054 0
    endloop
  endfacet
  facet normal -0.852606 -0.522555 0
    outer loop
      vertex -36.4775 -9.53054 3
      vertex -36.2725 -9.86502 0
      vertex -36.2725 -9.86502 3
    endloop
  endfacet
  facet normal -0.760508 -0.649329 0
    outer loop
      vertex -36.4775 -9.53054 0
      vertex -36.7322 -9.23223 3
      vertex -36.7322 -9.23223 0
    endloop
  endfacet
  facet normal -0.760508 -0.649329 0
    outer loop
      vertex -36.7322 -9.23223 3
      vertex -36.4775 -9.53054 0
      vertex -36.4775 -9.53054 3
    endloop
  endfacet
  facet normal 0.85262 0.522532 0
    outer loop
      vertex -40.5225 -12.4695 3
      vertex -40.7275 -12.135 0
      vertex -40.7275 -12.135 3
    endloop
  endfacet
  facet normal 0.85262 0.522532 0
    outer loop
      vertex -40.7275 -12.135 0
      vertex -40.5225 -12.4695 3
      vertex -40.5225 -12.4695 0
    endloop
  endfacet
  facet normal -0.233527 0.97235 0
    outer loop
      vertex -37.7275 -13.3776 0
      vertex -38.1089 -13.4692 3
      vertex -37.7275 -13.3776 3
    endloop
  endfacet
  facet normal -0.233527 0.97235 0
    outer loop
      vertex -38.1089 -13.4692 3
      vertex -37.7275 -13.3776 0
      vertex -38.1089 -13.4692 0
    endloop
  endfacet
  facet normal -0.233479 -0.972362 0
    outer loop
      vertex -38.1089 -8.53078 0
      vertex -37.7275 -8.62236 3
      vertex -38.1089 -8.53078 3
    endloop
  endfacet
  facet normal -0.233479 -0.972362 -0
    outer loop
      vertex -37.7275 -8.62236 3
      vertex -38.1089 -8.53078 0
      vertex -37.7275 -8.62236 0
    endloop
  endfacet
  facet normal 0.852606 -0.522555 0
    outer loop
      vertex -40.7275 -9.86502 3
      vertex -40.5225 -9.53054 0
      vertex -40.5225 -9.53054 3
    endloop
  endfacet
  facet normal 0.852606 -0.522555 0
    outer loop
      vertex -40.5225 -9.53054 0
      vertex -40.7275 -9.86502 3
      vertex -40.7275 -9.86502 0
    endloop
  endfacet
  facet normal 0.996913 0.0785092 0
    outer loop
      vertex -40.9692 -11.3911 3
      vertex -41 -11 0
      vertex -41 -11 3
    endloop
  endfacet
  facet normal 0.996913 0.0785092 0
    outer loop
      vertex -41 -11 0
      vertex -40.9692 -11.3911 3
      vertex -40.9692 -11.3911 0
    endloop
  endfacet
  facet normal -0.760497 0.649342 0
    outer loop
      vertex -36.7322 -12.7678 0
      vertex -36.4775 -12.4695 3
      vertex -36.4775 -12.4695 0
    endloop
  endfacet
  facet normal -0.760497 0.649342 0
    outer loop
      vertex -36.4775 -12.4695 3
      vertex -36.7322 -12.7678 0
      vertex -36.7322 -12.7678 3
    endloop
  endfacet
  facet normal -0.97235 0.233527 0
    outer loop
      vertex -36.1224 -11.7725 0
      vertex -36.0308 -11.3911 3
      vertex -36.0308 -11.3911 0
    endloop
  endfacet
  facet normal -0.97235 0.233527 0
    outer loop
      vertex -36.0308 -11.3911 3
      vertex -36.1224 -11.7725 0
      vertex -36.1224 -11.7725 3
    endloop
  endfacet
  facet normal 0.97235 -0.233527 0
    outer loop
      vertex -40.9692 -10.6089 3
      vertex -40.8776 -10.2275 0
      vertex -40.8776 -10.2275 3
    endloop
  endfacet
  facet normal 0.97235 -0.233527 0
    outer loop
      vertex -40.8776 -10.2275 0
      vertex -40.9692 -10.6089 3
      vertex -40.9692 -10.6089 0
    endloop
  endfacet
  facet normal -0.0784585 -0.996917 0
    outer loop
      vertex -38.5 -8.5 0
      vertex -38.1089 -8.53078 3
      vertex -38.5 -8.5 3
    endloop
  endfacet
  facet normal -0.0784585 -0.996917 -0
    outer loop
      vertex -38.1089 -8.53078 3
      vertex -38.5 -8.5 0
      vertex -38.1089 -8.53078 0
    endloop
  endfacet
  facet normal 0.0784585 -0.996917 0
    outer loop
      vertex -38.8911 -8.53078 0
      vertex -38.5 -8.5 3
      vertex -38.8911 -8.53078 3
    endloop
  endfacet
  facet normal 0.0784585 -0.996917 0
    outer loop
      vertex -38.5 -8.5 3
      vertex -38.8911 -8.53078 0
      vertex -38.5 -8.5 0
    endloop
  endfacet
  facet normal 0.0785092 0.996913 -0
    outer loop
      vertex -38.5 -13.5 0
      vertex -38.8911 -13.4692 3
      vertex -38.5 -13.5 3
    endloop
  endfacet
  facet normal 0.0785092 0.996913 0
    outer loop
      vertex -38.8911 -13.4692 3
      vertex -38.5 -13.5 0
      vertex -38.8911 -13.4692 0
    endloop
  endfacet
  facet normal -0.972358 -0.233495 0
    outer loop
      vertex -36.0308 0.391086 0
      vertex -36.1224 0.772542 3
      vertex -36.1224 0.772542 0
    endloop
  endfacet
  facet normal -0.972358 -0.233495 0
    outer loop
      vertex -36.1224 0.772542 3
      vertex -36.0308 0.391086 0
      vertex -36.0308 0.391086 3
    endloop
  endfacet
  facet normal -0.996913 -0.078512 0
    outer loop
      vertex -36 0 0
      vertex -36.0308 0.391086 3
      vertex -36.0308 0.391086 0
    endloop
  endfacet
  facet normal -0.996913 -0.078512 0
    outer loop
      vertex -36.0308 0.391086 3
      vertex -36 0 0
      vertex -36 0 3
    endloop
  endfacet
  facet normal -0.923904 -0.382625 0
    outer loop
      vertex -36.1224 0.772542 0
      vertex -36.2725 1.13498 3
      vertex -36.2725 1.13498 0
    endloop
  endfacet
  facet normal -0.923904 -0.382625 0
    outer loop
      vertex -36.2725 1.13498 3
      vertex -36.1224 0.772542 0
      vertex -36.1224 0.772542 3
    endloop
  endfacet
  facet normal -0.0784585 0.996917 0
    outer loop
      vertex -38.1089 -2.46922 0
      vertex -38.5 -2.5 3
      vertex -38.1089 -2.46922 3
    endloop
  endfacet
  facet normal -0.0784585 0.996917 0
    outer loop
      vertex -38.5 -2.5 3
      vertex -38.1089 -2.46922 0
      vertex -38.5 -2.5 0
    endloop
  endfacet
  facet normal -0.923904 0.382625 0
    outer loop
      vertex -36.2725 -1.13498 0
      vertex -36.1224 -0.772542 3
      vertex -36.1224 -0.772542 0
    endloop
  endfacet
  facet normal -0.923904 0.382625 0
    outer loop
      vertex -36.1224 -0.772542 3
      vertex -36.2725 -1.13498 0
      vertex -36.2725 -1.13498 3
    endloop
  endfacet
  facet normal -0.382613 -0.923909 0
    outer loop
      vertex -37.7275 2.37764 0
      vertex -37.365 2.22752 3
      vertex -37.7275 2.37764 3
    endloop
  endfacet
  facet normal -0.382613 -0.923909 -0
    outer loop
      vertex -37.365 2.22752 3
      vertex -37.7275 2.37764 0
      vertex -37.365 2.22752 0
    endloop
  endfacet
  facet normal -0.852606 -0.522555 0
    outer loop
      vertex -36.2725 1.13498 0
      vertex -36.4775 1.46946 3
      vertex -36.4775 1.46946 0
    endloop
  endfacet
  facet normal -0.852606 -0.522555 0
    outer loop
      vertex -36.4775 1.46946 3
      vertex -36.2725 1.13498 0
      vertex -36.2725 1.13498 3
    endloop
  endfacet
  facet normal 0.972358 0.233495 0
    outer loop
      vertex -40.8776 -0.772542 3
      vertex -40.9692 -0.391086 0
      vertex -40.9692 -0.391086 3
    endloop
  endfacet
  facet normal 0.972358 0.233495 0
    outer loop
      vertex -40.9692 -0.391086 0
      vertex -40.8776 -0.772542 3
      vertex -40.8776 -0.772542 0
    endloop
  endfacet
  facet normal -0.649445 0.760409 0
    outer loop
      vertex -36.7322 -1.76777 0
      vertex -37.0305 -2.02254 3
      vertex -36.7322 -1.76777 3
    endloop
  endfacet
  facet normal -0.649445 0.760409 0
    outer loop
      vertex -37.0305 -2.02254 3
      vertex -36.7322 -1.76777 0
      vertex -37.0305 -2.02254 0
    endloop
  endfacet
  facet normal 0.522495 0.852642 -0
    outer loop
      vertex -39.635 -2.22752 0
      vertex -39.9695 -2.02254 3
      vertex -39.635 -2.22752 3
    endloop
  endfacet
  facet normal 0.522495 0.852642 0
    outer loop
      vertex -39.9695 -2.02254 3
      vertex -39.635 -2.22752 0
      vertex -39.9695 -2.02254 0
    endloop
  endfacet
  facet normal -0.852606 0.522555 0
    outer loop
      vertex -36.4775 -1.46946 0
      vertex -36.2725 -1.13498 3
      vertex -36.2725 -1.13498 0
    endloop
  endfacet
  facet normal -0.852606 0.522555 0
    outer loop
      vertex -36.2725 -1.13498 3
      vertex -36.4775 -1.46946 0
      vertex -36.4775 -1.46946 3
    endloop
  endfacet
  facet normal 0.996913 0.078512 0
    outer loop
      vertex -40.9692 -0.391086 3
      vertex -41 0 0
      vertex -41 0 3
    endloop
  endfacet
  facet normal 0.996913 0.078512 0
    outer loop
      vertex -41 0 0
      vertex -40.9692 -0.391086 3
      vertex -40.9692 -0.391086 0
    endloop
  endfacet
  facet normal 0.649445 -0.760409 0
    outer loop
      vertex -40.2678 1.76777 0
      vertex -39.9695 2.02254 3
      vertex -40.2678 1.76777 3
    endloop
  endfacet
  facet normal 0.649445 -0.760409 0
    outer loop
      vertex -39.9695 2.02254 3
      vertex -40.2678 1.76777 0
      vertex -39.9695 2.02254 0
    endloop
  endfacet
  facet normal 0.382613 -0.923909 0
    outer loop
      vertex -39.635 2.22752 0
      vertex -39.2725 2.37764 3
      vertex -39.635 2.22752 3
    endloop
  endfacet
  facet normal 0.382613 -0.923909 0
    outer loop
      vertex -39.2725 2.37764 3
      vertex -39.635 2.22752 0
      vertex -39.2725 2.37764 0
    endloop
  endfacet
  facet normal -0.382613 0.923909 0
    outer loop
      vertex -37.365 -2.22752 0
      vertex -37.7275 -2.37764 3
      vertex -37.365 -2.22752 3
    endloop
  endfacet
  facet normal -0.382613 0.923909 0
    outer loop
      vertex -37.7275 -2.37764 3
      vertex -37.365 -2.22752 0
      vertex -37.7275 -2.37764 0
    endloop
  endfacet
  facet normal 0.760508 0.649329 0
    outer loop
      vertex -40.2678 -1.76777 3
      vertex -40.5225 -1.46946 0
      vertex -40.5225 -1.46946 3
    endloop
  endfacet
  facet normal 0.760508 0.649329 0
    outer loop
      vertex -40.5225 -1.46946 0
      vertex -40.2678 -1.76777 3
      vertex -40.2678 -1.76777 0
    endloop
  endfacet
  facet normal -0.996913 0.078512 0
    outer loop
      vertex -36.0308 -0.391086 0
      vertex -36 0 3
      vertex -36 0 0
    endloop
  endfacet
  facet normal -0.996913 0.078512 0
    outer loop
      vertex -36 0 3
      vertex -36.0308 -0.391086 0
      vertex -36.0308 -0.391086 3
    endloop
  endfacet
  facet normal 0.522495 -0.852642 0
    outer loop
      vertex -39.9695 2.02254 0
      vertex -39.635 2.22752 3
      vertex -39.9695 2.02254 3
    endloop
  endfacet
  facet normal 0.522495 -0.852642 0
    outer loop
      vertex -39.635 2.22752 3
      vertex -39.9695 2.02254 0
      vertex -39.635 2.22752 0
    endloop
  endfacet
  facet normal -0.522495 0.852642 0
    outer loop
      vertex -37.0305 -2.02254 0
      vertex -37.365 -2.22752 3
      vertex -37.0305 -2.02254 3
    endloop
  endfacet
  facet normal -0.522495 0.852642 0
    outer loop
      vertex -37.365 -2.22752 3
      vertex -37.0305 -2.02254 0
      vertex -37.365 -2.22752 0
    endloop
  endfacet
  facet normal 0.649445 0.760409 -0
    outer loop
      vertex -39.9695 -2.02254 0
      vertex -40.2678 -1.76777 3
      vertex -39.9695 -2.02254 3
    endloop
  endfacet
  facet normal 0.649445 0.760409 0
    outer loop
      vertex -40.2678 -1.76777 3
      vertex -39.9695 -2.02254 0
      vertex -40.2678 -1.76777 0
    endloop
  endfacet
  facet normal 0.923904 0.382625 0
    outer loop
      vertex -40.7275 -1.13498 3
      vertex -40.8776 -0.772542 0
      vertex -40.8776 -0.772542 3
    endloop
  endfacet
  facet normal 0.923904 0.382625 0
    outer loop
      vertex -40.8776 -0.772542 0
      vertex -40.7275 -1.13498 3
      vertex -40.7275 -1.13498 0
    endloop
  endfacet
  facet normal 0.923904 -0.382625 0
    outer loop
      vertex -40.8776 0.772542 3
      vertex -40.7275 1.13498 0
      vertex -40.7275 1.13498 3
    endloop
  endfacet
  facet normal 0.923904 -0.382625 0
    outer loop
      vertex -40.7275 1.13498 0
      vertex -40.8776 0.772542 3
      vertex -40.8776 0.772542 0
    endloop
  endfacet
  facet normal -0.522495 -0.852642 0
    outer loop
      vertex -37.365 2.22752 0
      vertex -37.0305 2.02254 3
      vertex -37.365 2.22752 3
    endloop
  endfacet
  facet normal -0.522495 -0.852642 -0
    outer loop
      vertex -37.0305 2.02254 3
      vertex -37.365 2.22752 0
      vertex -37.0305 2.02254 0
    endloop
  endfacet
  facet normal -0.760508 -0.649329 0
    outer loop
      vertex -36.4775 1.46946 0
      vertex -36.7322 1.76777 3
      vertex -36.7322 1.76777 0
    endloop
  endfacet
  facet normal -0.760508 -0.649329 0
    outer loop
      vertex -36.7322 1.76777 3
      vertex -36.4775 1.46946 0
      vertex -36.4775 1.46946 3
    endloop
  endfacet
  facet normal 0.760508 -0.649329 0
    outer loop
      vertex -40.5225 1.46946 3
      vertex -40.2678 1.76777 0
      vertex -40.2678 1.76777 3
    endloop
  endfacet
  facet normal 0.760508 -0.649329 0
    outer loop
      vertex -40.2678 1.76777 0
      vertex -40.5225 1.46946 3
      vertex -40.5225 1.46946 0
    endloop
  endfacet
  facet normal -0.233479 -0.972362 0
    outer loop
      vertex -38.1089 2.46922 0
      vertex -37.7275 2.37764 3
      vertex -38.1089 2.46922 3
    endloop
  endfacet
  facet normal -0.233479 -0.972362 -0
    outer loop
      vertex -37.7275 2.37764 3
      vertex -38.1089 2.46922 0
      vertex -37.7275 2.37764 0
    endloop
  endfacet
  facet normal -0.649445 -0.760409 0
    outer loop
      vertex -37.0305 2.02254 0
      vertex -36.7322 1.76777 3
      vertex -37.0305 2.02254 3
    endloop
  endfacet
  facet normal -0.649445 -0.760409 -0
    outer loop
      vertex -36.7322 1.76777 3
      vertex -37.0305 2.02254 0
      vertex -36.7322 1.76777 0
    endloop
  endfacet
  facet normal 0.233479 0.972362 -0
    outer loop
      vertex -38.8911 -2.46922 0
      vertex -39.2725 -2.37764 3
      vertex -38.8911 -2.46922 3
    endloop
  endfacet
  facet normal 0.233479 0.972362 0
    outer loop
      vertex -39.2725 -2.37764 3
      vertex -38.8911 -2.46922 0
      vertex -39.2725 -2.37764 0
    endloop
  endfacet
  facet normal 0.852606 0.522555 0
    outer loop
      vertex -40.5225 -1.46946 3
      vertex -40.7275 -1.13498 0
      vertex -40.7275 -1.13498 3
    endloop
  endfacet
  facet normal 0.852606 0.522555 0
    outer loop
      vertex -40.7275 -1.13498 0
      vertex -40.5225 -1.46946 3
      vertex -40.5225 -1.46946 0
    endloop
  endfacet
  facet normal 0.382613 0.923909 -0
    outer loop
      vertex -39.2725 -2.37764 0
      vertex -39.635 -2.22752 3
      vertex -39.2725 -2.37764 3
    endloop
  endfacet
  facet normal 0.382613 0.923909 0
    outer loop
      vertex -39.635 -2.22752 3
      vertex -39.2725 -2.37764 0
      vertex -39.635 -2.22752 0
    endloop
  endfacet
  facet normal 0.233479 -0.972362 0
    outer loop
      vertex -39.2725 2.37764 0
      vertex -38.8911 2.46922 3
      vertex -39.2725 2.37764 3
    endloop
  endfacet
  facet normal 0.233479 -0.972362 0
    outer loop
      vertex -38.8911 2.46922 3
      vertex -39.2725 2.37764 0
      vertex -38.8911 2.46922 0
    endloop
  endfacet
  facet normal -0.233479 0.972362 0
    outer loop
      vertex -37.7275 -2.37764 0
      vertex -38.1089 -2.46922 3
      vertex -37.7275 -2.37764 3
    endloop
  endfacet
  facet normal -0.233479 0.972362 0
    outer loop
      vertex -38.1089 -2.46922 3
      vertex -37.7275 -2.37764 0
      vertex -38.1089 -2.46922 0
    endloop
  endfacet
  facet normal 0.852606 -0.522555 0
    outer loop
      vertex -40.7275 1.13498 3
      vertex -40.5225 1.46946 0
      vertex -40.5225 1.46946 3
    endloop
  endfacet
  facet normal 0.852606 -0.522555 0
    outer loop
      vertex -40.5225 1.46946 0
      vertex -40.7275 1.13498 3
      vertex -40.7275 1.13498 0
    endloop
  endfacet
  facet normal 0.972358 -0.233495 0
    outer loop
      vertex -40.9692 0.391086 3
      vertex -40.8776 0.772542 0
      vertex -40.8776 0.772542 3
    endloop
  endfacet
  facet normal 0.972358 -0.233495 0
    outer loop
      vertex -40.8776 0.772542 0
      vertex -40.9692 0.391086 3
      vertex -40.9692 0.391086 0
    endloop
  endfacet
  facet normal 0.0784585 -0.996917 0
    outer loop
      vertex -38.8911 2.46922 0
      vertex -38.5 2.5 3
      vertex -38.8911 2.46922 3
    endloop
  endfacet
  facet normal 0.0784585 -0.996917 0
    outer loop
      vertex -38.5 2.5 3
      vertex -38.8911 2.46922 0
      vertex -38.5 2.5 0
    endloop
  endfacet
  facet normal -0.760508 0.649329 0
    outer loop
      vertex -36.7322 -1.76777 0
      vertex -36.4775 -1.46946 3
      vertex -36.4775 -1.46946 0
    endloop
  endfacet
  facet normal -0.760508 0.649329 0
    outer loop
      vertex -36.4775 -1.46946 3
      vertex -36.7322 -1.76777 0
      vertex -36.7322 -1.76777 3
    endloop
  endfacet
  facet normal 0.996913 -0.078512 0
    outer loop
      vertex -41 0 3
      vertex -40.9692 0.391086 0
      vertex -40.9692 0.391086 3
    endloop
  endfacet
  facet normal 0.996913 -0.078512 0
    outer loop
      vertex -40.9692 0.391086 0
      vertex -41 0 3
      vertex -41 0 0
    endloop
  endfacet
  facet normal -0.972358 0.233495 0
    outer loop
      vertex -36.1224 -0.772542 0
      vertex -36.0308 -0.391086 3
      vertex -36.0308 -0.391086 0
    endloop
  endfacet
  facet normal -0.972358 0.233495 0
    outer loop
      vertex -36.0308 -0.391086 3
      vertex -36.1224 -0.772542 0
      vertex -36.1224 -0.772542 3
    endloop
  endfacet
  facet normal -0.0784585 -0.996917 0
    outer loop
      vertex -38.5 2.5 0
      vertex -38.1089 2.46922 3
      vertex -38.5 2.5 3
    endloop
  endfacet
  facet normal -0.0784585 -0.996917 -0
    outer loop
      vertex -38.1089 2.46922 3
      vertex -38.5 2.5 0
      vertex -38.1089 2.46922 0
    endloop
  endfacet
  facet normal 0.0784585 0.996917 -0
    outer loop
      vertex -38.5 -2.5 0
      vertex -38.8911 -2.46922 3
      vertex -38.5 -2.5 3
    endloop
  endfacet
  facet normal 0.0784585 0.996917 0
    outer loop
      vertex -38.8911 -2.46922 3
      vertex -38.5 -2.5 0
      vertex -38.8911 -2.46922 0
    endloop
  endfacet
  facet normal 0.97235 -0.233527 0
    outer loop
      vertex -40.9692 11.3911 3
      vertex -40.8776 11.7725 0
      vertex -40.8776 11.7725 3
    endloop
  endfacet
  facet normal 0.97235 -0.233527 0
    outer loop
      vertex -40.8776 11.7725 0
      vertex -40.9692 11.3911 3
      vertex -40.9692 11.3911 0
    endloop
  endfacet
  facet normal -0.97235 -0.233527 0
    outer loop
      vertex -36.0308 11.3911 0
      vertex -36.1224 11.7725 3
      vertex -36.1224 11.7725 0
    endloop
  endfacet
  facet normal -0.97235 -0.233527 0
    outer loop
      vertex -36.1224 11.7725 3
      vertex -36.0308 11.3911 0
      vertex -36.0308 11.3911 3
    endloop
  endfacet
  facet normal -0.996913 -0.0785092 0
    outer loop
      vertex -36 11 0
      vertex -36.0308 11.3911 3
      vertex -36.0308 11.3911 0
    endloop
  endfacet
  facet normal -0.996913 -0.0785092 0
    outer loop
      vertex -36.0308 11.3911 3
      vertex -36 11 0
      vertex -36 11 3
    endloop
  endfacet
  facet normal -0.923927 -0.382569 0
    outer loop
      vertex -36.1224 11.7725 0
      vertex -36.2725 12.135 3
      vertex -36.2725 12.135 0
    endloop
  endfacet
  facet normal -0.923927 -0.382569 0
    outer loop
      vertex -36.2725 12.135 3
      vertex -36.1224 11.7725 0
      vertex -36.1224 11.7725 3
    endloop
  endfacet
  facet normal -0.996913 0.0785092 0
    outer loop
      vertex -36.0308 10.6089 0
      vertex -36 11 3
      vertex -36 11 0
    endloop
  endfacet
  facet normal -0.996913 0.0785092 0
    outer loop
      vertex -36 11 3
      vertex -36.0308 10.6089 0
      vertex -36.0308 10.6089 3
    endloop
  endfacet
  facet normal 0.760497 -0.649342 0
    outer loop
      vertex -40.5225 12.4695 3
      vertex -40.2678 12.7678 0
      vertex -40.2678 12.7678 3
    endloop
  endfacet
  facet normal 0.760497 -0.649342 0
    outer loop
      vertex -40.2678 12.7678 0
      vertex -40.5225 12.4695 3
      vertex -40.5225 12.4695 0
    endloop
  endfacet
  facet normal 0.85262 -0.522532 0
    outer loop
      vertex -40.7275 12.135 3
      vertex -40.5225 12.4695 0
      vertex -40.5225 12.4695 3
    endloop
  endfacet
  facet normal 0.85262 -0.522532 0
    outer loop
      vertex -40.5225 12.4695 0
      vertex -40.7275 12.135 3
      vertex -40.7275 12.135 0
    endloop
  endfacet
  facet normal -0.382613 0.923909 0
    outer loop
      vertex -37.365 8.77248 0
      vertex -37.7275 8.62236 3
      vertex -37.365 8.77248 3
    endloop
  endfacet
  facet normal -0.382613 0.923909 0
    outer loop
      vertex -37.7275 8.62236 3
      vertex -37.365 8.77248 0
      vertex -37.7275 8.62236 0
    endloop
  endfacet
  facet normal 0.0785092 -0.996913 0
    outer loop
      vertex -38.8911 13.4692 0
      vertex -38.5 13.5 3
      vertex -38.8911 13.4692 3
    endloop
  endfacet
  facet normal 0.0785092 -0.996913 0
    outer loop
      vertex -38.5 13.5 3
      vertex -38.8911 13.4692 0
      vertex -38.5 13.5 0
    endloop
  endfacet
  facet normal -0.760508 0.649329 0
    outer loop
      vertex -36.7322 9.23223 0
      vertex -36.4775 9.53054 3
      vertex -36.4775 9.53054 0
    endloop
  endfacet
  facet normal -0.760508 0.649329 0
    outer loop
      vertex -36.4775 9.53054 3
      vertex -36.7322 9.23223 0
      vertex -36.7322 9.23223 3
    endloop
  endfacet
  facet normal -0.522495 0.852642 0
    outer loop
      vertex -37.0305 8.97746 0
      vertex -37.365 8.77248 3
      vertex -37.0305 8.97746 3
    endloop
  endfacet
  facet normal -0.522495 0.852642 0
    outer loop
      vertex -37.365 8.77248 3
      vertex -37.0305 8.97746 0
      vertex -37.365 8.77248 0
    endloop
  endfacet
  facet normal -0.923919 0.382587 0
    outer loop
      vertex -36.2725 9.86502 0
      vertex -36.1224 10.2275 3
      vertex -36.1224 10.2275 0
    endloop
  endfacet
  facet normal -0.923919 0.382587 0
    outer loop
      vertex -36.1224 10.2275 3
      vertex -36.2725 9.86502 0
      vertex -36.2725 9.86502 3
    endloop
  endfacet
  facet normal -0.760497 -0.649342 0
    outer loop
      vertex -36.4775 12.4695 0
      vertex -36.7322 12.7678 3
      vertex -36.7322 12.7678 0
    endloop
  endfacet
  facet normal -0.760497 -0.649342 0
    outer loop
      vertex -36.7322 12.7678 3
      vertex -36.4775 12.4695 0
      vertex -36.4775 12.4695 3
    endloop
  endfacet
  facet normal 0.522495 0.852642 -0
    outer loop
      vertex -39.635 8.77248 0
      vertex -39.9695 8.97746 3
      vertex -39.635 8.77248 3
    endloop
  endfacet
  facet normal 0.522495 0.852642 0
    outer loop
      vertex -39.9695 8.97746 3
      vertex -39.635 8.77248 0
      vertex -39.9695 8.97746 0
    endloop
  endfacet
  facet normal -0.522532 -0.85262 0
    outer loop
      vertex -37.365 13.2275 0
      vertex -37.0305 13.0225 3
      vertex -37.365 13.2275 3
    endloop
  endfacet
  facet normal -0.522532 -0.85262 -0
    outer loop
      vertex -37.0305 13.0225 3
      vertex -37.365 13.2275 0
      vertex -37.0305 13.0225 0
    endloop
  endfacet
  facet normal 0.996913 -0.0785092 0
    outer loop
      vertex -41 11 3
      vertex -40.9692 11.3911 0
      vertex -40.9692 11.3911 3
    endloop
  endfacet
  facet normal 0.996913 -0.0785092 0
    outer loop
      vertex -40.9692 11.3911 0
      vertex -41 11 3
      vertex -41 11 0
    endloop
  endfacet
  facet normal 0.923927 -0.382569 0
    outer loop
      vertex -40.8776 11.7725 3
      vertex -40.7275 12.135 0
      vertex -40.7275 12.135 3
    endloop
  endfacet
  facet normal 0.923927 -0.382569 0
    outer loop
      vertex -40.7275 12.135 0
      vertex -40.8776 11.7725 3
      vertex -40.8776 11.7725 0
    endloop
  endfacet
  facet normal 0.97235 0.233527 0
    outer loop
      vertex -40.8776 10.2275 3
      vertex -40.9692 10.6089 0
      vertex -40.9692 10.6089 3
    endloop
  endfacet
  facet normal 0.97235 0.233527 0
    outer loop
      vertex -40.9692 10.6089 0
      vertex -40.8776 10.2275 3
      vertex -40.8776 10.2275 0
    endloop
  endfacet
  facet normal 0.233479 0.972362 -0
    outer loop
      vertex -38.8911 8.53078 0
      vertex -39.2725 8.62236 3
      vertex -38.8911 8.53078 3
    endloop
  endfacet
  facet normal 0.233479 0.972362 0
    outer loop
      vertex -39.2725 8.62236 3
      vertex -38.8911 8.53078 0
      vertex -39.2725 8.62236 0
    endloop
  endfacet
  facet normal -0.233479 0.972362 0
    outer loop
      vertex -37.7275 8.62236 0
      vertex -38.1089 8.53078 3
      vertex -37.7275 8.62236 3
    endloop
  endfacet
  facet normal -0.233479 0.972362 0
    outer loop
      vertex -38.1089 8.53078 3
      vertex -37.7275 8.62236 0
      vertex -38.1089 8.53078 0
    endloop
  endfacet
  facet normal 0.649342 -0.760497 0
    outer loop
      vertex -40.2678 12.7678 0
      vertex -39.9695 13.0225 3
      vertex -40.2678 12.7678 3
    endloop
  endfacet
  facet normal 0.649342 -0.760497 0
    outer loop
      vertex -39.9695 13.0225 3
      vertex -40.2678 12.7678 0
      vertex -39.9695 13.0225 0
    endloop
  endfacet
  facet normal 0.522532 -0.85262 0
    outer loop
      vertex -39.9695 13.0225 0
      vertex -39.635 13.2275 3
      vertex -39.9695 13.0225 3
    endloop
  endfacet
  facet normal 0.522532 -0.85262 0
    outer loop
      vertex -39.635 13.2275 3
      vertex -39.9695 13.0225 0
      vertex -39.635 13.2275 0
    endloop
  endfacet
  facet normal 0.382613 0.923909 -0
    outer loop
      vertex -39.2725 8.62236 0
      vertex -39.635 8.77248 3
      vertex -39.2725 8.62236 3
    endloop
  endfacet
  facet normal 0.382613 0.923909 0
    outer loop
      vertex -39.635 8.77248 3
      vertex -39.2725 8.62236 0
      vertex -39.635 8.77248 0
    endloop
  endfacet
  facet normal -0.85262 -0.522532 0
    outer loop
      vertex -36.2725 12.135 0
      vertex -36.4775 12.4695 3
      vertex -36.4775 12.4695 0
    endloop
  endfacet
  facet normal -0.85262 -0.522532 0
    outer loop
      vertex -36.4775 12.4695 3
      vertex -36.2725 12.135 0
      vertex -36.2725 12.135 3
    endloop
  endfacet
  facet normal 0.852606 0.522555 0
    outer loop
      vertex -40.5225 9.53054 3
      vertex -40.7275 9.86502 0
      vertex -40.7275 9.86502 3
    endloop
  endfacet
  facet normal 0.852606 0.522555 0
    outer loop
      vertex -40.7275 9.86502 0
      vertex -40.5225 9.53054 3
      vertex -40.5225 9.53054 0
    endloop
  endfacet
  facet normal -0.852606 0.522555 0
    outer loop
      vertex -36.4775 9.53054 0
      vertex -36.2725 9.86502 3
      vertex -36.2725 9.86502 0
    endloop
  endfacet
  facet normal -0.852606 0.522555 0
    outer loop
      vertex -36.2725 9.86502 3
      vertex -36.4775 9.53054 0
      vertex -36.4775 9.53054 3
    endloop
  endfacet
  facet normal -0.382569 -0.923927 0
    outer loop
      vertex -37.7275 13.3776 0
      vertex -37.365 13.2275 3
      vertex -37.7275 13.3776 3
    endloop
  endfacet
  facet normal -0.382569 -0.923927 -0
    outer loop
      vertex -37.365 13.2275 3
      vertex -37.7275 13.3776 0
      vertex -37.365 13.2275 0
    endloop
  endfacet
  facet normal -0.649342 -0.760497 0
    outer loop
      vertex -37.0305 13.0225 0
      vertex -36.7322 12.7678 3
      vertex -37.0305 13.0225 3
    endloop
  endfacet
  facet normal -0.649342 -0.760497 -0
    outer loop
      vertex -36.7322 12.7678 3
      vertex -37.0305 13.0225 0
      vertex -36.7322 12.7678 0
    endloop
  endfacet
  facet normal 0.382569 -0.923927 0
    outer loop
      vertex -39.635 13.2275 0
      vertex -39.2725 13.3776 3
      vertex -39.635 13.2275 3
    endloop
  endfacet
  facet normal 0.382569 -0.923927 0
    outer loop
      vertex -39.2725 13.3776 3
      vertex -39.635 13.2275 0
      vertex -39.2725 13.3776 0
    endloop
  endfacet
  facet normal -0.97235 0.233527 0
    outer loop
      vertex -36.1224 10.2275 0
      vertex -36.0308 10.6089 3
      vertex -36.0308 10.6089 0
    endloop
  endfacet
  facet normal -0.97235 0.233527 0
    outer loop
      vertex -36.0308 10.6089 3
      vertex -36.1224 10.2275 0
      vertex -36.1224 10.2275 3
    endloop
  endfacet
  facet normal 0.996913 0.0785092 0
    outer loop
      vertex -40.9692 10.6089 3
      vertex -41 11 0
      vertex -41 11 3
    endloop
  endfacet
  facet normal 0.996913 0.0785092 0
    outer loop
      vertex -41 11 0
      vertex -40.9692 10.6089 3
      vertex -40.9692 10.6089 0
    endloop
  endfacet
  facet normal 0.923919 0.382587 0
    outer loop
      vertex -40.7275 9.86502 3
      vertex -40.8776 10.2275 0
      vertex -40.8776 10.2275 3
    endloop
  endfacet
  facet normal 0.923919 0.382587 0
    outer loop
      vertex -40.8776 10.2275 0
      vertex -40.7275 9.86502 3
      vertex -40.7275 9.86502 0
    endloop
  endfacet
  facet normal 0.760508 0.649329 0
    outer loop
      vertex -40.2678 9.23223 3
      vertex -40.5225 9.53054 0
      vertex -40.5225 9.53054 3
    endloop
  endfacet
  facet normal 0.760508 0.649329 0
    outer loop
      vertex -40.5225 9.53054 0
      vertex -40.2678 9.23223 3
      vertex -40.2678 9.23223 0
    endloop
  endfacet
  facet normal -0.0785092 -0.996913 0
    outer loop
      vertex -38.5 13.5 0
      vertex -38.1089 13.4692 3
      vertex -38.5 13.5 3
    endloop
  endfacet
  facet normal -0.0785092 -0.996913 -0
    outer loop
      vertex -38.1089 13.4692 3
      vertex -38.5 13.5 0
      vertex -38.1089 13.4692 0
    endloop
  endfacet
  facet normal 0.233527 -0.97235 0
    outer loop
      vertex -39.2725 13.3776 0
      vertex -38.8911 13.4692 3
      vertex -39.2725 13.3776 3
    endloop
  endfacet
  facet normal 0.233527 -0.97235 0
    outer loop
      vertex -38.8911 13.4692 3
      vertex -39.2725 13.3776 0
      vertex -38.8911 13.4692 0
    endloop
  endfacet
  facet normal -0.649445 0.760409 0
    outer loop
      vertex -36.7322 9.23223 0
      vertex -37.0305 8.97746 3
      vertex -36.7322 9.23223 3
    endloop
  endfacet
  facet normal -0.649445 0.760409 0
    outer loop
      vertex -37.0305 8.97746 3
      vertex -36.7322 9.23223 0
      vertex -37.0305 8.97746 0
    endloop
  endfacet
  facet normal -0.233527 -0.97235 0
    outer loop
      vertex -38.1089 13.4692 0
      vertex -37.7275 13.3776 3
      vertex -38.1089 13.4692 3
    endloop
  endfacet
  facet normal -0.233527 -0.97235 -0
    outer loop
      vertex -37.7275 13.3776 3
      vertex -38.1089 13.4692 0
      vertex -37.7275 13.3776 0
    endloop
  endfacet
  facet normal -0.0784585 0.996917 0
    outer loop
      vertex -38.1089 8.53078 0
      vertex -38.5 8.5 3
      vertex -38.1089 8.53078 3
    endloop
  endfacet
  facet normal -0.0784585 0.996917 0
    outer loop
      vertex -38.5 8.5 3
      vertex -38.1089 8.53078 0
      vertex -38.5 8.5 0
    endloop
  endfacet
  facet normal 0.649445 0.760409 -0
    outer loop
      vertex -39.9695 8.97746 0
      vertex -40.2678 9.23223 3
      vertex -39.9695 8.97746 3
    endloop
  endfacet
  facet normal 0.649445 0.760409 0
    outer loop
      vertex -40.2678 9.23223 3
      vertex -39.9695 8.97746 0
      vertex -40.2678 9.23223 0
    endloop
  endfacet
  facet normal 0.0784585 0.996917 -0
    outer loop
      vertex -38.5 8.5 0
      vertex -38.8911 8.53078 3
      vertex -38.5 8.5 3
    endloop
  endfacet
  facet normal 0.0784585 0.996917 0
    outer loop
      vertex -38.8911 8.53078 3
      vertex -38.5 8.5 0
      vertex -38.8911 8.53078 0
    endloop
  endfacet
  facet normal -0.97235 -0.233527 0
    outer loop
      vertex -25.0308 -10.6089 0
      vertex -25.1224 -10.2275 3
      vertex -25.1224 -10.2275 0
    endloop
  endfacet
  facet normal -0.97235 -0.233527 0
    outer loop
      vertex -25.1224 -10.2275 3
      vertex -25.0308 -10.6089 0
      vertex -25.0308 -10.6089 3
    endloop
  endfacet
  facet normal -0.996913 -0.0785092 0
    outer loop
      vertex -25 -11 0
      vertex -25.0308 -10.6089 3
      vertex -25.0308 -10.6089 0
    endloop
  endfacet
  facet normal -0.996913 -0.0785092 0
    outer loop
      vertex -25.0308 -10.6089 3
      vertex -25 -11 0
      vertex -25 -11 3
    endloop
  endfacet
  facet normal -0.923919 -0.382587 0
    outer loop
      vertex -25.1224 -10.2275 0
      vertex -25.2725 -9.86502 3
      vertex -25.2725 -9.86502 0
    endloop
  endfacet
  facet normal -0.923919 -0.382587 0
    outer loop
      vertex -25.2725 -9.86502 3
      vertex -25.1224 -10.2275 0
      vertex -25.1224 -10.2275 3
    endloop
  endfacet
  facet normal -0.0785092 0.996913 0
    outer loop
      vertex -27.1089 -13.4692 0
      vertex -27.5 -13.5 3
      vertex -27.1089 -13.4692 3
    endloop
  endfacet
  facet normal -0.0785092 0.996913 0
    outer loop
      vertex -27.5 -13.5 3
      vertex -27.1089 -13.4692 0
      vertex -27.5 -13.5 0
    endloop
  endfacet
  facet normal 0.760508 -0.649329 0
    outer loop
      vertex -29.5225 -9.53054 3
      vertex -29.2678 -9.23223 0
      vertex -29.2678 -9.23223 3
    endloop
  endfacet
  facet normal 0.760508 -0.649329 0
    outer loop
      vertex -29.2678 -9.23223 0
      vertex -29.5225 -9.53054 3
      vertex -29.5225 -9.53054 0
    endloop
  endfacet
  facet normal 0.522532 0.85262 -0
    outer loop
      vertex -28.635 -13.2275 0
      vertex -28.9695 -13.0225 3
      vertex -28.635 -13.2275 3
    endloop
  endfacet
  facet normal 0.522532 0.85262 0
    outer loop
      vertex -28.9695 -13.0225 3
      vertex -28.635 -13.2275 0
      vertex -28.9695 -13.0225 0
    endloop
  endfacet
  facet normal 0.649342 0.760497 -0
    outer loop
      vertex -28.9695 -13.0225 0
      vertex -29.2678 -12.7678 3
      vertex -28.9695 -13.0225 3
    endloop
  endfacet
  facet normal 0.649342 0.760497 0
    outer loop
      vertex -29.2678 -12.7678 3
      vertex -28.9695 -13.0225 0
      vertex -29.2678 -12.7678 0
    endloop
  endfacet
  facet normal -0.649342 0.760497 0
    outer loop
      vertex -25.7322 -12.7678 0
      vertex -26.0305 -13.0225 3
      vertex -25.7322 -12.7678 3
    endloop
  endfacet
  facet normal -0.649342 0.760497 0
    outer loop
      vertex -26.0305 -13.0225 3
      vertex -25.7322 -12.7678 0
      vertex -26.0305 -13.0225 0
    endloop
  endfacet
  facet normal 0.233527 0.97235 -0
    outer loop
      vertex -27.8911 -13.4692 0
      vertex -28.2725 -13.3776 3
      vertex -27.8911 -13.4692 3
    endloop
  endfacet
  facet normal 0.233527 0.97235 0
    outer loop
      vertex -28.2725 -13.3776 3
      vertex -27.8911 -13.4692 0
      vertex -28.2725 -13.3776 0
    endloop
  endfacet
  facet normal 0.649445 -0.760409 0
    outer loop
      vertex -29.2678 -9.23223 0
      vertex -28.9695 -8.97746 3
      vertex -29.2678 -9.23223 3
    endloop
  endfacet
  facet normal 0.649445 -0.760409 0
    outer loop
      vertex -28.9695 -8.97746 3
      vertex -29.2678 -9.23223 0
      vertex -28.9695 -8.97746 0
    endloop
  endfacet
  facet normal 0.382613 -0.923909 0
    outer loop
      vertex -28.635 -8.77248 0
      vertex -28.2725 -8.62236 3
      vertex -28.635 -8.77248 3
    endloop
  endfacet
  facet normal 0.382613 -0.923909 0
    outer loop
      vertex -28.2725 -8.62236 3
      vertex -28.635 -8.77248 0
      vertex -28.2725 -8.62236 0
    endloop
  endfacet
  facet normal -0.85262 0.522532 0
    outer loop
      vertex -25.4775 -12.4695 0
      vertex -25.2725 -12.135 3
      vertex -25.2725 -12.135 0
    endloop
  endfacet
  facet normal -0.85262 0.522532 0
    outer loop
      vertex -25.2725 -12.135 3
      vertex -25.4775 -12.4695 0
      vertex -25.4775 -12.4695 3
    endloop
  endfacet
  facet normal 0.382569 0.923927 -0
    outer loop
      vertex -28.2725 -13.3776 0
      vertex -28.635 -13.2275 3
      vertex -28.2725 -13.3776 3
    endloop
  endfacet
  facet normal 0.382569 0.923927 0
    outer loop
      vertex -28.635 -13.2275 3
      vertex -28.2725 -13.3776 0
      vertex -28.635 -13.2275 0
    endloop
  endfacet
  facet normal -0.382569 0.923927 0
    outer loop
      vertex -26.365 -13.2275 0
      vertex -26.7275 -13.3776 3
      vertex -26.365 -13.2275 3
    endloop
  endfacet
  facet normal -0.382569 0.923927 0
    outer loop
      vertex -26.7275 -13.3776 3
      vertex -26.365 -13.2275 0
      vertex -26.7275 -13.3776 0
    endloop
  endfacet
  facet normal 0.760497 0.649342 0
    outer loop
      vertex -29.2678 -12.7678 3
      vertex -29.5225 -12.4695 0
      vertex -29.5225 -12.4695 3
    endloop
  endfacet
  facet normal 0.760497 0.649342 0
    outer loop
      vertex -29.5225 -12.4695 0
      vertex -29.2678 -12.7678 3
      vertex -29.2678 -12.7678 0
    endloop
  endfacet
  facet normal -0.996913 0.0785092 0
    outer loop
      vertex -25.0308 -11.3911 0
      vertex -25 -11 3
      vertex -25 -11 0
    endloop
  endfacet
  facet normal -0.996913 0.0785092 0
    outer loop
      vertex -25 -11 3
      vertex -25.0308 -11.3911 0
      vertex -25.0308 -11.3911 3
    endloop
  endfacet
  facet normal 0.97235 0.233527 0
    outer loop
      vertex -29.8776 -11.7725 3
      vertex -29.9692 -11.3911 0
      vertex -29.9692 -11.3911 3
    endloop
  endfacet
  facet normal 0.97235 0.233527 0
    outer loop
      vertex -29.9692 -11.3911 0
      vertex -29.8776 -11.7725 3
      vertex -29.8776 -11.7725 0
    endloop
  endfacet
  facet normal 0.522495 -0.852642 0
    outer loop
      vertex -28.9695 -8.97746 0
      vertex -28.635 -8.77248 3
      vertex -28.9695 -8.97746 3
    endloop
  endfacet
  facet normal 0.522495 -0.852642 0
    outer loop
      vertex -28.635 -8.77248 3
      vertex -28.9695 -8.97746 0
      vertex -28.635 -8.77248 0
    endloop
  endfacet
  facet normal 0.923927 0.382569 0
    outer loop
      vertex -29.7275 -12.135 3
      vertex -29.8776 -11.7725 0
      vertex -29.8776 -11.7725 3
    endloop
  endfacet
  facet normal 0.923927 0.382569 0
    outer loop
      vertex -29.8776 -11.7725 0
      vertex -29.7275 -12.135 3
      vertex -29.7275 -12.135 0
    endloop
  endfacet
  facet normal -0.923927 0.382569 0
    outer loop
      vertex -25.2725 -12.135 0
      vertex -25.1224 -11.7725 3
      vertex -25.1224 -11.7725 0
    endloop
  endfacet
  facet normal -0.923927 0.382569 0
    outer loop
      vertex -25.1224 -11.7725 3
      vertex -25.2725 -12.135 0
      vertex -25.2725 -12.135 3
    endloop
  endfacet
  facet normal 0.996913 -0.0785092 0
    outer loop
      vertex -30 -11 3
      vertex -29.9692 -10.6089 0
      vertex -29.9692 -10.6089 3
    endloop
  endfacet
  facet normal 0.996913 -0.0785092 0
    outer loop
      vertex -29.9692 -10.6089 0
      vertex -30 -11 3
      vertex -30 -11 0
    endloop
  endfacet
  facet normal -0.382613 -0.923909 0
    outer loop
      vertex -26.7275 -8.62236 0
      vertex -26.365 -8.77248 3
      vertex -26.7275 -8.62236 3
    endloop
  endfacet
  facet normal -0.382613 -0.923909 -0
    outer loop
      vertex -26.365 -8.77248 3
      vertex -26.7275 -8.62236 0
      vertex -26.365 -8.77248 0
    endloop
  endfacet
  facet normal -0.649445 -0.760409 0
    outer loop
      vertex -26.0305 -8.97746 0
      vertex -25.7322 -9.23223 3
      vertex -26.0305 -8.97746 3
    endloop
  endfacet
  facet normal -0.649445 -0.760409 -0
    outer loop
      vertex -25.7322 -9.23223 3
      vertex -26.0305 -8.97746 0
      vertex -25.7322 -9.23223 0
    endloop
  endfacet
  facet normal 0.233479 -0.972362 0
    outer loop
      vertex -28.2725 -8.62236 0
      vertex -27.8911 -8.53078 3
      vertex -28.2725 -8.62236 3
    endloop
  endfacet
  facet normal 0.233479 -0.972362 0
    outer loop
      vertex -27.8911 -8.53078 3
      vertex -28.2725 -8.62236 0
      vertex -27.8911 -8.53078 0
    endloop
  endfacet
  facet normal -0.522495 -0.852642 0
    outer loop
      vertex -26.365 -8.77248 0
      vertex -26.0305 -8.97746 3
      vertex -26.365 -8.77248 3
    endloop
  endfacet
  facet normal -0.522495 -0.852642 -0
    outer loop
      vertex -26.0305 -8.97746 3
      vertex -26.365 -8.77248 0
      vertex -26.0305 -8.97746 0
    endloop
  endfacet
  facet normal 0.923919 -0.382587 0
    outer loop
      vertex -29.8776 -10.2275 3
      vertex -29.7275 -9.86502 0
      vertex -29.7275 -9.86502 3
    endloop
  endfacet
  facet normal 0.923919 -0.382587 0
    outer loop
      vertex -29.7275 -9.86502 0
      vertex -29.8776 -10.2275 3
      vertex -29.8776 -10.2275 0
    endloop
  endfacet
  facet normal -0.522532 0.85262 0
    outer loop
      vertex -26.0305 -13.0225 0
      vertex -26.365 -13.2275 3
      vertex -26.0305 -13.0225 3
    endloop
  endfacet
  facet normal -0.522532 0.85262 0
    outer loop
      vertex -26.365 -13.2275 3
      vertex -26.0305 -13.0225 0
      vertex -26.365 -13.2275 0
    endloop
  endfacet
  facet normal -0.852606 -0.522555 0
    outer loop
      vertex -25.2725 -9.86502 0
      vertex -25.4775 -9.53054 3
      vertex -25.4775 -9.53054 0
    endloop
  endfacet
  facet normal -0.852606 -0.522555 0
    outer loop
      vertex -25.4775 -9.53054 3
      vertex -25.2725 -9.86502 0
      vertex -25.2725 -9.86502 3
    endloop
  endfacet
  facet normal -0.760508 -0.649329 0
    outer loop
      vertex -25.4775 -9.53054 0
      vertex -25.7322 -9.23223 3
      vertex -25.7322 -9.23223 0
    endloop
  endfacet
  facet normal -0.760508 -0.649329 0
    outer loop
      vertex -25.7322 -9.23223 3
      vertex -25.4775 -9.53054 0
      vertex -25.4775 -9.53054 3
    endloop
  endfacet
  facet normal 0.85262 0.522532 0
    outer loop
      vertex -29.5225 -12.4695 3
      vertex -29.7275 -12.135 0
      vertex -29.7275 -12.135 3
    endloop
  endfacet
  facet normal 0.85262 0.522532 0
    outer loop
      vertex -29.7275 -12.135 0
      vertex -29.5225 -12.4695 3
      vertex -29.5225 -12.4695 0
    endloop
  endfacet
  facet normal -0.233527 0.97235 0
    outer loop
      vertex -26.7275 -13.3776 0
      vertex -27.1089 -13.4692 3
      vertex -26.7275 -13.3776 3
    endloop
  endfacet
  facet normal -0.233527 0.97235 0
    outer loop
      vertex -27.1089 -13.4692 3
      vertex -26.7275 -13.3776 0
      vertex -27.1089 -13.4692 0
    endloop
  endfacet
  facet normal -0.233479 -0.972362 0
    outer loop
      vertex -27.1089 -8.53078 0
      vertex -26.7275 -8.62236 3
      vertex -27.1089 -8.53078 3
    endloop
  endfacet
  facet normal -0.233479 -0.972362 -0
    outer loop
      vertex -26.7275 -8.62236 3
      vertex -27.1089 -8.53078 0
      vertex -26.7275 -8.62236 0
    endloop
  endfacet
  facet normal 0.852606 -0.522555 0
    outer loop
      vertex -29.7275 -9.86502 3
      vertex -29.5225 -9.53054 0
      vertex -29.5225 -9.53054 3
    endloop
  endfacet
  facet normal 0.852606 -0.522555 0
    outer loop
      vertex -29.5225 -9.53054 0
      vertex -29.7275 -9.86502 3
      vertex -29.7275 -9.86502 0
    endloop
  endfacet
  facet normal 0.996913 0.0785092 0
    outer loop
      vertex -29.9692 -11.3911 3
      vertex -30 -11 0
      vertex -30 -11 3
    endloop
  endfacet
  facet normal 0.996913 0.0785092 0
    outer loop
      vertex -30 -11 0
      vertex -29.9692 -11.3911 3
      vertex -29.9692 -11.3911 0
    endloop
  endfacet
  facet normal -0.760497 0.649342 0
    outer loop
      vertex -25.7322 -12.7678 0
      vertex -25.4775 -12.4695 3
      vertex -25.4775 -12.4695 0
    endloop
  endfacet
  facet normal -0.760497 0.649342 0
    outer loop
      vertex -25.4775 -12.4695 3
      vertex -25.7322 -12.7678 0
      vertex -25.7322 -12.7678 3
    endloop
  endfacet
  facet normal -0.97235 0.233527 0
    outer loop
      vertex -25.1224 -11.7725 0
      vertex -25.0308 -11.3911 3
      vertex -25.0308 -11.3911 0
    endloop
  endfacet
  facet normal -0.97235 0.233527 0
    outer loop
      vertex -25.0308 -11.3911 3
      vertex -25.1224 -11.7725 0
      vertex -25.1224 -11.7725 3
    endloop
  endfacet
  facet normal 0.97235 -0.233527 0
    outer loop
      vertex -29.9692 -10.6089 3
      vertex -29.8776 -10.2275 0
      vertex -29.8776 -10.2275 3
    endloop
  endfacet
  facet normal 0.97235 -0.233527 0
    outer loop
      vertex -29.8776 -10.2275 0
      vertex -29.9692 -10.6089 3
      vertex -29.9692 -10.6089 0
    endloop
  endfacet
  facet normal -0.0784585 -0.996917 0
    outer loop
      vertex -27.5 -8.5 0
      vertex -27.1089 -8.53078 3
      vertex -27.5 -8.5 3
    endloop
  endfacet
  facet normal -0.0784585 -0.996917 -0
    outer loop
      vertex -27.1089 -8.53078 3
      vertex -27.5 -8.5 0
      vertex -27.1089 -8.53078 0
    endloop
  endfacet
  facet normal 0.0784585 -0.996917 0
    outer loop
      vertex -27.8911 -8.53078 0
      vertex -27.5 -8.5 3
      vertex -27.8911 -8.53078 3
    endloop
  endfacet
  facet normal 0.0784585 -0.996917 0
    outer loop
      vertex -27.5 -8.5 3
      vertex -27.8911 -8.53078 0
      vertex -27.5 -8.5 0
    endloop
  endfacet
  facet normal 0.0785092 0.996913 -0
    outer loop
      vertex -27.5 -13.5 0
      vertex -27.8911 -13.4692 3
      vertex -27.5 -13.5 3
    endloop
  endfacet
  facet normal 0.0785092 0.996913 0
    outer loop
      vertex -27.8911 -13.4692 3
      vertex -27.5 -13.5 0
      vertex -27.8911 -13.4692 0
    endloop
  endfacet
  facet normal -0.972358 -0.233495 0
    outer loop
      vertex -25.0308 0.391086 0
      vertex -25.1224 0.772542 3
      vertex -25.1224 0.772542 0
    endloop
  endfacet
  facet normal -0.972358 -0.233495 0
    outer loop
      vertex -25.1224 0.772542 3
      vertex -25.0308 0.391086 0
      vertex -25.0308 0.391086 3
    endloop
  endfacet
  facet normal -0.996913 -0.078512 0
    outer loop
      vertex -25 0 0
      vertex -25.0308 0.391086 3
      vertex -25.0308 0.391086 0
    endloop
  endfacet
  facet normal -0.996913 -0.078512 0
    outer loop
      vertex -25.0308 0.391086 3
      vertex -25 0 0
      vertex -25 0 3
    endloop
  endfacet
  facet normal -0.923904 -0.382625 0
    outer loop
      vertex -25.1224 0.772542 0
      vertex -25.2725 1.13498 3
      vertex -25.2725 1.13498 0
    endloop
  endfacet
  facet normal -0.923904 -0.382625 0
    outer loop
      vertex -25.2725 1.13498 3
      vertex -25.1224 0.772542 0
      vertex -25.1224 0.772542 3
    endloop
  endfacet
  facet normal -0.0784585 0.996917 0
    outer loop
      vertex -27.1089 -2.46922 0
      vertex -27.5 -2.5 3
      vertex -27.1089 -2.46922 3
    endloop
  endfacet
  facet normal -0.0784585 0.996917 0
    outer loop
      vertex -27.5 -2.5 3
      vertex -27.1089 -2.46922 0
      vertex -27.5 -2.5 0
    endloop
  endfacet
  facet normal -0.382613 -0.923909 0
    outer loop
      vertex -26.7275 2.37764 0
      vertex -26.365 2.22752 3
      vertex -26.7275 2.37764 3
    endloop
  endfacet
  facet normal -0.382613 -0.923909 -0
    outer loop
      vertex -26.365 2.22752 3
      vertex -26.7275 2.37764 0
      vertex -26.365 2.22752 0
    endloop
  endfacet
  facet normal -0.852606 -0.522555 0
    outer loop
      vertex -25.2725 1.13498 0
      vertex -25.4775 1.46946 3
      vertex -25.4775 1.46946 0
    endloop
  endfacet
  facet normal -0.852606 -0.522555 0
    outer loop
      vertex -25.4775 1.46946 3
      vertex -25.2725 1.13498 0
      vertex -25.2725 1.13498 3
    endloop
  endfacet
  facet normal 0.972358 0.233495 0
    outer loop
      vertex -29.8776 -0.772542 3
      vertex -29.9692 -0.391086 0
      vertex -29.9692 -0.391086 3
    endloop
  endfacet
  facet normal 0.972358 0.233495 0
    outer loop
      vertex -29.9692 -0.391086 0
      vertex -29.8776 -0.772542 3
      vertex -29.8776 -0.772542 0
    endloop
  endfacet
  facet normal -0.649445 0.760409 0
    outer loop
      vertex -25.7322 -1.76777 0
      vertex -26.0305 -2.02254 3
      vertex -25.7322 -1.76777 3
    endloop
  endfacet
  facet normal -0.649445 0.760409 0
    outer loop
      vertex -26.0305 -2.02254 3
      vertex -25.7322 -1.76777 0
      vertex -26.0305 -2.02254 0
    endloop
  endfacet
  facet normal 0.522495 0.852642 -0
    outer loop
      vertex -28.635 -2.22752 0
      vertex -28.9695 -2.02254 3
      vertex -28.635 -2.22752 3
    endloop
  endfacet
  facet normal 0.522495 0.852642 0
    outer loop
      vertex -28.9695 -2.02254 3
      vertex -28.635 -2.22752 0
      vertex -28.9695 -2.02254 0
    endloop
  endfacet
  facet normal -0.852606 0.522555 0
    outer loop
      vertex -25.4775 -1.46946 0
      vertex -25.2725 -1.13498 3
      vertex -25.2725 -1.13498 0
    endloop
  endfacet
  facet normal -0.852606 0.522555 0
    outer loop
      vertex -25.2725 -1.13498 3
      vertex -25.4775 -1.46946 0
      vertex -25.4775 -1.46946 3
    endloop
  endfacet
  facet normal 0.996913 0.078512 0
    outer loop
      vertex -29.9692 -0.391086 3
      vertex -30 0 0
      vertex -30 0 3
    endloop
  endfacet
  facet normal 0.996913 0.078512 0
    outer loop
      vertex -30 0 0
      vertex -29.9692 -0.391086 3
      vertex -29.9692 -0.391086 0
    endloop
  endfacet
  facet normal 0.649445 -0.760409 0
    outer loop
      vertex -29.2678 1.76777 0
      vertex -28.9695 2.02254 3
      vertex -29.2678 1.76777 3
    endloop
  endfacet
  facet normal 0.649445 -0.760409 0
    outer loop
      vertex -28.9695 2.02254 3
      vertex -29.2678 1.76777 0
      vertex -28.9695 2.02254 0
    endloop
  endfacet
  facet normal 0.382613 -0.923909 0
    outer loop
      vertex -28.635 2.22752 0
      vertex -28.2725 2.37764 3
      vertex -28.635 2.22752 3
    endloop
  endfacet
  facet normal 0.382613 -0.923909 0
    outer loop
      vertex -28.2725 2.37764 3
      vertex -28.635 2.22752 0
      vertex -28.2725 2.37764 0
    endloop
  endfacet
  facet normal -0.382613 0.923909 0
    outer loop
      vertex -26.365 -2.22752 0
      vertex -26.7275 -2.37764 3
      vertex -26.365 -2.22752 3
    endloop
  endfacet
  facet normal -0.382613 0.923909 0
    outer loop
      vertex -26.7275 -2.37764 3
      vertex -26.365 -2.22752 0
      vertex -26.7275 -2.37764 0
    endloop
  endfacet
  facet normal 0.760508 0.649329 0
    outer loop
      vertex -29.2678 -1.76777 3
      vertex -29.5225 -1.46946 0
      vertex -29.5225 -1.46946 3
    endloop
  endfacet
  facet normal 0.760508 0.649329 0
    outer loop
      vertex -29.5225 -1.46946 0
      vertex -29.2678 -1.76777 3
      vertex -29.2678 -1.76777 0
    endloop
  endfacet
  facet normal -0.996913 0.078512 0
    outer loop
      vertex -25.0308 -0.391086 0
      vertex -25 0 3
      vertex -25 0 0
    endloop
  endfacet
  facet normal -0.996913 0.078512 0
    outer loop
      vertex -25 0 3
      vertex -25.0308 -0.391086 0
      vertex -25.0308 -0.391086 3
    endloop
  endfacet
  facet normal 0.522495 -0.852642 0
    outer loop
      vertex -28.9695 2.02254 0
      vertex -28.635 2.22752 3
      vertex -28.9695 2.02254 3
    endloop
  endfacet
  facet normal 0.522495 -0.852642 0
    outer loop
      vertex -28.635 2.22752 3
      vertex -28.9695 2.02254 0
      vertex -28.635 2.22752 0
    endloop
  endfacet
  facet normal -0.522495 0.852642 0
    outer loop
      vertex -26.0305 -2.02254 0
      vertex -26.365 -2.22752 3
      vertex -26.0305 -2.02254 3
    endloop
  endfacet
  facet normal -0.522495 0.852642 0
    outer loop
      vertex -26.365 -2.22752 3
      vertex -26.0305 -2.02254 0
      vertex -26.365 -2.22752 0
    endloop
  endfacet
  facet normal 0.649445 0.760409 -0
    outer loop
      vertex -28.9695 -2.02254 0
      vertex -29.2678 -1.76777 3
      vertex -28.9695 -2.02254 3
    endloop
  endfacet
  facet normal 0.649445 0.760409 0
    outer loop
      vertex -29.2678 -1.76777 3
      vertex -28.9695 -2.02254 0
      vertex -29.2678 -1.76777 0
    endloop
  endfacet
  facet normal 0.923904 0.382625 0
    outer loop
      vertex -29.7275 -1.13498 3
      vertex -29.8776 -0.772542 0
      vertex -29.8776 -0.772542 3
    endloop
  endfacet
  facet normal 0.923904 0.382625 0
    outer loop
      vertex -29.8776 -0.772542 0
      vertex -29.7275 -1.13498 3
      vertex -29.7275 -1.13498 0
    endloop
  endfacet
  facet normal 0.923904 -0.382625 0
    outer loop
      vertex -29.8776 0.772542 3
      vertex -29.7275 1.13498 0
      vertex -29.7275 1.13498 3
    endloop
  endfacet
  facet normal 0.923904 -0.382625 0
    outer loop
      vertex -29.7275 1.13498 0
      vertex -29.8776 0.772542 3
      vertex -29.8776 0.772542 0
    endloop
  endfacet
  facet normal -0.522495 -0.852642 0
    outer loop
      vertex -26.365 2.22752 0
      vertex -26.0305 2.02254 3
      vertex -26.365 2.22752 3
    endloop
  endfacet
  facet normal -0.522495 -0.852642 -0
    outer loop
      vertex -26.0305 2.02254 3
      vertex -26.365 2.22752 0
      vertex -26.0305 2.02254 0
    endloop
  endfacet
  facet normal -0.760508 -0.649329 0
    outer loop
      vertex -25.4775 1.46946 0
      vertex -25.7322 1.76777 3
      vertex -25.7322 1.76777 0
    endloop
  endfacet
  facet normal -0.760508 -0.649329 0
    outer loop
      vertex -25.7322 1.76777 3
      vertex -25.4775 1.46946 0
      vertex -25.4775 1.46946 3
    endloop
  endfacet
  facet normal 0.760508 -0.649329 0
    outer loop
      vertex -29.5225 1.46946 3
      vertex -29.2678 1.76777 0
      vertex -29.2678 1.76777 3
    endloop
  endfacet
  facet normal 0.760508 -0.649329 0
    outer loop
      vertex -29.2678 1.76777 0
      vertex -29.5225 1.46946 3
      vertex -29.5225 1.46946 0
    endloop
  endfacet
  facet normal -0.233479 -0.972362 0
    outer loop
      vertex -27.1089 2.46922 0
      vertex -26.7275 2.37764 3
      vertex -27.1089 2.46922 3
    endloop
  endfacet
  facet normal -0.233479 -0.972362 -0
    outer loop
      vertex -26.7275 2.37764 3
      vertex -27.1089 2.46922 0
      vertex -26.7275 2.37764 0
    endloop
  endfacet
  facet normal -0.649445 -0.760409 0
    outer loop
      vertex -26.0305 2.02254 0
      vertex -25.7322 1.76777 3
      vertex -26.0305 2.02254 3
    endloop
  endfacet
  facet normal -0.649445 -0.760409 -0
    outer loop
      vertex -25.7322 1.76777 3
      vertex -26.0305 2.02254 0
      vertex -25.7322 1.76777 0
    endloop
  endfacet
  facet normal 0.233479 0.972362 -0
    outer loop
      vertex -27.8911 -2.46922 0
      vertex -28.2725 -2.37764 3
      vertex -27.8911 -2.46922 3
    endloop
  endfacet
  facet normal 0.233479 0.972362 0
    outer loop
      vertex -28.2725 -2.37764 3
      vertex -27.8911 -2.46922 0
      vertex -28.2725 -2.37764 0
    endloop
  endfacet
  facet normal 0.852606 0.522555 0
    outer loop
      vertex -29.5225 -1.46946 3
      vertex -29.7275 -1.13498 0
      vertex -29.7275 -1.13498 3
    endloop
  endfacet
  facet normal 0.852606 0.522555 0
    outer loop
      vertex -29.7275 -1.13498 0
      vertex -29.5225 -1.46946 3
      vertex -29.5225 -1.46946 0
    endloop
  endfacet
  facet normal 0.382613 0.923909 -0
    outer loop
      vertex -28.2725 -2.37764 0
      vertex -28.635 -2.22752 3
      vertex -28.2725 -2.37764 3
    endloop
  endfacet
  facet normal 0.382613 0.923909 0
    outer loop
      vertex -28.635 -2.22752 3
      vertex -28.2725 -2.37764 0
      vertex -28.635 -2.22752 0
    endloop
  endfacet
  facet normal 0.233479 -0.972362 0
    outer loop
      vertex -28.2725 2.37764 0
      vertex -27.8911 2.46922 3
      vertex -28.2725 2.37764 3
    endloop
  endfacet
  facet normal 0.233479 -0.972362 0
    outer loop
      vertex -27.8911 2.46922 3
      vertex -28.2725 2.37764 0
      vertex -27.8911 2.46922 0
    endloop
  endfacet
  facet normal -0.233479 0.972362 0
    outer loop
      vertex -26.7275 -2.37764 0
      vertex -27.1089 -2.46922 3
      vertex -26.7275 -2.37764 3
    endloop
  endfacet
  facet normal -0.233479 0.972362 0
    outer loop
      vertex -27.1089 -2.46922 3
      vertex -26.7275 -2.37764 0
      vertex -27.1089 -2.46922 0
    endloop
  endfacet
  facet normal -0.923904 0.382625 0
    outer loop
      vertex -25.2725 -1.13498 0
      vertex -25.1224 -0.772542 3
      vertex -25.1224 -0.772542 0
    endloop
  endfacet
  facet normal -0.923904 0.382625 0
    outer loop
      vertex -25.1224 -0.772542 3
      vertex -25.2725 -1.13498 0
      vertex -25.2725 -1.13498 3
    endloop
  endfacet
  facet normal 0.852606 -0.522555 0
    outer loop
      vertex -29.7275 1.13498 3
      vertex -29.5225 1.46946 0
      vertex -29.5225 1.46946 3
    endloop
  endfacet
  facet normal 0.852606 -0.522555 0
    outer loop
      vertex -29.5225 1.46946 0
      vertex -29.7275 1.13498 3
      vertex -29.7275 1.13498 0
    endloop
  endfacet
  facet normal 0.972358 -0.233495 0
    outer loop
      vertex -29.9692 0.391086 3
      vertex -29.8776 0.772542 0
      vertex -29.8776 0.772542 3
    endloop
  endfacet
  facet normal 0.972358 -0.233495 0
    outer loop
      vertex -29.8776 0.772542 0
      vertex -29.9692 0.391086 3
      vertex -29.9692 0.391086 0
    endloop
  endfacet
  facet normal 0.0784585 -0.996917 0
    outer loop
      vertex -27.8911 2.46922 0
      vertex -27.5 2.5 3
      vertex -27.8911 2.46922 3
    endloop
  endfacet
  facet normal 0.0784585 -0.996917 0
    outer loop
      vertex -27.5 2.5 3
      vertex -27.8911 2.46922 0
      vertex -27.5 2.5 0
    endloop
  endfacet
  facet normal -0.760508 0.649329 0
    outer loop
      vertex -25.7322 -1.76777 0
      vertex -25.4775 -1.46946 3
      vertex -25.4775 -1.46946 0
    endloop
  endfacet
  facet normal -0.760508 0.649329 0
    outer loop
      vertex -25.4775 -1.46946 3
      vertex -25.7322 -1.76777 0
      vertex -25.7322 -1.76777 3
    endloop
  endfacet
  facet normal 0.996913 -0.078512 0
    outer loop
      vertex -30 0 3
      vertex -29.9692 0.391086 0
      vertex -29.9692 0.391086 3
    endloop
  endfacet
  facet normal 0.996913 -0.078512 0
    outer loop
      vertex -29.9692 0.391086 0
      vertex -30 0 3
      vertex -30 0 0
    endloop
  endfacet
  facet normal -0.972358 0.233495 0
    outer loop
      vertex -25.1224 -0.772542 0
      vertex -25.0308 -0.391086 3
      vertex -25.0308 -0.391086 0
    endloop
  endfacet
  facet normal -0.972358 0.233495 0
    outer loop
      vertex -25.0308 -0.391086 3
      vertex -25.1224 -0.772542 0
      vertex -25.1224 -0.772542 3
    endloop
  endfacet
  facet normal -0.0784585 -0.996917 0
    outer loop
      vertex -27.5 2.5 0
      vertex -27.1089 2.46922 3
      vertex -27.5 2.5 3
    endloop
  endfacet
  facet normal -0.0784585 -0.996917 -0
    outer loop
      vertex -27.1089 2.46922 3
      vertex -27.5 2.5 0
      vertex -27.1089 2.46922 0
    endloop
  endfacet
  facet normal 0.0784585 0.996917 -0
    outer loop
      vertex -27.5 -2.5 0
      vertex -27.8911 -2.46922 3
      vertex -27.5 -2.5 3
    endloop
  endfacet
  facet normal 0.0784585 0.996917 0
    outer loop
      vertex -27.8911 -2.46922 3
      vertex -27.5 -2.5 0
      vertex -27.8911 -2.46922 0
    endloop
  endfacet
  facet normal 0.97235 -0.233527 0
    outer loop
      vertex -29.9692 11.3911 3
      vertex -29.8776 11.7725 0
      vertex -29.8776 11.7725 3
    endloop
  endfacet
  facet normal 0.97235 -0.233527 0
    outer loop
      vertex -29.8776 11.7725 0
      vertex -29.9692 11.3911 3
      vertex -29.9692 11.3911 0
    endloop
  endfacet
  facet normal -0.97235 -0.233527 0
    outer loop
      vertex -25.0308 11.3911 0
      vertex -25.1224 11.7725 3
      vertex -25.1224 11.7725 0
    endloop
  endfacet
  facet normal -0.97235 -0.233527 0
    outer loop
      vertex -25.1224 11.7725 3
      vertex -25.0308 11.3911 0
      vertex -25.0308 11.3911 3
    endloop
  endfacet
  facet normal -0.996913 -0.0785092 0
    outer loop
      vertex -25 11 0
      vertex -25.0308 11.3911 3
      vertex -25.0308 11.3911 0
    endloop
  endfacet
  facet normal -0.996913 -0.0785092 0
    outer loop
      vertex -25.0308 11.3911 3
      vertex -25 11 0
      vertex -25 11 3
    endloop
  endfacet
  facet normal -0.923927 -0.382569 0
    outer loop
      vertex -25.1224 11.7725 0
      vertex -25.2725 12.135 3
      vertex -25.2725 12.135 0
    endloop
  endfacet
  facet normal -0.923927 -0.382569 0
    outer loop
      vertex -25.2725 12.135 3
      vertex -25.1224 11.7725 0
      vertex -25.1224 11.7725 3
    endloop
  endfacet
  facet normal -0.996913 0.0785092 0
    outer loop
      vertex -25.0308 10.6089 0
      vertex -25 11 3
      vertex -25 11 0
    endloop
  endfacet
  facet normal -0.996913 0.0785092 0
    outer loop
      vertex -25 11 3
      vertex -25.0308 10.6089 0
      vertex -25.0308 10.6089 3
    endloop
  endfacet
  facet normal 0.760497 -0.649342 0
    outer loop
      vertex -29.5225 12.4695 3
      vertex -29.2678 12.7678 0
      vertex -29.2678 12.7678 3
    endloop
  endfacet
  facet normal 0.760497 -0.649342 0
    outer loop
      vertex -29.2678 12.7678 0
      vertex -29.5225 12.4695 3
      vertex -29.5225 12.4695 0
    endloop
  endfacet
  facet normal 0.85262 -0.522532 0
    outer loop
      vertex -29.7275 12.135 3
      vertex -29.5225 12.4695 0
      vertex -29.5225 12.4695 3
    endloop
  endfacet
  facet normal 0.85262 -0.522532 0
    outer loop
      vertex -29.5225 12.4695 0
      vertex -29.7275 12.135 3
      vertex -29.7275 12.135 0
    endloop
  endfacet
  facet normal -0.382613 0.923909 0
    outer loop
      vertex -26.365 8.77248 0
      vertex -26.7275 8.62236 3
      vertex -26.365 8.77248 3
    endloop
  endfacet
  facet normal -0.382613 0.923909 0
    outer loop
      vertex -26.7275 8.62236 3
      vertex -26.365 8.77248 0
      vertex -26.7275 8.62236 0
    endloop
  endfacet
  facet normal 0.0785092 -0.996913 0
    outer loop
      vertex -27.8911 13.4692 0
      vertex -27.5 13.5 3
      vertex -27.8911 13.4692 3
    endloop
  endfacet
  facet normal 0.0785092 -0.996913 0
    outer loop
      vertex -27.5 13.5 3
      vertex -27.8911 13.4692 0
      vertex -27.5 13.5 0
    endloop
  endfacet
  facet normal -0.760508 0.649329 0
    outer loop
      vertex -25.7322 9.23223 0
      vertex -25.4775 9.53054 3
      vertex -25.4775 9.53054 0
    endloop
  endfacet
  facet normal -0.760508 0.649329 0
    outer loop
      vertex -25.4775 9.53054 3
      vertex -25.7322 9.23223 0
      vertex -25.7322 9.23223 3
    endloop
  endfacet
  facet normal -0.522495 0.852642 0
    outer loop
      vertex -26.0305 8.97746 0
      vertex -26.365 8.77248 3
      vertex -26.0305 8.97746 3
    endloop
  endfacet
  facet normal -0.522495 0.852642 0
    outer loop
      vertex -26.365 8.77248 3
      vertex -26.0305 8.97746 0
      vertex -26.365 8.77248 0
    endloop
  endfacet
  facet normal -0.923919 0.382587 0
    outer loop
      vertex -25.2725 9.86502 0
      vertex -25.1224 10.2275 3
      vertex -25.1224 10.2275 0
    endloop
  endfacet
  facet normal -0.923919 0.382587 0
    outer loop
      vertex -25.1224 10.2275 3
      vertex -25.2725 9.86502 0
      vertex -25.2725 9.86502 3
    endloop
  endfacet
  facet normal -0.760497 -0.649342 0
    outer loop
      vertex -25.4775 12.4695 0
      vertex -25.7322 12.7678 3
      vertex -25.7322 12.7678 0
    endloop
  endfacet
  facet normal -0.760497 -0.649342 0
    outer loop
      vertex -25.7322 12.7678 3
      vertex -25.4775 12.4695 0
      vertex -25.4775 12.4695 3
    endloop
  endfacet
  facet normal 0.522495 0.852642 -0
    outer loop
      vertex -28.635 8.77248 0
      vertex -28.9695 8.97746 3
      vertex -28.635 8.77248 3
    endloop
  endfacet
  facet normal 0.522495 0.852642 0
    outer loop
      vertex -28.9695 8.97746 3
      vertex -28.635 8.77248 0
      vertex -28.9695 8.97746 0
    endloop
  endfacet
  facet normal -0.522532 -0.85262 0
    outer loop
      vertex -26.365 13.2275 0
      vertex -26.0305 13.0225 3
      vertex -26.365 13.2275 3
    endloop
  endfacet
  facet normal -0.522532 -0.85262 -0
    outer loop
      vertex -26.0305 13.0225 3
      vertex -26.365 13.2275 0
      vertex -26.0305 13.0225 0
    endloop
  endfacet
  facet normal 0.996913 -0.0785092 0
    outer loop
      vertex -30 11 3
      vertex -29.9692 11.3911 0
      vertex -29.9692 11.3911 3
    endloop
  endfacet
  facet normal 0.996913 -0.0785092 0
    outer loop
      vertex -29.9692 11.3911 0
      vertex -30 11 3
      vertex -30 11 0
    endloop
  endfacet
  facet normal 0.923927 -0.382569 0
    outer loop
      vertex -29.8776 11.7725 3
      vertex -29.7275 12.135 0
      vertex -29.7275 12.135 3
    endloop
  endfacet
  facet normal 0.923927 -0.382569 0
    outer loop
      vertex -29.7275 12.135 0
      vertex -29.8776 11.7725 3
      vertex -29.8776 11.7725 0
    endloop
  endfacet
  facet normal 0.97235 0.233527 0
    outer loop
      vertex -29.8776 10.2275 3
      vertex -29.9692 10.6089 0
      vertex -29.9692 10.6089 3
    endloop
  endfacet
  facet normal 0.97235 0.233527 0
    outer loop
      vertex -29.9692 10.6089 0
      vertex -29.8776 10.2275 3
      vertex -29.8776 10.2275 0
    endloop
  endfacet
  facet normal 0.233479 0.972362 -0
    outer loop
      vertex -27.8911 8.53078 0
      vertex -28.2725 8.62236 3
      vertex -27.8911 8.53078 3
    endloop
  endfacet
  facet normal 0.233479 0.972362 0
    outer loop
      vertex -28.2725 8.62236 3
      vertex -27.8911 8.53078 0
      vertex -28.2725 8.62236 0
    endloop
  endfacet
  facet normal -0.233479 0.972362 0
    outer loop
      vertex -26.7275 8.62236 0
      vertex -27.1089 8.53078 3
      vertex -26.7275 8.62236 3
    endloop
  endfacet
  facet normal -0.233479 0.972362 0
    outer loop
      vertex -27.1089 8.53078 3
      vertex -26.7275 8.62236 0
      vertex -27.1089 8.53078 0
    endloop
  endfacet
  facet normal 0.649342 -0.760497 0
    outer loop
      vertex -29.2678 12.7678 0
      vertex -28.9695 13.0225 3
      vertex -29.2678 12.7678 3
    endloop
  endfacet
  facet normal 0.649342 -0.760497 0
    outer loop
      vertex -28.9695 13.0225 3
      vertex -29.2678 12.7678 0
      vertex -28.9695 13.0225 0
    endloop
  endfacet
  facet normal 0.382613 0.923909 -0
    outer loop
      vertex -28.2725 8.62236 0
      vertex -28.635 8.77248 3
      vertex -28.2725 8.62236 3
    endloop
  endfacet
  facet normal 0.382613 0.923909 0
    outer loop
      vertex -28.635 8.77248 3
      vertex -28.2725 8.62236 0
      vertex -28.635 8.77248 0
    endloop
  endfacet
  facet normal -0.85262 -0.522532 0
    outer loop
      vertex -25.2725 12.135 0
      vertex -25.4775 12.4695 3
      vertex -25.4775 12.4695 0
    endloop
  endfacet
  facet normal -0.85262 -0.522532 0
    outer loop
      vertex -25.4775 12.4695 3
      vertex -25.2725 12.135 0
      vertex -25.2725 12.135 3
    endloop
  endfacet
  facet normal 0.852606 0.522555 0
    outer loop
      vertex -29.5225 9.53054 3
      vertex -29.7275 9.86502 0
      vertex -29.7275 9.86502 3
    endloop
  endfacet
  facet normal 0.852606 0.522555 0
    outer loop
      vertex -29.7275 9.86502 0
      vertex -29.5225 9.53054 3
      vertex -29.5225 9.53054 0
    endloop
  endfacet
  facet normal -0.852606 0.522555 0
    outer loop
      vertex -25.4775 9.53054 0
      vertex -25.2725 9.86502 3
      vertex -25.2725 9.86502 0
    endloop
  endfacet
  facet normal -0.852606 0.522555 0
    outer loop
      vertex -25.2725 9.86502 3
      vertex -25.4775 9.53054 0
      vertex -25.4775 9.53054 3
    endloop
  endfacet
  facet normal -0.382569 -0.923927 0
    outer loop
      vertex -26.7275 13.3776 0
      vertex -26.365 13.2275 3
      vertex -26.7275 13.3776 3
    endloop
  endfacet
  facet normal -0.382569 -0.923927 -0
    outer loop
      vertex -26.365 13.2275 3
      vertex -26.7275 13.3776 0
      vertex -26.365 13.2275 0
    endloop
  endfacet
  facet normal 0.522532 -0.85262 0
    outer loop
      vertex -28.9695 13.0225 0
      vertex -28.635 13.2275 3
      vertex -28.9695 13.0225 3
    endloop
  endfacet
  facet normal 0.522532 -0.85262 0
    outer loop
      vertex -28.635 13.2275 3
      vertex -28.9695 13.0225 0
      vertex -28.635 13.2275 0
    endloop
  endfacet
  facet normal -0.649342 -0.760497 0
    outer loop
      vertex -26.0305 13.0225 0
      vertex -25.7322 12.7678 3
      vertex -26.0305 13.0225 3
    endloop
  endfacet
  facet normal -0.649342 -0.760497 -0
    outer loop
      vertex -25.7322 12.7678 3
      vertex -26.0305 13.0225 0
      vertex -25.7322 12.7678 0
    endloop
  endfacet
  facet normal 0.382569 -0.923927 0
    outer loop
      vertex -28.635 13.2275 0
      vertex -28.2725 13.3776 3
      vertex -28.635 13.2275 3
    endloop
  endfacet
  facet normal 0.382569 -0.923927 0
    outer loop
      vertex -28.2725 13.3776 3
      vertex -28.635 13.2275 0
      vertex -28.2725 13.3776 0
    endloop
  endfacet
  facet normal -0.97235 0.233527 0
    outer loop
      vertex -25.1224 10.2275 0
      vertex -25.0308 10.6089 3
      vertex -25.0308 10.6089 0
    endloop
  endfacet
  facet normal -0.97235 0.233527 0
    outer loop
      vertex -25.0308 10.6089 3
      vertex -25.1224 10.2275 0
      vertex -25.1224 10.2275 3
    endloop
  endfacet
  facet normal 0.996913 0.0785092 0
    outer loop
      vertex -29.9692 10.6089 3
      vertex -30 11 0
      vertex -30 11 3
    endloop
  endfacet
  facet normal 0.996913 0.0785092 0
    outer loop
      vertex -30 11 0
      vertex -29.9692 10.6089 3
      vertex -29.9692 10.6089 0
    endloop
  endfacet
  facet normal 0.923919 0.382587 0
    outer loop
      vertex -29.7275 9.86502 3
      vertex -29.8776 10.2275 0
      vertex -29.8776 10.2275 3
    endloop
  endfacet
  facet normal 0.923919 0.382587 0
    outer loop
      vertex -29.8776 10.2275 0
      vertex -29.7275 9.86502 3
      vertex -29.7275 9.86502 0
    endloop
  endfacet
  facet normal 0.760508 0.649329 0
    outer loop
      vertex -29.2678 9.23223 3
      vertex -29.5225 9.53054 0
      vertex -29.5225 9.53054 3
    endloop
  endfacet
  facet normal 0.760508 0.649329 0
    outer loop
      vertex -29.5225 9.53054 0
      vertex -29.2678 9.23223 3
      vertex -29.2678 9.23223 0
    endloop
  endfacet
  facet normal -0.0785092 -0.996913 0
    outer loop
      vertex -27.5 13.5 0
      vertex -27.1089 13.4692 3
      vertex -27.5 13.5 3
    endloop
  endfacet
  facet normal -0.0785092 -0.996913 -0
    outer loop
      vertex -27.1089 13.4692 3
      vertex -27.5 13.5 0
      vertex -27.1089 13.4692 0
    endloop
  endfacet
  facet normal 0.233527 -0.97235 0
    outer loop
      vertex -28.2725 13.3776 0
      vertex -27.8911 13.4692 3
      vertex -28.2725 13.3776 3
    endloop
  endfacet
  facet normal 0.233527 -0.97235 0
    outer loop
      vertex -27.8911 13.4692 3
      vertex -28.2725 13.3776 0
      vertex -27.8911 13.4692 0
    endloop
  endfacet
  facet normal -0.649445 0.760409 0
    outer loop
      vertex -25.7322 9.23223 0
      vertex -26.0305 8.97746 3
      vertex -25.7322 9.23223 3
    endloop
  endfacet
  facet normal -0.649445 0.760409 0
    outer loop
      vertex -26.0305 8.97746 3
      vertex -25.7322 9.23223 0
      vertex -26.0305 8.97746 0
    endloop
  endfacet
  facet normal -0.233527 -0.97235 0
    outer loop
      vertex -27.1089 13.4692 0
      vertex -26.7275 13.3776 3
      vertex -27.1089 13.4692 3
    endloop
  endfacet
  facet normal -0.233527 -0.97235 -0
    outer loop
      vertex -26.7275 13.3776 3
      vertex -27.1089 13.4692 0
      vertex -26.7275 13.3776 0
    endloop
  endfacet
  facet normal -0.0784585 0.996917 0
    outer loop
      vertex -27.1089 8.53078 0
      vertex -27.5 8.5 3
      vertex -27.1089 8.53078 3
    endloop
  endfacet
  facet normal -0.0784585 0.996917 0
    outer loop
      vertex -27.5 8.5 3
      vertex -27.1089 8.53078 0
      vertex -27.5 8.5 0
    endloop
  endfacet
  facet normal 0.649445 0.760409 -0
    outer loop
      vertex -28.9695 8.97746 0
      vertex -29.2678 9.23223 3
      vertex -28.9695 8.97746 3
    endloop
  endfacet
  facet normal 0.649445 0.760409 0
    outer loop
      vertex -29.2678 9.23223 3
      vertex -28.9695 8.97746 0
      vertex -29.2678 9.23223 0
    endloop
  endfacet
  facet normal 0.0784585 0.996917 -0
    outer loop
      vertex -27.5 8.5 0
      vertex -27.8911 8.53078 3
      vertex -27.5 8.5 3
    endloop
  endfacet
  facet normal 0.0784585 0.996917 0
    outer loop
      vertex -27.8911 8.53078 3
      vertex -27.5 8.5 0
      vertex -27.8911 8.53078 0
    endloop
  endfacet
  facet normal -0.97235 -0.233527 0
    outer loop
      vertex -14.0308 -10.6089 0
      vertex -14.1224 -10.2275 3
      vertex -14.1224 -10.2275 0
    endloop
  endfacet
  facet normal -0.97235 -0.233527 0
    outer loop
      vertex -14.1224 -10.2275 3
      vertex -14.0308 -10.6089 0
      vertex -14.0308 -10.6089 3
    endloop
  endfacet
  facet normal -0.996913 -0.0785092 0
    outer loop
      vertex -14 -11 0
      vertex -14.0308 -10.6089 3
      vertex -14.0308 -10.6089 0
    endloop
  endfacet
  facet normal -0.996913 -0.0785092 0
    outer loop
      vertex -14.0308 -10.6089 3
      vertex -14 -11 0
      vertex -14 -11 3
    endloop
  endfacet
  facet normal -0.923919 -0.382587 0
    outer loop
      vertex -14.1224 -10.2275 0
      vertex -14.2725 -9.86502 3
      vertex -14.2725 -9.86502 0
    endloop
  endfacet
  facet normal -0.923919 -0.382587 0
    outer loop
      vertex -14.2725 -9.86502 3
      vertex -14.1224 -10.2275 0
      vertex -14.1224 -10.2275 3
    endloop
  endfacet
  facet normal -0.0785092 0.996913 0
    outer loop
      vertex -16.1089 -13.4692 0
      vertex -16.5 -13.5 3
      vertex -16.1089 -13.4692 3
    endloop
  endfacet
  facet normal -0.0785092 0.996913 0
    outer loop
      vertex -16.5 -13.5 3
      vertex -16.1089 -13.4692 0
      vertex -16.5 -13.5 0
    endloop
  endfacet
  facet normal 0.760508 -0.649329 0
    outer loop
      vertex -18.5225 -9.53054 3
      vertex -18.2678 -9.23223 0
      vertex -18.2678 -9.23223 3
    endloop
  endfacet
  facet normal 0.760508 -0.649329 0
    outer loop
      vertex -18.2678 -9.23223 0
      vertex -18.5225 -9.53054 3
      vertex -18.5225 -9.53054 0
    endloop
  endfacet
  facet normal 0.522532 0.85262 -0
    outer loop
      vertex -17.635 -13.2275 0
      vertex -17.9695 -13.0225 3
      vertex -17.635 -13.2275 3
    endloop
  endfacet
  facet normal 0.522532 0.85262 0
    outer loop
      vertex -17.9695 -13.0225 3
      vertex -17.635 -13.2275 0
      vertex -17.9695 -13.0225 0
    endloop
  endfacet
  facet normal 0.649342 0.760497 -0
    outer loop
      vertex -17.9695 -13.0225 0
      vertex -18.2678 -12.7678 3
      vertex -17.9695 -13.0225 3
    endloop
  endfacet
  facet normal 0.649342 0.760497 0
    outer loop
      vertex -18.2678 -12.7678 3
      vertex -17.9695 -13.0225 0
      vertex -18.2678 -12.7678 0
    endloop
  endfacet
  facet normal -0.649342 0.760497 0
    outer loop
      vertex -14.7322 -12.7678 0
      vertex -15.0305 -13.0225 3
      vertex -14.7322 -12.7678 3
    endloop
  endfacet
  facet normal -0.649342 0.760497 0
    outer loop
      vertex -15.0305 -13.0225 3
      vertex -14.7322 -12.7678 0
      vertex -15.0305 -13.0225 0
    endloop
  endfacet
  facet normal 0.233527 0.97235 -0
    outer loop
      vertex -16.8911 -13.4692 0
      vertex -17.2725 -13.3776 3
      vertex -16.8911 -13.4692 3
    endloop
  endfacet
  facet normal 0.233527 0.97235 0
    outer loop
      vertex -17.2725 -13.3776 3
      vertex -16.8911 -13.4692 0
      vertex -17.2725 -13.3776 0
    endloop
  endfacet
  facet normal 0.649445 -0.760409 0
    outer loop
      vertex -18.2678 -9.23223 0
      vertex -17.9695 -8.97746 3
      vertex -18.2678 -9.23223 3
    endloop
  endfacet
  facet normal 0.649445 -0.760409 0
    outer loop
      vertex -17.9695 -8.97746 3
      vertex -18.2678 -9.23223 0
      vertex -17.9695 -8.97746 0
    endloop
  endfacet
  facet normal 0.382613 -0.923909 0
    outer loop
      vertex -17.635 -8.77248 0
      vertex -17.2725 -8.62236 3
      vertex -17.635 -8.77248 3
    endloop
  endfacet
  facet normal 0.382613 -0.923909 0
    outer loop
      vertex -17.2725 -8.62236 3
      vertex -17.635 -8.77248 0
      vertex -17.2725 -8.62236 0
    endloop
  endfacet
  facet normal -0.85262 0.522532 0
    outer loop
      vertex -14.4775 -12.4695 0
      vertex -14.2725 -12.135 3
      vertex -14.2725 -12.135 0
    endloop
  endfacet
  facet normal -0.85262 0.522532 0
    outer loop
      vertex -14.2725 -12.135 3
      vertex -14.4775 -12.4695 0
      vertex -14.4775 -12.4695 3
    endloop
  endfacet
  facet normal 0.382569 0.923927 -0
    outer loop
      vertex -17.2725 -13.3776 0
      vertex -17.635 -13.2275 3
      vertex -17.2725 -13.3776 3
    endloop
  endfacet
  facet normal 0.382569 0.923927 0
    outer loop
      vertex -17.635 -13.2275 3
      vertex -17.2725 -13.3776 0
      vertex -17.635 -13.2275 0
    endloop
  endfacet
  facet normal -0.382569 0.923927 0
    outer loop
      vertex -15.365 -13.2275 0
      vertex -15.7275 -13.3776 3
      vertex -15.365 -13.2275 3
    endloop
  endfacet
  facet normal -0.382569 0.923927 0
    outer loop
      vertex -15.7275 -13.3776 3
      vertex -15.365 -13.2275 0
      vertex -15.7275 -13.3776 0
    endloop
  endfacet
  facet normal 0.760497 0.649342 0
    outer loop
      vertex -18.2678 -12.7678 3
      vertex -18.5225 -12.4695 0
      vertex -18.5225 -12.4695 3
    endloop
  endfacet
  facet normal 0.760497 0.649342 0
    outer loop
      vertex -18.5225 -12.4695 0
      vertex -18.2678 -12.7678 3
      vertex -18.2678 -12.7678 0
    endloop
  endfacet
  facet normal -0.996913 0.0785092 0
    outer loop
      vertex -14.0308 -11.3911 0
      vertex -14 -11 3
      vertex -14 -11 0
    endloop
  endfacet
  facet normal -0.996913 0.0785092 0
    outer loop
      vertex -14 -11 3
      vertex -14.0308 -11.3911 0
      vertex -14.0308 -11.3911 3
    endloop
  endfacet
  facet normal 0.97235 0.233527 0
    outer loop
      vertex -18.8776 -11.7725 3
      vertex -18.9692 -11.3911 0
      vertex -18.9692 -11.3911 3
    endloop
  endfacet
  facet normal 0.97235 0.233527 0
    outer loop
      vertex -18.9692 -11.3911 0
      vertex -18.8776 -11.7725 3
      vertex -18.8776 -11.7725 0
    endloop
  endfacet
  facet normal 0.522495 -0.852642 0
    outer loop
      vertex -17.9695 -8.97746 0
      vertex -17.635 -8.77248 3
      vertex -17.9695 -8.97746 3
    endloop
  endfacet
  facet normal 0.522495 -0.852642 0
    outer loop
      vertex -17.635 -8.77248 3
      vertex -17.9695 -8.97746 0
      vertex -17.635 -8.77248 0
    endloop
  endfacet
  facet normal 0.923927 0.382569 0
    outer loop
      vertex -18.7275 -12.135 3
      vertex -18.8776 -11.7725 0
      vertex -18.8776 -11.7725 3
    endloop
  endfacet
  facet normal 0.923927 0.382569 0
    outer loop
      vertex -18.8776 -11.7725 0
      vertex -18.7275 -12.135 3
      vertex -18.7275 -12.135 0
    endloop
  endfacet
  facet normal -0.923927 0.382569 0
    outer loop
      vertex -14.2725 -12.135 0
      vertex -14.1224 -11.7725 3
      vertex -14.1224 -11.7725 0
    endloop
  endfacet
  facet normal -0.923927 0.382569 0
    outer loop
      vertex -14.1224 -11.7725 3
      vertex -14.2725 -12.135 0
      vertex -14.2725 -12.135 3
    endloop
  endfacet
  facet normal 0.996913 -0.0785092 0
    outer loop
      vertex -19 -11 3
      vertex -18.9692 -10.6089 0
      vertex -18.9692 -10.6089 3
    endloop
  endfacet
  facet normal 0.996913 -0.0785092 0
    outer loop
      vertex -18.9692 -10.6089 0
      vertex -19 -11 3
      vertex -19 -11 0
    endloop
  endfacet
  facet normal -0.382613 -0.923909 0
    outer loop
      vertex -15.7275 -8.62236 0
      vertex -15.365 -8.77248 3
      vertex -15.7275 -8.62236 3
    endloop
  endfacet
  facet normal -0.382613 -0.923909 -0
    outer loop
      vertex -15.365 -8.77248 3
      vertex -15.7275 -8.62236 0
      vertex -15.365 -8.77248 0
    endloop
  endfacet
  facet normal -0.649445 -0.760409 0
    outer loop
      vertex -15.0305 -8.97746 0
      vertex -14.7322 -9.23223 3
      vertex -15.0305 -8.97746 3
    endloop
  endfacet
  facet normal -0.649445 -0.760409 -0
    outer loop
      vertex -14.7322 -9.23223 3
      vertex -15.0305 -8.97746 0
      vertex -14.7322 -9.23223 0
    endloop
  endfacet
  facet normal 0.233479 -0.972362 0
    outer loop
      vertex -17.2725 -8.62236 0
      vertex -16.8911 -8.53078 3
      vertex -17.2725 -8.62236 3
    endloop
  endfacet
  facet normal 0.233479 -0.972362 0
    outer loop
      vertex -16.8911 -8.53078 3
      vertex -17.2725 -8.62236 0
      vertex -16.8911 -8.53078 0
    endloop
  endfacet
  facet normal -0.522495 -0.852642 0
    outer loop
      vertex -15.365 -8.77248 0
      vertex -15.0305 -8.97746 3
      vertex -15.365 -8.77248 3
    endloop
  endfacet
  facet normal -0.522495 -0.852642 -0
    outer loop
      vertex -15.0305 -8.97746 3
      vertex -15.365 -8.77248 0
      vertex -15.0305 -8.97746 0
    endloop
  endfacet
  facet normal 0.923919 -0.382587 0
    outer loop
      vertex -18.8776 -10.2275 3
      vertex -18.7275 -9.86502 0
      vertex -18.7275 -9.86502 3
    endloop
  endfacet
  facet normal 0.923919 -0.382587 0
    outer loop
      vertex -18.7275 -9.86502 0
      vertex -18.8776 -10.2275 3
      vertex -18.8776 -10.2275 0
    endloop
  endfacet
  facet normal -0.522532 0.85262 0
    outer loop
      vertex -15.0305 -13.0225 0
      vertex -15.365 -13.2275 3
      vertex -15.0305 -13.0225 3
    endloop
  endfacet
  facet normal -0.522532 0.85262 0
    outer loop
      vertex -15.365 -13.2275 3
      vertex -15.0305 -13.0225 0
      vertex -15.365 -13.2275 0
    endloop
  endfacet
  facet normal -0.852606 -0.522555 0
    outer loop
      vertex -14.2725 -9.86502 0
      vertex -14.4775 -9.53054 3
      vertex -14.4775 -9.53054 0
    endloop
  endfacet
  facet normal -0.852606 -0.522555 0
    outer loop
      vertex -14.4775 -9.53054 3
      vertex -14.2725 -9.86502 0
      vertex -14.2725 -9.86502 3
    endloop
  endfacet
  facet normal -0.760508 -0.649329 0
    outer loop
      vertex -14.4775 -9.53054 0
      vertex -14.7322 -9.23223 3
      vertex -14.7322 -9.23223 0
    endloop
  endfacet
  facet normal -0.760508 -0.649329 0
    outer loop
      vertex -14.7322 -9.23223 3
      vertex -14.4775 -9.53054 0
      vertex -14.4775 -9.53054 3
    endloop
  endfacet
  facet normal 0.85262 0.522532 0
    outer loop
      vertex -18.5225 -12.4695 3
      vertex -18.7275 -12.135 0
      vertex -18.7275 -12.135 3
    endloop
  endfacet
  facet normal 0.85262 0.522532 0
    outer loop
      vertex -18.7275 -12.135 0
      vertex -18.5225 -12.4695 3
      vertex -18.5225 -12.4695 0
    endloop
  endfacet
  facet normal -0.233527 0.97235 0
    outer loop
      vertex -15.7275 -13.3776 0
      vertex -16.1089 -13.4692 3
      vertex -15.7275 -13.3776 3
    endloop
  endfacet
  facet normal -0.233527 0.97235 0
    outer loop
      vertex -16.1089 -13.4692 3
      vertex -15.7275 -13.3776 0
      vertex -16.1089 -13.4692 0
    endloop
  endfacet
  facet normal -0.233479 -0.972362 0
    outer loop
      vertex -16.1089 -8.53078 0
      vertex -15.7275 -8.62236 3
      vertex -16.1089 -8.53078 3
    endloop
  endfacet
  facet normal -0.233479 -0.972362 -0
    outer loop
      vertex -15.7275 -8.62236 3
      vertex -16.1089 -8.53078 0
      vertex -15.7275 -8.62236 0
    endloop
  endfacet
  facet normal 0.852606 -0.522555 0
    outer loop
      vertex -18.7275 -9.86502 3
      vertex -18.5225 -9.53054 0
      vertex -18.5225 -9.53054 3
    endloop
  endfacet
  facet normal 0.852606 -0.522555 0
    outer loop
      vertex -18.5225 -9.53054 0
      vertex -18.7275 -9.86502 3
      vertex -18.7275 -9.86502 0
    endloop
  endfacet
  facet normal 0.996913 0.0785092 0
    outer loop
      vertex -18.9692 -11.3911 3
      vertex -19 -11 0
      vertex -19 -11 3
    endloop
  endfacet
  facet normal 0.996913 0.0785092 0
    outer loop
      vertex -19 -11 0
      vertex -18.9692 -11.3911 3
      vertex -18.9692 -11.3911 0
    endloop
  endfacet
  facet normal -0.760497 0.649342 0
    outer loop
      vertex -14.7322 -12.7678 0
      vertex -14.4775 -12.4695 3
      vertex -14.4775 -12.4695 0
    endloop
  endfacet
  facet normal -0.760497 0.649342 0
    outer loop
      vertex -14.4775 -12.4695 3
      vertex -14.7322 -12.7678 0
      vertex -14.7322 -12.7678 3
    endloop
  endfacet
  facet normal -0.97235 0.233527 0
    outer loop
      vertex -14.1224 -11.7725 0
      vertex -14.0308 -11.3911 3
      vertex -14.0308 -11.3911 0
    endloop
  endfacet
  facet normal -0.97235 0.233527 0
    outer loop
      vertex -14.0308 -11.3911 3
      vertex -14.1224 -11.7725 0
      vertex -14.1224 -11.7725 3
    endloop
  endfacet
  facet normal 0.97235 -0.233527 0
    outer loop
      vertex -18.9692 -10.6089 3
      vertex -18.8776 -10.2275 0
      vertex -18.8776 -10.2275 3
    endloop
  endfacet
  facet normal 0.97235 -0.233527 0
    outer loop
      vertex -18.8776 -10.2275 0
      vertex -18.9692 -10.6089 3
      vertex -18.9692 -10.6089 0
    endloop
  endfacet
  facet normal -0.0784585 -0.996917 0
    outer loop
      vertex -16.5 -8.5 0
      vertex -16.1089 -8.53078 3
      vertex -16.5 -8.5 3
    endloop
  endfacet
  facet normal -0.0784585 -0.996917 -0
    outer loop
      vertex -16.1089 -8.53078 3
      vertex -16.5 -8.5 0
      vertex -16.1089 -8.53078 0
    endloop
  endfacet
  facet normal 0.0784585 -0.996917 0
    outer loop
      vertex -16.8911 -8.53078 0
      vertex -16.5 -8.5 3
      vertex -16.8911 -8.53078 3
    endloop
  endfacet
  facet normal 0.0784585 -0.996917 0
    outer loop
      vertex -16.5 -8.5 3
      vertex -16.8911 -8.53078 0
      vertex -16.5 -8.5 0
    endloop
  endfacet
  facet normal 0.0785092 0.996913 -0
    outer loop
      vertex -16.5 -13.5 0
      vertex -16.8911 -13.4692 3
      vertex -16.5 -13.5 3
    endloop
  endfacet
  facet normal 0.0785092 0.996913 0
    outer loop
      vertex -16.8911 -13.4692 3
      vertex -16.5 -13.5 0
      vertex -16.8911 -13.4692 0
    endloop
  endfacet
  facet normal -0.972358 -0.233495 0
    outer loop
      vertex -14.0308 0.391086 0
      vertex -14.1224 0.772542 3
      vertex -14.1224 0.772542 0
    endloop
  endfacet
  facet normal -0.972358 -0.233495 0
    outer loop
      vertex -14.1224 0.772542 3
      vertex -14.0308 0.391086 0
      vertex -14.0308 0.391086 3
    endloop
  endfacet
  facet normal -0.996913 -0.078512 0
    outer loop
      vertex -14 0 0
      vertex -14.0308 0.391086 3
      vertex -14.0308 0.391086 0
    endloop
  endfacet
  facet normal -0.996913 -0.078512 0
    outer loop
      vertex -14.0308 0.391086 3
      vertex -14 0 0
      vertex -14 0 3
    endloop
  endfacet
  facet normal -0.923904 -0.382625 0
    outer loop
      vertex -14.1224 0.772542 0
      vertex -14.2725 1.13498 3
      vertex -14.2725 1.13498 0
    endloop
  endfacet
  facet normal -0.923904 -0.382625 0
    outer loop
      vertex -14.2725 1.13498 3
      vertex -14.1224 0.772542 0
      vertex -14.1224 0.772542 3
    endloop
  endfacet
  facet normal -0.0784585 0.996917 0
    outer loop
      vertex -16.1089 -2.46922 0
      vertex -16.5 -2.5 3
      vertex -16.1089 -2.46922 3
    endloop
  endfacet
  facet normal -0.0784585 0.996917 0
    outer loop
      vertex -16.5 -2.5 3
      vertex -16.1089 -2.46922 0
      vertex -16.5 -2.5 0
    endloop
  endfacet
  facet normal -0.382613 -0.923909 0
    outer loop
      vertex -15.7275 2.37764 0
      vertex -15.365 2.22752 3
      vertex -15.7275 2.37764 3
    endloop
  endfacet
  facet normal -0.382613 -0.923909 -0
    outer loop
      vertex -15.365 2.22752 3
      vertex -15.7275 2.37764 0
      vertex -15.365 2.22752 0
    endloop
  endfacet
  facet normal -0.852606 -0.522555 0
    outer loop
      vertex -14.2725 1.13498 0
      vertex -14.4775 1.46946 3
      vertex -14.4775 1.46946 0
    endloop
  endfacet
  facet normal -0.852606 -0.522555 0
    outer loop
      vertex -14.4775 1.46946 3
      vertex -14.2725 1.13498 0
      vertex -14.2725 1.13498 3
    endloop
  endfacet
  facet normal 0.972358 0.233495 0
    outer loop
      vertex -18.8776 -0.772542 3
      vertex -18.9692 -0.391086 0
      vertex -18.9692 -0.391086 3
    endloop
  endfacet
  facet normal 0.972358 0.233495 0
    outer loop
      vertex -18.9692 -0.391086 0
      vertex -18.8776 -0.772542 3
      vertex -18.8776 -0.772542 0
    endloop
  endfacet
  facet normal -0.649445 0.760409 0
    outer loop
      vertex -14.7322 -1.76777 0
      vertex -15.0305 -2.02254 3
      vertex -14.7322 -1.76777 3
    endloop
  endfacet
  facet normal -0.649445 0.760409 0
    outer loop
      vertex -15.0305 -2.02254 3
      vertex -14.7322 -1.76777 0
      vertex -15.0305 -2.02254 0
    endloop
  endfacet
  facet normal 0.522495 0.852642 -0
    outer loop
      vertex -17.635 -2.22752 0
      vertex -17.9695 -2.02254 3
      vertex -17.635 -2.22752 3
    endloop
  endfacet
  facet normal 0.522495 0.852642 0
    outer loop
      vertex -17.9695 -2.02254 3
      vertex -17.635 -2.22752 0
      vertex -17.9695 -2.02254 0
    endloop
  endfacet
  facet normal -0.852606 0.522555 0
    outer loop
      vertex -14.4775 -1.46946 0
      vertex -14.2725 -1.13498 3
      vertex -14.2725 -1.13498 0
    endloop
  endfacet
  facet normal -0.852606 0.522555 0
    outer loop
      vertex -14.2725 -1.13498 3
      vertex -14.4775 -1.46946 0
      vertex -14.4775 -1.46946 3
    endloop
  endfacet
  facet normal 0.996913 0.078512 0
    outer loop
      vertex -18.9692 -0.391086 3
      vertex -19 0 0
      vertex -19 0 3
    endloop
  endfacet
  facet normal 0.996913 0.078512 0
    outer loop
      vertex -19 0 0
      vertex -18.9692 -0.391086 3
      vertex -18.9692 -0.391086 0
    endloop
  endfacet
  facet normal 0.649445 -0.760409 0
    outer loop
      vertex -18.2678 1.76777 0
      vertex -17.9695 2.02254 3
      vertex -18.2678 1.76777 3
    endloop
  endfacet
  facet normal 0.649445 -0.760409 0
    outer loop
      vertex -17.9695 2.02254 3
      vertex -18.2678 1.76777 0
      vertex -17.9695 2.02254 0
    endloop
  endfacet
  facet normal 0.382613 -0.923909 0
    outer loop
      vertex -17.635 2.22752 0
      vertex -17.2725 2.37764 3
      vertex -17.635 2.22752 3
    endloop
  endfacet
  facet normal 0.382613 -0.923909 0
    outer loop
      vertex -17.2725 2.37764 3
      vertex -17.635 2.22752 0
      vertex -17.2725 2.37764 0
    endloop
  endfacet
  facet normal -0.382613 0.923909 0
    outer loop
      vertex -15.365 -2.22752 0
      vertex -15.7275 -2.37764 3
      vertex -15.365 -2.22752 3
    endloop
  endfacet
  facet normal -0.382613 0.923909 0
    outer loop
      vertex -15.7275 -2.37764 3
      vertex -15.365 -2.22752 0
      vertex -15.7275 -2.37764 0
    endloop
  endfacet
  facet normal 0.760508 0.649329 0
    outer loop
      vertex -18.2678 -1.76777 3
      vertex -18.5225 -1.46946 0
      vertex -18.5225 -1.46946 3
    endloop
  endfacet
  facet normal 0.760508 0.649329 0
    outer loop
      vertex -18.5225 -1.46946 0
      vertex -18.2678 -1.76777 3
      vertex -18.2678 -1.76777 0
    endloop
  endfacet
  facet normal -0.996913 0.078512 0
    outer loop
      vertex -14.0308 -0.391086 0
      vertex -14 0 3
      vertex -14 0 0
    endloop
  endfacet
  facet normal -0.996913 0.078512 0
    outer loop
      vertex -14 0 3
      vertex -14.0308 -0.391086 0
      vertex -14.0308 -0.391086 3
    endloop
  endfacet
  facet normal 0.522495 -0.852642 0
    outer loop
      vertex -17.9695 2.02254 0
      vertex -17.635 2.22752 3
      vertex -17.9695 2.02254 3
    endloop
  endfacet
  facet normal 0.522495 -0.852642 0
    outer loop
      vertex -17.635 2.22752 3
      vertex -17.9695 2.02254 0
      vertex -17.635 2.22752 0
    endloop
  endfacet
  facet normal -0.522495 0.852642 0
    outer loop
      vertex -15.0305 -2.02254 0
      vertex -15.365 -2.22752 3
      vertex -15.0305 -2.02254 3
    endloop
  endfacet
  facet normal -0.522495 0.852642 0
    outer loop
      vertex -15.365 -2.22752 3
      vertex -15.0305 -2.02254 0
      vertex -15.365 -2.22752 0
    endloop
  endfacet
  facet normal 0.649445 0.760409 -0
    outer loop
      vertex -17.9695 -2.02254 0
      vertex -18.2678 -1.76777 3
      vertex -17.9695 -2.02254 3
    endloop
  endfacet
  facet normal 0.649445 0.760409 0
    outer loop
      vertex -18.2678 -1.76777 3
      vertex -17.9695 -2.02254 0
      vertex -18.2678 -1.76777 0
    endloop
  endfacet
  facet normal 0.923904 0.382625 0
    outer loop
      vertex -18.7275 -1.13498 3
      vertex -18.8776 -0.772542 0
      vertex -18.8776 -0.772542 3
    endloop
  endfacet
  facet normal 0.923904 0.382625 0
    outer loop
      vertex -18.8776 -0.772542 0
      vertex -18.7275 -1.13498 3
      vertex -18.7275 -1.13498 0
    endloop
  endfacet
  facet normal 0.923904 -0.382625 0
    outer loop
      vertex -18.8776 0.772542 3
      vertex -18.7275 1.13498 0
      vertex -18.7275 1.13498 3
    endloop
  endfacet
  facet normal 0.923904 -0.382625 0
    outer loop
      vertex -18.7275 1.13498 0
      vertex -18.8776 0.772542 3
      vertex -18.8776 0.772542 0
    endloop
  endfacet
  facet normal -0.522495 -0.852642 0
    outer loop
      vertex -15.365 2.22752 0
      vertex -15.0305 2.02254 3
      vertex -15.365 2.22752 3
    endloop
  endfacet
  facet normal -0.522495 -0.852642 -0
    outer loop
      vertex -15.0305 2.02254 3
      vertex -15.365 2.22752 0
      vertex -15.0305 2.02254 0
    endloop
  endfacet
  facet normal -0.760508 -0.649329 0
    outer loop
      vertex -14.4775 1.46946 0
      vertex -14.7322 1.76777 3
      vertex -14.7322 1.76777 0
    endloop
  endfacet
  facet normal -0.760508 -0.649329 0
    outer loop
      vertex -14.7322 1.76777 3
      vertex -14.4775 1.46946 0
      vertex -14.4775 1.46946 3
    endloop
  endfacet
  facet normal 0.760508 -0.649329 0
    outer loop
      vertex -18.5225 1.46946 3
      vertex -18.2678 1.76777 0
      vertex -18.2678 1.76777 3
    endloop
  endfacet
  facet normal 0.760508 -0.649329 0
    outer loop
      vertex -18.2678 1.76777 0
      vertex -18.5225 1.46946 3
      vertex -18.5225 1.46946 0
    endloop
  endfacet
  facet normal -0.233479 -0.972362 0
    outer loop
      vertex -16.1089 2.46922 0
      vertex -15.7275 2.37764 3
      vertex -16.1089 2.46922 3
    endloop
  endfacet
  facet normal -0.233479 -0.972362 -0
    outer loop
      vertex -15.7275 2.37764 3
      vertex -16.1089 2.46922 0
      vertex -15.7275 2.37764 0
    endloop
  endfacet
  facet normal -0.649445 -0.760409 0
    outer loop
      vertex -15.0305 2.02254 0
      vertex -14.7322 1.76777 3
      vertex -15.0305 2.02254 3
    endloop
  endfacet
  facet normal -0.649445 -0.760409 -0
    outer loop
      vertex -14.7322 1.76777 3
      vertex -15.0305 2.02254 0
      vertex -14.7322 1.76777 0
    endloop
  endfacet
  facet normal 0.233479 0.972362 -0
    outer loop
      vertex -16.8911 -2.46922 0
      vertex -17.2725 -2.37764 3
      vertex -16.8911 -2.46922 3
    endloop
  endfacet
  facet normal 0.233479 0.972362 0
    outer loop
      vertex -17.2725 -2.37764 3
      vertex -16.8911 -2.46922 0
      vertex -17.2725 -2.37764 0
    endloop
  endfacet
  facet normal 0.852606 0.522555 0
    outer loop
      vertex -18.5225 -1.46946 3
      vertex -18.7275 -1.13498 0
      vertex -18.7275 -1.13498 3
    endloop
  endfacet
  facet normal 0.852606 0.522555 0
    outer loop
      vertex -18.7275 -1.13498 0
      vertex -18.5225 -1.46946 3
      vertex -18.5225 -1.46946 0
    endloop
  endfacet
  facet normal 0.382613 0.923909 -0
    outer loop
      vertex -17.2725 -2.37764 0
      vertex -17.635 -2.22752 3
      vertex -17.2725 -2.37764 3
    endloop
  endfacet
  facet normal 0.382613 0.923909 0
    outer loop
      vertex -17.635 -2.22752 3
      vertex -17.2725 -2.37764 0
      vertex -17.635 -2.22752 0
    endloop
  endfacet
  facet normal 0.233479 -0.972362 0
    outer loop
      vertex -17.2725 2.37764 0
      vertex -16.8911 2.46922 3
      vertex -17.2725 2.37764 3
    endloop
  endfacet
  facet normal 0.233479 -0.972362 0
    outer loop
      vertex -16.8911 2.46922 3
      vertex -17.2725 2.37764 0
      vertex -16.8911 2.46922 0
    endloop
  endfacet
  facet normal -0.233479 0.972362 0
    outer loop
      vertex -15.7275 -2.37764 0
      vertex -16.1089 -2.46922 3
      vertex -15.7275 -2.37764 3
    endloop
  endfacet
  facet normal -0.233479 0.972362 0
    outer loop
      vertex -16.1089 -2.46922 3
      vertex -15.7275 -2.37764 0
      vertex -16.1089 -2.46922 0
    endloop
  endfacet
  facet normal -0.923904 0.382625 0
    outer loop
      vertex -14.2725 -1.13498 0
      vertex -14.1224 -0.772542 3
      vertex -14.1224 -0.772542 0
    endloop
  endfacet
  facet normal -0.923904 0.382625 0
    outer loop
      vertex -14.1224 -0.772542 3
      vertex -14.2725 -1.13498 0
      vertex -14.2725 -1.13498 3
    endloop
  endfacet
  facet normal 0.852606 -0.522555 0
    outer loop
      vertex -18.7275 1.13498 3
      vertex -18.5225 1.46946 0
      vertex -18.5225 1.46946 3
    endloop
  endfacet
  facet normal 0.852606 -0.522555 0
    outer loop
      vertex -18.5225 1.46946 0
      vertex -18.7275 1.13498 3
      vertex -18.7275 1.13498 0
    endloop
  endfacet
  facet normal 0.972358 -0.233495 0
    outer loop
      vertex -18.9692 0.391086 3
      vertex -18.8776 0.772542 0
      vertex -18.8776 0.772542 3
    endloop
  endfacet
  facet normal 0.972358 -0.233495 0
    outer loop
      vertex -18.8776 0.772542 0
      vertex -18.9692 0.391086 3
      vertex -18.9692 0.391086 0
    endloop
  endfacet
  facet normal 0.0784585 -0.996917 0
    outer loop
      vertex -16.8911 2.46922 0
      vertex -16.5 2.5 3
      vertex -16.8911 2.46922 3
    endloop
  endfacet
  facet normal 0.0784585 -0.996917 0
    outer loop
      vertex -16.5 2.5 3
      vertex -16.8911 2.46922 0
      vertex -16.5 2.5 0
    endloop
  endfacet
  facet normal -0.760508 0.649329 0
    outer loop
      vertex -14.7322 -1.76777 0
      vertex -14.4775 -1.46946 3
      vertex -14.4775 -1.46946 0
    endloop
  endfacet
  facet normal -0.760508 0.649329 0
    outer loop
      vertex -14.4775 -1.46946 3
      vertex -14.7322 -1.76777 0
      vertex -14.7322 -1.76777 3
    endloop
  endfacet
  facet normal 0.996913 -0.078512 0
    outer loop
      vertex -19 0 3
      vertex -18.9692 0.391086 0
      vertex -18.9692 0.391086 3
    endloop
  endfacet
  facet normal 0.996913 -0.078512 0
    outer loop
      vertex -18.9692 0.391086 0
      vertex -19 0 3
      vertex -19 0 0
    endloop
  endfacet
  facet normal -0.972358 0.233495 0
    outer loop
      vertex -14.1224 -0.772542 0
      vertex -14.0308 -0.391086 3
      vertex -14.0308 -0.391086 0
    endloop
  endfacet
  facet normal -0.972358 0.233495 0
    outer loop
      vertex -14.0308 -0.391086 3
      vertex -14.1224 -0.772542 0
      vertex -14.1224 -0.772542 3
    endloop
  endfacet
  facet normal -0.0784585 -0.996917 0
    outer loop
      vertex -16.5 2.5 0
      vertex -16.1089 2.46922 3
      vertex -16.5 2.5 3
    endloop
  endfacet
  facet normal -0.0784585 -0.996917 -0
    outer loop
      vertex -16.1089 2.46922 3
      vertex -16.5 2.5 0
      vertex -16.1089 2.46922 0
    endloop
  endfacet
  facet normal 0.0784585 0.996917 -0
    outer loop
      vertex -16.5 -2.5 0
      vertex -16.8911 -2.46922 3
      vertex -16.5 -2.5 3
    endloop
  endfacet
  facet normal 0.0784585 0.996917 0
    outer loop
      vertex -16.8911 -2.46922 3
      vertex -16.5 -2.5 0
      vertex -16.8911 -2.46922 0
    endloop
  endfacet
  facet normal 0.97235 -0.233527 0
    outer loop
      vertex -18.9692 11.3911 3
      vertex -18.8776 11.7725 0
      vertex -18.8776 11.7725 3
    endloop
  endfacet
  facet normal 0.97235 -0.233527 0
    outer loop
      vertex -18.8776 11.7725 0
      vertex -18.9692 11.3911 3
      vertex -18.9692 11.3911 0
    endloop
  endfacet
  facet normal -0.97235 -0.233527 0
    outer loop
      vertex -14.0308 11.3911 0
      vertex -14.1224 11.7725 3
      vertex -14.1224 11.7725 0
    endloop
  endfacet
  facet normal -0.97235 -0.233527 0
    outer loop
      vertex -14.1224 11.7725 3
      vertex -14.0308 11.3911 0
      vertex -14.0308 11.3911 3
    endloop
  endfacet
  facet normal -0.996913 -0.0785092 0
    outer loop
      vertex -14 11 0
      vertex -14.0308 11.3911 3
      vertex -14.0308 11.3911 0
    endloop
  endfacet
  facet normal -0.996913 -0.0785092 0
    outer loop
      vertex -14.0308 11.3911 3
      vertex -14 11 0
      vertex -14 11 3
    endloop
  endfacet
  facet normal -0.923927 -0.382569 0
    outer loop
      vertex -14.1224 11.7725 0
      vertex -14.2725 12.135 3
      vertex -14.2725 12.135 0
    endloop
  endfacet
  facet normal -0.923927 -0.382569 0
    outer loop
      vertex -14.2725 12.135 3
      vertex -14.1224 11.7725 0
      vertex -14.1224 11.7725 3
    endloop
  endfacet
  facet normal -0.996913 0.0785092 0
    outer loop
      vertex -14.0308 10.6089 0
      vertex -14 11 3
      vertex -14 11 0
    endloop
  endfacet
  facet normal -0.996913 0.0785092 0
    outer loop
      vertex -14 11 3
      vertex -14.0308 10.6089 0
      vertex -14.0308 10.6089 3
    endloop
  endfacet
  facet normal 0.760497 -0.649342 0
    outer loop
      vertex -18.5225 12.4695 3
      vertex -18.2678 12.7678 0
      vertex -18.2678 12.7678 3
    endloop
  endfacet
  facet normal 0.760497 -0.649342 0
    outer loop
      vertex -18.2678 12.7678 0
      vertex -18.5225 12.4695 3
      vertex -18.5225 12.4695 0
    endloop
  endfacet
  facet normal 0.85262 -0.522532 0
    outer loop
      vertex -18.7275 12.135 3
      vertex -18.5225 12.4695 0
      vertex -18.5225 12.4695 3
    endloop
  endfacet
  facet normal 0.85262 -0.522532 0
    outer loop
      vertex -18.5225 12.4695 0
      vertex -18.7275 12.135 3
      vertex -18.7275 12.135 0
    endloop
  endfacet
  facet normal -0.382613 0.923909 0
    outer loop
      vertex -15.365 8.77248 0
      vertex -15.7275 8.62236 3
      vertex -15.365 8.77248 3
    endloop
  endfacet
  facet normal -0.382613 0.923909 0
    outer loop
      vertex -15.7275 8.62236 3
      vertex -15.365 8.77248 0
      vertex -15.7275 8.62236 0
    endloop
  endfacet
  facet normal 0.0785092 -0.996913 0
    outer loop
      vertex -16.8911 13.4692 0
      vertex -16.5 13.5 3
      vertex -16.8911 13.4692 3
    endloop
  endfacet
  facet normal 0.0785092 -0.996913 0
    outer loop
      vertex -16.5 13.5 3
      vertex -16.8911 13.4692 0
      vertex -16.5 13.5 0
    endloop
  endfacet
  facet normal -0.760508 0.649329 0
    outer loop
      vertex -14.7322 9.23223 0
      vertex -14.4775 9.53054 3
      vertex -14.4775 9.53054 0
    endloop
  endfacet
  facet normal -0.760508 0.649329 0
    outer loop
      vertex -14.4775 9.53054 3
      vertex -14.7322 9.23223 0
      vertex -14.7322 9.23223 3
    endloop
  endfacet
  facet normal -0.522495 0.852642 0
    outer loop
      vertex -15.0305 8.97746 0
      vertex -15.365 8.77248 3
      vertex -15.0305 8.97746 3
    endloop
  endfacet
  facet normal -0.522495 0.852642 0
    outer loop
      vertex -15.365 8.77248 3
      vertex -15.0305 8.97746 0
      vertex -15.365 8.77248 0
    endloop
  endfacet
  facet normal -0.923919 0.382587 0
    outer loop
      vertex -14.2725 9.86502 0
      vertex -14.1224 10.2275 3
      vertex -14.1224 10.2275 0
    endloop
  endfacet
  facet normal -0.923919 0.382587 0
    outer loop
      vertex -14.1224 10.2275 3
      vertex -14.2725 9.86502 0
      vertex -14.2725 9.86502 3
    endloop
  endfacet
  facet normal -0.760497 -0.649342 0
    outer loop
      vertex -14.4775 12.4695 0
      vertex -14.7322 12.7678 3
      vertex -14.7322 12.7678 0
    endloop
  endfacet
  facet normal -0.760497 -0.649342 0
    outer loop
      vertex -14.7322 12.7678 3
      vertex -14.4775 12.4695 0
      vertex -14.4775 12.4695 3
    endloop
  endfacet
  facet normal 0.522495 0.852642 -0
    outer loop
      vertex -17.635 8.77248 0
      vertex -17.9695 8.97746 3
      vertex -17.635 8.77248 3
    endloop
  endfacet
  facet normal 0.522495 0.852642 0
    outer loop
      vertex -17.9695 8.97746 3
      vertex -17.635 8.77248 0
      vertex -17.9695 8.97746 0
    endloop
  endfacet
  facet normal -0.522532 -0.85262 0
    outer loop
      vertex -15.365 13.2275 0
      vertex -15.0305 13.0225 3
      vertex -15.365 13.2275 3
    endloop
  endfacet
  facet normal -0.522532 -0.85262 -0
    outer loop
      vertex -15.0305 13.0225 3
      vertex -15.365 13.2275 0
      vertex -15.0305 13.0225 0
    endloop
  endfacet
  facet normal 0.996913 -0.0785092 0
    outer loop
      vertex -19 11 3
      vertex -18.9692 11.3911 0
      vertex -18.9692 11.3911 3
    endloop
  endfacet
  facet normal 0.996913 -0.0785092 0
    outer loop
      vertex -18.9692 11.3911 0
      vertex -19 11 3
      vertex -19 11 0
    endloop
  endfacet
  facet normal 0.923927 -0.382569 0
    outer loop
      vertex -18.8776 11.7725 3
      vertex -18.7275 12.135 0
      vertex -18.7275 12.135 3
    endloop
  endfacet
  facet normal 0.923927 -0.382569 0
    outer loop
      vertex -18.7275 12.135 0
      vertex -18.8776 11.7725 3
      vertex -18.8776 11.7725 0
    endloop
  endfacet
  facet normal 0.97235 0.233527 0
    outer loop
      vertex -18.8776 10.2275 3
      vertex -18.9692 10.6089 0
      vertex -18.9692 10.6089 3
    endloop
  endfacet
  facet normal 0.97235 0.233527 0
    outer loop
      vertex -18.9692 10.6089 0
      vertex -18.8776 10.2275 3
      vertex -18.8776 10.2275 0
    endloop
  endfacet
  facet normal 0.233479 0.972362 -0
    outer loop
      vertex -16.8911 8.53078 0
      vertex -17.2725 8.62236 3
      vertex -16.8911 8.53078 3
    endloop
  endfacet
  facet normal 0.233479 0.972362 0
    outer loop
      vertex -17.2725 8.62236 3
      vertex -16.8911 8.53078 0
      vertex -17.2725 8.62236 0
    endloop
  endfacet
  facet normal -0.233479 0.972362 0
    outer loop
      vertex -15.7275 8.62236 0
      vertex -16.1089 8.53078 3
      vertex -15.7275 8.62236 3
    endloop
  endfacet
  facet normal -0.233479 0.972362 0
    outer loop
      vertex -16.1089 8.53078 3
      vertex -15.7275 8.62236 0
      vertex -16.1089 8.53078 0
    endloop
  endfacet
  facet normal 0.649342 -0.760497 0
    outer loop
      vertex -18.2678 12.7678 0
      vertex -17.9695 13.0225 3
      vertex -18.2678 12.7678 3
    endloop
  endfacet
  facet normal 0.649342 -0.760497 0
    outer loop
      vertex -17.9695 13.0225 3
      vertex -18.2678 12.7678 0
      vertex -17.9695 13.0225 0
    endloop
  endfacet
  facet normal 0.382613 0.923909 -0
    outer loop
      vertex -17.2725 8.62236 0
      vertex -17.635 8.77248 3
      vertex -17.2725 8.62236 3
    endloop
  endfacet
  facet normal 0.382613 0.923909 0
    outer loop
      vertex -17.635 8.77248 3
      vertex -17.2725 8.62236 0
      vertex -17.635 8.77248 0
    endloop
  endfacet
  facet normal -0.85262 -0.522532 0
    outer loop
      vertex -14.2725 12.135 0
      vertex -14.4775 12.4695 3
      vertex -14.4775 12.4695 0
    endloop
  endfacet
  facet normal -0.85262 -0.522532 0
    outer loop
      vertex -14.4775 12.4695 3
      vertex -14.2725 12.135 0
      vertex -14.2725 12.135 3
    endloop
  endfacet
  facet normal 0.852606 0.522555 0
    outer loop
      vertex -18.5225 9.53054 3
      vertex -18.7275 9.86502 0
      vertex -18.7275 9.86502 3
    endloop
  endfacet
  facet normal 0.852606 0.522555 0
    outer loop
      vertex -18.7275 9.86502 0
      vertex -18.5225 9.53054 3
      vertex -18.5225 9.53054 0
    endloop
  endfacet
  facet normal -0.852606 0.522555 0
    outer loop
      vertex -14.4775 9.53054 0
      vertex -14.2725 9.86502 3
      vertex -14.2725 9.86502 0
    endloop
  endfacet
  facet normal -0.852606 0.522555 0
    outer loop
      vertex -14.2725 9.86502 3
      vertex -14.4775 9.53054 0
      vertex -14.4775 9.53054 3
    endloop
  endfacet
  facet normal -0.382569 -0.923927 0
    outer loop
      vertex -15.7275 13.3776 0
      vertex -15.365 13.2275 3
      vertex -15.7275 13.3776 3
    endloop
  endfacet
  facet normal -0.382569 -0.923927 -0
    outer loop
      vertex -15.365 13.2275 3
      vertex -15.7275 13.3776 0
      vertex -15.365 13.2275 0
    endloop
  endfacet
  facet normal 0.522532 -0.85262 0
    outer loop
      vertex -17.9695 13.0225 0
      vertex -17.635 13.2275 3
      vertex -17.9695 13.0225 3
    endloop
  endfacet
  facet normal 0.522532 -0.85262 0
    outer loop
      vertex -17.635 13.2275 3
      vertex -17.9695 13.0225 0
      vertex -17.635 13.2275 0
    endloop
  endfacet
  facet normal -0.649342 -0.760497 0
    outer loop
      vertex -15.0305 13.0225 0
      vertex -14.7322 12.7678 3
      vertex -15.0305 13.0225 3
    endloop
  endfacet
  facet normal -0.649342 -0.760497 -0
    outer loop
      vertex -14.7322 12.7678 3
      vertex -15.0305 13.0225 0
      vertex -14.7322 12.7678 0
    endloop
  endfacet
  facet normal 0.382569 -0.923927 0
    outer loop
      vertex -17.635 13.2275 0
      vertex -17.2725 13.3776 3
      vertex -17.635 13.2275 3
    endloop
  endfacet
  facet normal 0.382569 -0.923927 0
    outer loop
      vertex -17.2725 13.3776 3
      vertex -17.635 13.2275 0
      vertex -17.2725 13.3776 0
    endloop
  endfacet
  facet normal -0.97235 0.233527 0
    outer loop
      vertex -14.1224 10.2275 0
      vertex -14.0308 10.6089 3
      vertex -14.0308 10.6089 0
    endloop
  endfacet
  facet normal -0.97235 0.233527 0
    outer loop
      vertex -14.0308 10.6089 3
      vertex -14.1224 10.2275 0
      vertex -14.1224 10.2275 3
    endloop
  endfacet
  facet normal 0.996913 0.0785092 0
    outer loop
      vertex -18.9692 10.6089 3
      vertex -19 11 0
      vertex -19 11 3
    endloop
  endfacet
  facet normal 0.996913 0.0785092 0
    outer loop
      vertex -19 11 0
      vertex -18.9692 10.6089 3
      vertex -18.9692 10.6089 0
    endloop
  endfacet
  facet normal 0.923919 0.382587 0
    outer loop
      vertex -18.7275 9.86502 3
      vertex -18.8776 10.2275 0
      vertex -18.8776 10.2275 3
    endloop
  endfacet
  facet normal 0.923919 0.382587 0
    outer loop
      vertex -18.8776 10.2275 0
      vertex -18.7275 9.86502 3
      vertex -18.7275 9.86502 0
    endloop
  endfacet
  facet normal 0.760508 0.649329 0
    outer loop
      vertex -18.2678 9.23223 3
      vertex -18.5225 9.53054 0
      vertex -18.5225 9.53054 3
    endloop
  endfacet
  facet normal 0.760508 0.649329 0
    outer loop
      vertex -18.5225 9.53054 0
      vertex -18.2678 9.23223 3
      vertex -18.2678 9.23223 0
    endloop
  endfacet
  facet normal -0.0785092 -0.996913 0
    outer loop
      vertex -16.5 13.5 0
      vertex -16.1089 13.4692 3
      vertex -16.5 13.5 3
    endloop
  endfacet
  facet normal -0.0785092 -0.996913 -0
    outer loop
      vertex -16.1089 13.4692 3
      vertex -16.5 13.5 0
      vertex -16.1089 13.4692 0
    endloop
  endfacet
  facet normal 0.233527 -0.97235 0
    outer loop
      vertex -17.2725 13.3776 0
      vertex -16.8911 13.4692 3
      vertex -17.2725 13.3776 3
    endloop
  endfacet
  facet normal 0.233527 -0.97235 0
    outer loop
      vertex -16.8911 13.4692 3
      vertex -17.2725 13.3776 0
      vertex -16.8911 13.4692 0
    endloop
  endfacet
  facet normal -0.649445 0.760409 0
    outer loop
      vertex -14.7322 9.23223 0
      vertex -15.0305 8.97746 3
      vertex -14.7322 9.23223 3
    endloop
  endfacet
  facet normal -0.649445 0.760409 0
    outer loop
      vertex -15.0305 8.97746 3
      vertex -14.7322 9.23223 0
      vertex -15.0305 8.97746 0
    endloop
  endfacet
  facet normal -0.233527 -0.97235 0
    outer loop
      vertex -16.1089 13.4692 0
      vertex -15.7275 13.3776 3
      vertex -16.1089 13.4692 3
    endloop
  endfacet
  facet normal -0.233527 -0.97235 -0
    outer loop
      vertex -15.7275 13.3776 3
      vertex -16.1089 13.4692 0
      vertex -15.7275 13.3776 0
    endloop
  endfacet
  facet normal -0.0784585 0.996917 0
    outer loop
      vertex -16.1089 8.53078 0
      vertex -16.5 8.5 3
      vertex -16.1089 8.53078 3
    endloop
  endfacet
  facet normal -0.0784585 0.996917 0
    outer loop
      vertex -16.5 8.5 3
      vertex -16.1089 8.53078 0
      vertex -16.5 8.5 0
    endloop
  endfacet
  facet normal 0.649445 0.760409 -0
    outer loop
      vertex -17.9695 8.97746 0
      vertex -18.2678 9.23223 3
      vertex -17.9695 8.97746 3
    endloop
  endfacet
  facet normal 0.649445 0.760409 0
    outer loop
      vertex -18.2678 9.23223 3
      vertex -17.9695 8.97746 0
      vertex -18.2678 9.23223 0
    endloop
  endfacet
  facet normal 0.0784585 0.996917 -0
    outer loop
      vertex -16.5 8.5 0
      vertex -16.8911 8.53078 3
      vertex -16.5 8.5 3
    endloop
  endfacet
  facet normal 0.0784585 0.996917 0
    outer loop
      vertex -16.8911 8.53078 3
      vertex -16.5 8.5 0
      vertex -16.8911 8.53078 0
    endloop
  endfacet
  facet normal -0.972362 -0.233479 0
    outer loop
      vertex -3.03078 -10.6089 0
      vertex -3.12236 -10.2275 3
      vertex -3.12236 -10.2275 0
    endloop
  endfacet
  facet normal -0.972362 -0.233479 0
    outer loop
      vertex -3.12236 -10.2275 3
      vertex -3.03078 -10.6089 0
      vertex -3.03078 -10.6089 3
    endloop
  endfacet
  facet normal -0.996917 -0.0784585 0
    outer loop
      vertex -3 -11 0
      vertex -3.03078 -10.6089 3
      vertex -3.03078 -10.6089 0
    endloop
  endfacet
  facet normal -0.996917 -0.0784585 0
    outer loop
      vertex -3.03078 -10.6089 3
      vertex -3 -11 0
      vertex -3 -11 3
    endloop
  endfacet
  facet normal -0.923901 -0.382631 0
    outer loop
      vertex -3.12236 -10.2275 0
      vertex -3.27248 -9.86502 3
      vertex -3.27248 -9.86502 0
    endloop
  endfacet
  facet normal -0.923901 -0.382631 0
    outer loop
      vertex -3.27248 -9.86502 3
      vertex -3.12236 -10.2275 0
      vertex -3.12236 -10.2275 3
    endloop
  endfacet
  facet normal -0.0785112 0.996913 0
    outer loop
      vertex -5.10891 -13.4692 0
      vertex -5.5 -13.5 3
      vertex -5.10891 -13.4692 3
    endloop
  endfacet
  facet normal -0.0785112 0.996913 0
    outer loop
      vertex -5.5 -13.5 3
      vertex -5.10891 -13.4692 0
      vertex -5.5 -13.5 0
    endloop
  endfacet
  facet normal 0.76042 -0.649432 0
    outer loop
      vertex -7.52254 -9.53054 3
      vertex -7.26777 -9.23223 0
      vertex -7.26777 -9.23223 3
    endloop
  endfacet
  facet normal 0.76042 -0.649432 0
    outer loop
      vertex -7.26777 -9.23223 0
      vertex -7.52254 -9.53054 3
      vertex -7.52254 -9.53054 0
    endloop
  endfacet
  facet normal 0.522555 0.852606 -0
    outer loop
      vertex -6.63498 -13.2275 0
      vertex -6.96946 -13.0225 3
      vertex -6.63498 -13.2275 3
    endloop
  endfacet
  facet normal 0.522555 0.852606 0
    outer loop
      vertex -6.96946 -13.0225 3
      vertex -6.63498 -13.2275 0
      vertex -6.96946 -13.0225 0
    endloop
  endfacet
  facet normal 0.649329 0.760508 -0
    outer loop
      vertex -6.96946 -13.0225 0
      vertex -7.26777 -12.7678 3
      vertex -6.96946 -13.0225 3
    endloop
  endfacet
  facet normal 0.649329 0.760508 0
    outer loop
      vertex -7.26777 -12.7678 3
      vertex -6.96946 -13.0225 0
      vertex -7.26777 -12.7678 0
    endloop
  endfacet
  facet normal -0.649329 0.760508 0
    outer loop
      vertex -3.73223 -12.7678 0
      vertex -4.03054 -13.0225 3
      vertex -3.73223 -12.7678 3
    endloop
  endfacet
  facet normal -0.649329 0.760508 0
    outer loop
      vertex -4.03054 -13.0225 3
      vertex -3.73223 -12.7678 0
      vertex -4.03054 -13.0225 0
    endloop
  endfacet
  facet normal 0.233498 0.972357 -0
    outer loop
      vertex -5.89109 -13.4692 0
      vertex -6.27254 -13.3776 3
      vertex -5.89109 -13.4692 3
    endloop
  endfacet
  facet normal 0.233498 0.972357 0
    outer loop
      vertex -6.27254 -13.3776 3
      vertex -5.89109 -13.4692 0
      vertex -6.27254 -13.3776 0
    endloop
  endfacet
  facet normal 0.649432 -0.76042 0
    outer loop
      vertex -7.26777 -9.23223 0
      vertex -6.96946 -8.97746 3
      vertex -7.26777 -9.23223 3
    endloop
  endfacet
  facet normal 0.649432 -0.76042 0
    outer loop
      vertex -6.96946 -8.97746 3
      vertex -7.26777 -9.23223 0
      vertex -6.96946 -8.97746 0
    endloop
  endfacet
  facet normal 0.382667 -0.923886 0
    outer loop
      vertex -6.63498 -8.77248 0
      vertex -6.27254 -8.62236 3
      vertex -6.63498 -8.77248 3
    endloop
  endfacet
  facet normal 0.382667 -0.923886 0
    outer loop
      vertex -6.27254 -8.62236 3
      vertex -6.63498 -8.77248 0
      vertex -6.27254 -8.62236 0
    endloop
  endfacet
  facet normal -0.852642 0.522495 0
    outer loop
      vertex -3.47746 -12.4695 0
      vertex -3.27248 -12.135 3
      vertex -3.27248 -12.135 0
    endloop
  endfacet
  facet normal -0.852642 0.522495 0
    outer loop
      vertex -3.27248 -12.135 3
      vertex -3.47746 -12.4695 0
      vertex -3.47746 -12.4695 3
    endloop
  endfacet
  facet normal 0.382623 0.923904 -0
    outer loop
      vertex -6.27254 -13.3776 0
      vertex -6.63498 -13.2275 3
      vertex -6.27254 -13.3776 3
    endloop
  endfacet
  facet normal 0.382623 0.923904 0
    outer loop
      vertex -6.63498 -13.2275 3
      vertex -6.27254 -13.3776 0
      vertex -6.63498 -13.2275 0
    endloop
  endfacet
  facet normal -0.382623 0.923904 0
    outer loop
      vertex -4.36502 -13.2275 0
      vertex -4.72746 -13.3776 3
      vertex -4.36502 -13.2275 3
    endloop
  endfacet
  facet normal -0.382623 0.923904 0
    outer loop
      vertex -4.72746 -13.3776 3
      vertex -4.36502 -13.2275 0
      vertex -4.72746 -13.3776 0
    endloop
  endfacet
  facet normal 0.760409 0.649445 0
    outer loop
      vertex -7.26777 -12.7678 3
      vertex -7.52254 -12.4695 0
      vertex -7.52254 -12.4695 3
    endloop
  endfacet
  facet normal 0.760409 0.649445 0
    outer loop
      vertex -7.52254 -12.4695 0
      vertex -7.26777 -12.7678 3
      vertex -7.26777 -12.7678 0
    endloop
  endfacet
  facet normal -0.996917 0.0784585 0
    outer loop
      vertex -3.03078 -11.3911 0
      vertex -3 -11 3
      vertex -3 -11 0
    endloop
  endfacet
  facet normal -0.996917 0.0784585 0
    outer loop
      vertex -3 -11 3
      vertex -3.03078 -11.3911 0
      vertex -3.03078 -11.3911 3
    endloop
  endfacet
  facet normal 0.972362 0.233479 0
    outer loop
      vertex -7.87764 -11.7725 3
      vertex -7.96922 -11.3911 0
      vertex -7.96922 -11.3911 3
    endloop
  endfacet
  facet normal 0.972362 0.233479 0
    outer loop
      vertex -7.96922 -11.3911 0
      vertex -7.87764 -11.7725 3
      vertex -7.87764 -11.7725 0
    endloop
  endfacet
  facet normal 0.522518 -0.852628 0
    outer loop
      vertex -6.96946 -8.97746 0
      vertex -6.63498 -8.77248 3
      vertex -6.96946 -8.97746 3
    endloop
  endfacet
  facet normal 0.522518 -0.852628 0
    outer loop
      vertex -6.63498 -8.77248 3
      vertex -6.96946 -8.97746 0
      vertex -6.63498 -8.77248 0
    endloop
  endfacet
  facet normal 0.923909 0.382613 0
    outer loop
      vertex -7.72752 -12.135 3
      vertex -7.87764 -11.7725 0
      vertex -7.87764 -11.7725 3
    endloop
  endfacet
  facet normal 0.923909 0.382613 0
    outer loop
      vertex -7.87764 -11.7725 0
      vertex -7.72752 -12.135 3
      vertex -7.72752 -12.135 0
    endloop
  endfacet
  facet normal -0.923909 0.382613 0
    outer loop
      vertex -3.27248 -12.135 0
      vertex -3.12236 -11.7725 3
      vertex -3.12236 -11.7725 0
    endloop
  endfacet
  facet normal -0.923909 0.382613 0
    outer loop
      vertex -3.12236 -11.7725 3
      vertex -3.27248 -12.135 0
      vertex -3.27248 -12.135 3
    endloop
  endfacet
  facet normal 0.996917 -0.0784585 0
    outer loop
      vertex -8 -11 3
      vertex -7.96922 -10.6089 0
      vertex -7.96922 -10.6089 3
    endloop
  endfacet
  facet normal 0.996917 -0.0784585 0
    outer loop
      vertex -7.96922 -10.6089 0
      vertex -8 -11 3
      vertex -8 -11 0
    endloop
  endfacet
  facet normal -0.382667 -0.923886 0
    outer loop
      vertex -4.72746 -8.62236 0
      vertex -4.36502 -8.77248 3
      vertex -4.72746 -8.62236 3
    endloop
  endfacet
  facet normal -0.382667 -0.923886 -0
    outer loop
      vertex -4.36502 -8.77248 3
      vertex -4.72746 -8.62236 0
      vertex -4.36502 -8.77248 0
    endloop
  endfacet
  facet normal -0.649432 -0.76042 0
    outer loop
      vertex -4.03054 -8.97746 0
      vertex -3.73223 -9.23223 3
      vertex -4.03054 -8.97746 3
    endloop
  endfacet
  facet normal -0.649432 -0.76042 -0
    outer loop
      vertex -3.73223 -9.23223 3
      vertex -4.03054 -8.97746 0
      vertex -3.73223 -9.23223 0
    endloop
  endfacet
  facet normal 0.23345 -0.972369 0
    outer loop
      vertex -6.27254 -8.62236 0
      vertex -5.89109 -8.53078 3
      vertex -6.27254 -8.62236 3
    endloop
  endfacet
  facet normal 0.23345 -0.972369 0
    outer loop
      vertex -5.89109 -8.53078 3
      vertex -6.27254 -8.62236 0
      vertex -5.89109 -8.53078 0
    endloop
  endfacet
  facet normal -0.522518 -0.852628 0
    outer loop
      vertex -4.36502 -8.77248 0
      vertex -4.03054 -8.97746 3
      vertex -4.36502 -8.77248 3
    endloop
  endfacet
  facet normal -0.522518 -0.852628 -0
    outer loop
      vertex -4.03054 -8.97746 3
      vertex -4.36502 -8.77248 0
      vertex -4.03054 -8.97746 0
    endloop
  endfacet
  facet normal 0.923901 -0.382631 0
    outer loop
      vertex -7.87764 -10.2275 3
      vertex -7.72752 -9.86502 0
      vertex -7.72752 -9.86502 3
    endloop
  endfacet
  facet normal 0.923901 -0.382631 0
    outer loop
      vertex -7.72752 -9.86502 0
      vertex -7.87764 -10.2275 3
      vertex -7.87764 -10.2275 0
    endloop
  endfacet
  facet normal -0.522555 0.852606 0
    outer loop
      vertex -4.03054 -13.0225 0
      vertex -4.36502 -13.2275 3
      vertex -4.03054 -13.0225 3
    endloop
  endfacet
  facet normal -0.522555 0.852606 0
    outer loop
      vertex -4.36502 -13.2275 3
      vertex -4.03054 -13.0225 0
      vertex -4.36502 -13.2275 0
    endloop
  endfacet
  facet normal -0.852628 -0.522518 0
    outer loop
      vertex -3.27248 -9.86502 0
      vertex -3.47746 -9.53054 3
      vertex -3.47746 -9.53054 0
    endloop
  endfacet
  facet normal -0.852628 -0.522518 0
    outer loop
      vertex -3.47746 -9.53054 3
      vertex -3.27248 -9.86502 0
      vertex -3.27248 -9.86502 3
    endloop
  endfacet
  facet normal -0.76042 -0.649432 0
    outer loop
      vertex -3.47746 -9.53054 0
      vertex -3.73223 -9.23223 3
      vertex -3.73223 -9.23223 0
    endloop
  endfacet
  facet normal -0.76042 -0.649432 0
    outer loop
      vertex -3.73223 -9.23223 3
      vertex -3.47746 -9.53054 0
      vertex -3.47746 -9.53054 3
    endloop
  endfacet
  facet normal 0.852642 0.522495 0
    outer loop
      vertex -7.52254 -12.4695 3
      vertex -7.72752 -12.135 0
      vertex -7.72752 -12.135 3
    endloop
  endfacet
  facet normal 0.852642 0.522495 0
    outer loop
      vertex -7.72752 -12.135 0
      vertex -7.52254 -12.4695 3
      vertex -7.52254 -12.4695 0
    endloop
  endfacet
  facet normal -0.233498 0.972357 0
    outer loop
      vertex -4.72746 -13.3776 0
      vertex -5.10891 -13.4692 3
      vertex -4.72746 -13.3776 3
    endloop
  endfacet
  facet normal -0.233498 0.972357 0
    outer loop
      vertex -5.10891 -13.4692 3
      vertex -4.72746 -13.3776 0
      vertex -5.10891 -13.4692 0
    endloop
  endfacet
  facet normal -0.23345 -0.972369 0
    outer loop
      vertex -5.10891 -8.53078 0
      vertex -4.72746 -8.62236 3
      vertex -5.10891 -8.53078 3
    endloop
  endfacet
  facet normal -0.23345 -0.972369 -0
    outer loop
      vertex -4.72746 -8.62236 3
      vertex -5.10891 -8.53078 0
      vertex -4.72746 -8.62236 0
    endloop
  endfacet
  facet normal 0.852628 -0.522518 0
    outer loop
      vertex -7.72752 -9.86502 3
      vertex -7.52254 -9.53054 0
      vertex -7.52254 -9.53054 3
    endloop
  endfacet
  facet normal 0.852628 -0.522518 0
    outer loop
      vertex -7.52254 -9.53054 0
      vertex -7.72752 -9.86502 3
      vertex -7.72752 -9.86502 0
    endloop
  endfacet
  facet normal 0.996917 0.0784585 0
    outer loop
      vertex -7.96922 -11.3911 3
      vertex -8 -11 0
      vertex -8 -11 3
    endloop
  endfacet
  facet normal 0.996917 0.0784585 0
    outer loop
      vertex -8 -11 0
      vertex -7.96922 -11.3911 3
      vertex -7.96922 -11.3911 0
    endloop
  endfacet
  facet normal -0.760409 0.649445 0
    outer loop
      vertex -3.73223 -12.7678 0
      vertex -3.47746 -12.4695 3
      vertex -3.47746 -12.4695 0
    endloop
  endfacet
  facet normal -0.760409 0.649445 0
    outer loop
      vertex -3.47746 -12.4695 3
      vertex -3.73223 -12.7678 0
      vertex -3.73223 -12.7678 3
    endloop
  endfacet
  facet normal -0.972362 0.233479 0
    outer loop
      vertex -3.12236 -11.7725 0
      vertex -3.03078 -11.3911 3
      vertex -3.03078 -11.3911 0
    endloop
  endfacet
  facet normal -0.972362 0.233479 0
    outer loop
      vertex -3.03078 -11.3911 3
      vertex -3.12236 -11.7725 0
      vertex -3.12236 -11.7725 3
    endloop
  endfacet
  facet normal 0.972362 -0.233479 0
    outer loop
      vertex -7.96922 -10.6089 3
      vertex -7.87764 -10.2275 0
      vertex -7.87764 -10.2275 3
    endloop
  endfacet
  facet normal 0.972362 -0.233479 0
    outer loop
      vertex -7.87764 -10.2275 0
      vertex -7.96922 -10.6089 3
      vertex -7.96922 -10.6089 0
    endloop
  endfacet
  facet normal -0.0784605 -0.996917 0
    outer loop
      vertex -5.5 -8.5 0
      vertex -5.10891 -8.53078 3
      vertex -5.5 -8.5 3
    endloop
  endfacet
  facet normal -0.0784605 -0.996917 -0
    outer loop
      vertex -5.10891 -8.53078 3
      vertex -5.5 -8.5 0
      vertex -5.10891 -8.53078 0
    endloop
  endfacet
  facet normal 0.0784605 -0.996917 0
    outer loop
      vertex -5.89109 -8.53078 0
      vertex -5.5 -8.5 3
      vertex -5.89109 -8.53078 3
    endloop
  endfacet
  facet normal 0.0784605 -0.996917 0
    outer loop
      vertex -5.5 -8.5 3
      vertex -5.89109 -8.53078 0
      vertex -5.5 -8.5 0
    endloop
  endfacet
  facet normal 0.0785112 0.996913 -0
    outer loop
      vertex -5.5 -13.5 0
      vertex -5.89109 -13.4692 3
      vertex -5.5 -13.5 3
    endloop
  endfacet
  facet normal 0.0785112 0.996913 0
    outer loop
      vertex -5.89109 -13.4692 3
      vertex -5.5 -13.5 0
      vertex -5.89109 -13.4692 0
    endloop
  endfacet
  facet normal -0.97237 -0.233447 0
    outer loop
      vertex -3.03078 0.391086 0
      vertex -3.12236 0.772542 3
      vertex -3.12236 0.772542 0
    endloop
  endfacet
  facet normal -0.97237 -0.233447 0
    outer loop
      vertex -3.12236 0.772542 3
      vertex -3.03078 0.391086 0
      vertex -3.03078 0.391086 3
    endloop
  endfacet
  facet normal -0.996917 -0.0784613 0
    outer loop
      vertex -3 0 0
      vertex -3.03078 0.391086 3
      vertex -3.03078 0.391086 0
    endloop
  endfacet
  facet normal -0.996917 -0.0784613 0
    outer loop
      vertex -3.03078 0.391086 3
      vertex -3 0 0
      vertex -3 0 3
    endloop
  endfacet
  facet normal -0.923886 -0.382669 0
    outer loop
      vertex -3.12236 0.772542 0
      vertex -3.27248 1.13498 3
      vertex -3.27248 1.13498 0
    endloop
  endfacet
  facet normal -0.923886 -0.382669 0
    outer loop
      vertex -3.27248 1.13498 3
      vertex -3.12236 0.772542 0
      vertex -3.12236 0.772542 3
    endloop
  endfacet
  facet normal -0.0784605 0.996917 0
    outer loop
      vertex -5.10891 -2.46922 0
      vertex -5.5 -2.5 3
      vertex -5.10891 -2.46922 3
    endloop
  endfacet
  facet normal -0.0784605 0.996917 0
    outer loop
      vertex -5.5 -2.5 3
      vertex -5.10891 -2.46922 0
      vertex -5.5 -2.5 0
    endloop
  endfacet
  facet normal -0.382667 -0.923886 0
    outer loop
      vertex -4.72746 2.37764 0
      vertex -4.36502 2.22752 3
      vertex -4.72746 2.37764 3
    endloop
  endfacet
  facet normal -0.382667 -0.923886 -0
    outer loop
      vertex -4.36502 2.22752 3
      vertex -4.72746 2.37764 0
      vertex -4.36502 2.22752 0
    endloop
  endfacet
  facet normal -0.852628 -0.522518 0
    outer loop
      vertex -3.27248 1.13498 0
      vertex -3.47746 1.46946 3
      vertex -3.47746 1.46946 0
    endloop
  endfacet
  facet normal -0.852628 -0.522518 0
    outer loop
      vertex -3.47746 1.46946 3
      vertex -3.27248 1.13498 0
      vertex -3.27248 1.13498 3
    endloop
  endfacet
  facet normal 0.97237 0.233447 0
    outer loop
      vertex -7.87764 -0.772542 3
      vertex -7.96922 -0.391086 0
      vertex -7.96922 -0.391086 3
    endloop
  endfacet
  facet normal 0.97237 0.233447 0
    outer loop
      vertex -7.96922 -0.391086 0
      vertex -7.87764 -0.772542 3
      vertex -7.87764 -0.772542 0
    endloop
  endfacet
  facet normal -0.649432 0.76042 0
    outer loop
      vertex -3.73223 -1.76777 0
      vertex -4.03054 -2.02254 3
      vertex -3.73223 -1.76777 3
    endloop
  endfacet
  facet normal -0.649432 0.76042 0
    outer loop
      vertex -4.03054 -2.02254 3
      vertex -3.73223 -1.76777 0
      vertex -4.03054 -2.02254 0
    endloop
  endfacet
  facet normal 0.382667 0.923886 -0
    outer loop
      vertex -6.27254 -2.37764 0
      vertex -6.63498 -2.22752 3
      vertex -6.27254 -2.37764 3
    endloop
  endfacet
  facet normal 0.382667 0.923886 0
    outer loop
      vertex -6.63498 -2.22752 3
      vertex -6.27254 -2.37764 0
      vertex -6.63498 -2.22752 0
    endloop
  endfacet
  facet normal 0.522518 0.852628 -0
    outer loop
      vertex -6.63498 -2.22752 0
      vertex -6.96946 -2.02254 3
      vertex -6.63498 -2.22752 3
    endloop
  endfacet
  facet normal 0.522518 0.852628 0
    outer loop
      vertex -6.96946 -2.02254 3
      vertex -6.63498 -2.22752 0
      vertex -6.96946 -2.02254 0
    endloop
  endfacet
  facet normal -0.852628 0.522518 0
    outer loop
      vertex -3.47746 -1.46946 0
      vertex -3.27248 -1.13498 3
      vertex -3.27248 -1.13498 0
    endloop
  endfacet
  facet normal -0.852628 0.522518 0
    outer loop
      vertex -3.27248 -1.13498 3
      vertex -3.47746 -1.46946 0
      vertex -3.47746 -1.46946 3
    endloop
  endfacet
  facet normal 0.996917 0.0784613 0
    outer loop
      vertex -7.96922 -0.391086 3
      vertex -8 0 0
      vertex -8 0 3
    endloop
  endfacet
  facet normal 0.996917 0.0784613 0
    outer loop
      vertex -8 0 0
      vertex -7.96922 -0.391086 3
      vertex -7.96922 -0.391086 0
    endloop
  endfacet
  facet normal 0.649432 -0.76042 0
    outer loop
      vertex -7.26777 1.76777 0
      vertex -6.96946 2.02254 3
      vertex -7.26777 1.76777 3
    endloop
  endfacet
  facet normal 0.649432 -0.76042 0
    outer loop
      vertex -6.96946 2.02254 3
      vertex -7.26777 1.76777 0
      vertex -6.96946 2.02254 0
    endloop
  endfacet
  facet normal 0.382667 -0.923886 0
    outer loop
      vertex -6.63498 2.22752 0
      vertex -6.27254 2.37764 3
      vertex -6.63498 2.22752 3
    endloop
  endfacet
  facet normal 0.382667 -0.923886 0
    outer loop
      vertex -6.27254 2.37764 3
      vertex -6.63498 2.22752 0
      vertex -6.27254 2.37764 0
    endloop
  endfacet
  facet normal -0.382667 0.923886 0
    outer loop
      vertex -4.36502 -2.22752 0
      vertex -4.72746 -2.37764 3
      vertex -4.36502 -2.22752 3
    endloop
  endfacet
  facet normal -0.382667 0.923886 0
    outer loop
      vertex -4.72746 -2.37764 3
      vertex -4.36502 -2.22752 0
      vertex -4.72746 -2.37764 0
    endloop
  endfacet
  facet normal 0.76042 0.649432 0
    outer loop
      vertex -7.26777 -1.76777 3
      vertex -7.52254 -1.46946 0
      vertex -7.52254 -1.46946 3
    endloop
  endfacet
  facet normal 0.76042 0.649432 0
    outer loop
      vertex -7.52254 -1.46946 0
      vertex -7.26777 -1.76777 3
      vertex -7.26777 -1.76777 0
    endloop
  endfacet
  facet normal -0.996917 0.0784613 0
    outer loop
      vertex -3.03078 -0.391086 0
      vertex -3 0 3
      vertex -3 0 0
    endloop
  endfacet
  facet normal -0.996917 0.0784613 0
    outer loop
      vertex -3 0 3
      vertex -3.03078 -0.391086 0
      vertex -3.03078 -0.391086 3
    endloop
  endfacet
  facet normal 0.522518 -0.852628 0
    outer loop
      vertex -6.96946 2.02254 0
      vertex -6.63498 2.22752 3
      vertex -6.96946 2.02254 3
    endloop
  endfacet
  facet normal 0.522518 -0.852628 0
    outer loop
      vertex -6.63498 2.22752 3
      vertex -6.96946 2.02254 0
      vertex -6.63498 2.22752 0
    endloop
  endfacet
  facet normal -0.522518 0.852628 0
    outer loop
      vertex -4.03054 -2.02254 0
      vertex -4.36502 -2.22752 3
      vertex -4.03054 -2.02254 3
    endloop
  endfacet
  facet normal -0.522518 0.852628 0
    outer loop
      vertex -4.36502 -2.22752 3
      vertex -4.03054 -2.02254 0
      vertex -4.36502 -2.22752 0
    endloop
  endfacet
  facet normal 0.649432 0.76042 -0
    outer loop
      vertex -6.96946 -2.02254 0
      vertex -7.26777 -1.76777 3
      vertex -6.96946 -2.02254 3
    endloop
  endfacet
  facet normal 0.649432 0.76042 0
    outer loop
      vertex -7.26777 -1.76777 3
      vertex -6.96946 -2.02254 0
      vertex -7.26777 -1.76777 0
    endloop
  endfacet
  facet normal 0.923886 0.382669 0
    outer loop
      vertex -7.72752 -1.13498 3
      vertex -7.87764 -0.772542 0
      vertex -7.87764 -0.772542 3
    endloop
  endfacet
  facet normal 0.923886 0.382669 0
    outer loop
      vertex -7.87764 -0.772542 0
      vertex -7.72752 -1.13498 3
      vertex -7.72752 -1.13498 0
    endloop
  endfacet
  facet normal 0.923886 -0.382669 0
    outer loop
      vertex -7.87764 0.772542 3
      vertex -7.72752 1.13498 0
      vertex -7.72752 1.13498 3
    endloop
  endfacet
  facet normal 0.923886 -0.382669 0
    outer loop
      vertex -7.72752 1.13498 0
      vertex -7.87764 0.772542 3
      vertex -7.87764 0.772542 0
    endloop
  endfacet
  facet normal -0.522518 -0.852628 0
    outer loop
      vertex -4.36502 2.22752 0
      vertex -4.03054 2.02254 3
      vertex -4.36502 2.22752 3
    endloop
  endfacet
  facet normal -0.522518 -0.852628 -0
    outer loop
      vertex -4.03054 2.02254 3
      vertex -4.36502 2.22752 0
      vertex -4.03054 2.02254 0
    endloop
  endfacet
  facet normal -0.76042 -0.649432 0
    outer loop
      vertex -3.47746 1.46946 0
      vertex -3.73223 1.76777 3
      vertex -3.73223 1.76777 0
    endloop
  endfacet
  facet normal -0.76042 -0.649432 0
    outer loop
      vertex -3.73223 1.76777 3
      vertex -3.47746 1.46946 0
      vertex -3.47746 1.46946 3
    endloop
  endfacet
  facet normal 0.76042 -0.649432 0
    outer loop
      vertex -7.52254 1.46946 3
      vertex -7.26777 1.76777 0
      vertex -7.26777 1.76777 3
    endloop
  endfacet
  facet normal 0.76042 -0.649432 0
    outer loop
      vertex -7.26777 1.76777 0
      vertex -7.52254 1.46946 3
      vertex -7.52254 1.46946 0
    endloop
  endfacet
  facet normal -0.23345 -0.972369 0
    outer loop
      vertex -5.10891 2.46922 0
      vertex -4.72746 2.37764 3
      vertex -5.10891 2.46922 3
    endloop
  endfacet
  facet normal -0.23345 -0.972369 -0
    outer loop
      vertex -4.72746 2.37764 3
      vertex -5.10891 2.46922 0
      vertex -4.72746 2.37764 0
    endloop
  endfacet
  facet normal -0.649432 -0.76042 0
    outer loop
      vertex -4.03054 2.02254 0
      vertex -3.73223 1.76777 3
      vertex -4.03054 2.02254 3
    endloop
  endfacet
  facet normal -0.649432 -0.76042 -0
    outer loop
      vertex -3.73223 1.76777 3
      vertex -4.03054 2.02254 0
      vertex -3.73223 1.76777 0
    endloop
  endfacet
  facet normal 0.23345 0.972369 -0
    outer loop
      vertex -5.89109 -2.46922 0
      vertex -6.27254 -2.37764 3
      vertex -5.89109 -2.46922 3
    endloop
  endfacet
  facet normal 0.23345 0.972369 0
    outer loop
      vertex -6.27254 -2.37764 3
      vertex -5.89109 -2.46922 0
      vertex -6.27254 -2.37764 0
    endloop
  endfacet
  facet normal 0.852628 0.522518 0
    outer loop
      vertex -7.52254 -1.46946 3
      vertex -7.72752 -1.13498 0
      vertex -7.72752 -1.13498 3
    endloop
  endfacet
  facet normal 0.852628 0.522518 0
    outer loop
      vertex -7.72752 -1.13498 0
      vertex -7.52254 -1.46946 3
      vertex -7.52254 -1.46946 0
    endloop
  endfacet
  facet normal 0.23345 -0.972369 0
    outer loop
      vertex -6.27254 2.37764 0
      vertex -5.89109 2.46922 3
      vertex -6.27254 2.37764 3
    endloop
  endfacet
  facet normal 0.23345 -0.972369 0
    outer loop
      vertex -5.89109 2.46922 3
      vertex -6.27254 2.37764 0
      vertex -5.89109 2.46922 0
    endloop
  endfacet
  facet normal -0.23345 0.972369 0
    outer loop
      vertex -4.72746 -2.37764 0
      vertex -5.10891 -2.46922 3
      vertex -4.72746 -2.37764 3
    endloop
  endfacet
  facet normal -0.23345 0.972369 0
    outer loop
      vertex -5.10891 -2.46922 3
      vertex -4.72746 -2.37764 0
      vertex -5.10891 -2.46922 0
    endloop
  endfacet
  facet normal -0.923886 0.382669 0
    outer loop
      vertex -3.27248 -1.13498 0
      vertex -3.12236 -0.772542 3
      vertex -3.12236 -0.772542 0
    endloop
  endfacet
  facet normal -0.923886 0.382669 0
    outer loop
      vertex -3.12236 -0.772542 3
      vertex -3.27248 -1.13498 0
      vertex -3.27248 -1.13498 3
    endloop
  endfacet
  facet normal 0.852628 -0.522518 0
    outer loop
      vertex -7.72752 1.13498 3
      vertex -7.52254 1.46946 0
      vertex -7.52254 1.46946 3
    endloop
  endfacet
  facet normal 0.852628 -0.522518 0
    outer loop
      vertex -7.52254 1.46946 0
      vertex -7.72752 1.13498 3
      vertex -7.72752 1.13498 0
    endloop
  endfacet
  facet normal 0.97237 -0.233447 0
    outer loop
      vertex -7.96922 0.391086 3
      vertex -7.87764 0.772542 0
      vertex -7.87764 0.772542 3
    endloop
  endfacet
  facet normal 0.97237 -0.233447 0
    outer loop
      vertex -7.87764 0.772542 0
      vertex -7.96922 0.391086 3
      vertex -7.96922 0.391086 0
    endloop
  endfacet
  facet normal 0.0784605 -0.996917 0
    outer loop
      vertex -5.89109 2.46922 0
      vertex -5.5 2.5 3
      vertex -5.89109 2.46922 3
    endloop
  endfacet
  facet normal 0.0784605 -0.996917 0
    outer loop
      vertex -5.5 2.5 3
      vertex -5.89109 2.46922 0
      vertex -5.5 2.5 0
    endloop
  endfacet
  facet normal -0.76042 0.649432 0
    outer loop
      vertex -3.73223 -1.76777 0
      vertex -3.47746 -1.46946 3
      vertex -3.47746 -1.46946 0
    endloop
  endfacet
  facet normal -0.76042 0.649432 0
    outer loop
      vertex -3.47746 -1.46946 3
      vertex -3.73223 -1.76777 0
      vertex -3.73223 -1.76777 3
    endloop
  endfacet
  facet normal 0.996917 -0.0784613 0
    outer loop
      vertex -8 0 3
      vertex -7.96922 0.391086 0
      vertex -7.96922 0.391086 3
    endloop
  endfacet
  facet normal 0.996917 -0.0784613 0
    outer loop
      vertex -7.96922 0.391086 0
      vertex -8 0 3
      vertex -8 0 0
    endloop
  endfacet
  facet normal -0.97237 0.233447 0
    outer loop
      vertex -3.12236 -0.772542 0
      vertex -3.03078 -0.391086 3
      vertex -3.03078 -0.391086 0
    endloop
  endfacet
  facet normal -0.97237 0.233447 0
    outer loop
      vertex -3.03078 -0.391086 3
      vertex -3.12236 -0.772542 0
      vertex -3.12236 -0.772542 3
    endloop
  endfacet
  facet normal -0.0784605 -0.996917 0
    outer loop
      vertex -5.5 2.5 0
      vertex -5.10891 2.46922 3
      vertex -5.5 2.5 3
    endloop
  endfacet
  facet normal -0.0784605 -0.996917 -0
    outer loop
      vertex -5.10891 2.46922 3
      vertex -5.5 2.5 0
      vertex -5.10891 2.46922 0
    endloop
  endfacet
  facet normal 0.0784605 0.996917 -0
    outer loop
      vertex -5.5 -2.5 0
      vertex -5.89109 -2.46922 3
      vertex -5.5 -2.5 3
    endloop
  endfacet
  facet normal 0.0784605 0.996917 0
    outer loop
      vertex -5.89109 -2.46922 3
      vertex -5.5 -2.5 0
      vertex -5.89109 -2.46922 0
    endloop
  endfacet
  facet normal 0.972362 -0.233479 0
    outer loop
      vertex -7.96922 11.3911 3
      vertex -7.87764 11.7725 0
      vertex -7.87764 11.7725 3
    endloop
  endfacet
  facet normal 0.972362 -0.233479 0
    outer loop
      vertex -7.87764 11.7725 0
      vertex -7.96922 11.3911 3
      vertex -7.96922 11.3911 0
    endloop
  endfacet
  facet normal -0.972362 -0.233479 0
    outer loop
      vertex -3.03078 11.3911 0
      vertex -3.12236 11.7725 3
      vertex -3.12236 11.7725 0
    endloop
  endfacet
  facet normal -0.972362 -0.233479 0
    outer loop
      vertex -3.12236 11.7725 3
      vertex -3.03078 11.3911 0
      vertex -3.03078 11.3911 3
    endloop
  endfacet
  facet normal -0.996917 -0.0784585 0
    outer loop
      vertex -3 11 0
      vertex -3.03078 11.3911 3
      vertex -3.03078 11.3911 0
    endloop
  endfacet
  facet normal -0.996917 -0.0784585 0
    outer loop
      vertex -3.03078 11.3911 3
      vertex -3 11 0
      vertex -3 11 3
    endloop
  endfacet
  facet normal -0.923909 -0.382613 0
    outer loop
      vertex -3.12236 11.7725 0
      vertex -3.27248 12.135 3
      vertex -3.27248 12.135 0
    endloop
  endfacet
  facet normal -0.923909 -0.382613 0
    outer loop
      vertex -3.27248 12.135 3
      vertex -3.12236 11.7725 0
      vertex -3.12236 11.7725 3
    endloop
  endfacet
  facet normal -0.996917 0.0784585 0
    outer loop
      vertex -3.03078 10.6089 0
      vertex -3 11 3
      vertex -3 11 0
    endloop
  endfacet
  facet normal -0.996917 0.0784585 0
    outer loop
      vertex -3 11 3
      vertex -3.03078 10.6089 0
      vertex -3.03078 10.6089 3
    endloop
  endfacet
  facet normal 0.760409 -0.649445 0
    outer loop
      vertex -7.52254 12.4695 3
      vertex -7.26777 12.7678 0
      vertex -7.26777 12.7678 3
    endloop
  endfacet
  facet normal 0.760409 -0.649445 0
    outer loop
      vertex -7.26777 12.7678 0
      vertex -7.52254 12.4695 3
      vertex -7.52254 12.4695 0
    endloop
  endfacet
  facet normal 0.852642 -0.522495 0
    outer loop
      vertex -7.72752 12.135 3
      vertex -7.52254 12.4695 0
      vertex -7.52254 12.4695 3
    endloop
  endfacet
  facet normal 0.852642 -0.522495 0
    outer loop
      vertex -7.52254 12.4695 0
      vertex -7.72752 12.135 3
      vertex -7.72752 12.135 0
    endloop
  endfacet
  facet normal -0.382667 0.923886 0
    outer loop
      vertex -4.36502 8.77248 0
      vertex -4.72746 8.62236 3
      vertex -4.36502 8.77248 3
    endloop
  endfacet
  facet normal -0.382667 0.923886 0
    outer loop
      vertex -4.72746 8.62236 3
      vertex -4.36502 8.77248 0
      vertex -4.72746 8.62236 0
    endloop
  endfacet
  facet normal 0.0785112 -0.996913 0
    outer loop
      vertex -5.89109 13.4692 0
      vertex -5.5 13.5 3
      vertex -5.89109 13.4692 3
    endloop
  endfacet
  facet normal 0.0785112 -0.996913 0
    outer loop
      vertex -5.5 13.5 3
      vertex -5.89109 13.4692 0
      vertex -5.5 13.5 0
    endloop
  endfacet
  facet normal -0.76042 0.649432 0
    outer loop
      vertex -3.73223 9.23223 0
      vertex -3.47746 9.53054 3
      vertex -3.47746 9.53054 0
    endloop
  endfacet
  facet normal -0.76042 0.649432 0
    outer loop
      vertex -3.47746 9.53054 3
      vertex -3.73223 9.23223 0
      vertex -3.73223 9.23223 3
    endloop
  endfacet
  facet normal -0.522518 0.852628 0
    outer loop
      vertex -4.03054 8.97746 0
      vertex -4.36502 8.77248 3
      vertex -4.03054 8.97746 3
    endloop
  endfacet
  facet normal -0.522518 0.852628 0
    outer loop
      vertex -4.36502 8.77248 3
      vertex -4.03054 8.97746 0
      vertex -4.36502 8.77248 0
    endloop
  endfacet
  facet normal -0.923901 0.382631 0
    outer loop
      vertex -3.27248 9.86502 0
      vertex -3.12236 10.2275 3
      vertex -3.12236 10.2275 0
    endloop
  endfacet
  facet normal -0.923901 0.382631 0
    outer loop
      vertex -3.12236 10.2275 3
      vertex -3.27248 9.86502 0
      vertex -3.27248 9.86502 3
    endloop
  endfacet
  facet normal -0.760409 -0.649445 0
    outer loop
      vertex -3.47746 12.4695 0
      vertex -3.73223 12.7678 3
      vertex -3.73223 12.7678 0
    endloop
  endfacet
  facet normal -0.760409 -0.649445 0
    outer loop
      vertex -3.73223 12.7678 3
      vertex -3.47746 12.4695 0
      vertex -3.47746 12.4695 3
    endloop
  endfacet
  facet normal 0.522518 0.852628 -0
    outer loop
      vertex -6.63498 8.77248 0
      vertex -6.96946 8.97746 3
      vertex -6.63498 8.77248 3
    endloop
  endfacet
  facet normal 0.522518 0.852628 0
    outer loop
      vertex -6.96946 8.97746 3
      vertex -6.63498 8.77248 0
      vertex -6.96946 8.97746 0
    endloop
  endfacet
  facet normal -0.522555 -0.852606 0
    outer loop
      vertex -4.36502 13.2275 0
      vertex -4.03054 13.0225 3
      vertex -4.36502 13.2275 3
    endloop
  endfacet
  facet normal -0.522555 -0.852606 -0
    outer loop
      vertex -4.03054 13.0225 3
      vertex -4.36502 13.2275 0
      vertex -4.03054 13.0225 0
    endloop
  endfacet
  facet normal 0.996917 -0.0784585 0
    outer loop
      vertex -8 11 3
      vertex -7.96922 11.3911 0
      vertex -7.96922 11.3911 3
    endloop
  endfacet
  facet normal 0.996917 -0.0784585 0
    outer loop
      vertex -7.96922 11.3911 0
      vertex -8 11 3
      vertex -8 11 0
    endloop
  endfacet
  facet normal 0.923909 -0.382613 0
    outer loop
      vertex -7.87764 11.7725 3
      vertex -7.72752 12.135 0
      vertex -7.72752 12.135 3
    endloop
  endfacet
  facet normal 0.923909 -0.382613 0
    outer loop
      vertex -7.72752 12.135 0
      vertex -7.87764 11.7725 3
      vertex -7.87764 11.7725 0
    endloop
  endfacet
  facet normal 0.972362 0.233479 0
    outer loop
      vertex -7.87764 10.2275 3
      vertex -7.96922 10.6089 0
      vertex -7.96922 10.6089 3
    endloop
  endfacet
  facet normal 0.972362 0.233479 0
    outer loop
      vertex -7.96922 10.6089 0
      vertex -7.87764 10.2275 3
      vertex -7.87764 10.2275 0
    endloop
  endfacet
  facet normal 0.23345 0.972369 -0
    outer loop
      vertex -5.89109 8.53078 0
      vertex -6.27254 8.62236 3
      vertex -5.89109 8.53078 3
    endloop
  endfacet
  facet normal 0.23345 0.972369 0
    outer loop
      vertex -6.27254 8.62236 3
      vertex -5.89109 8.53078 0
      vertex -6.27254 8.62236 0
    endloop
  endfacet
  facet normal -0.23345 0.972369 0
    outer loop
      vertex -4.72746 8.62236 0
      vertex -5.10891 8.53078 3
      vertex -4.72746 8.62236 3
    endloop
  endfacet
  facet normal -0.23345 0.972369 0
    outer loop
      vertex -5.10891 8.53078 3
      vertex -4.72746 8.62236 0
      vertex -5.10891 8.53078 0
    endloop
  endfacet
  facet normal 0.649329 -0.760508 0
    outer loop
      vertex -7.26777 12.7678 0
      vertex -6.96946 13.0225 3
      vertex -7.26777 12.7678 3
    endloop
  endfacet
  facet normal 0.649329 -0.760508 0
    outer loop
      vertex -6.96946 13.0225 3
      vertex -7.26777 12.7678 0
      vertex -6.96946 13.0225 0
    endloop
  endfacet
  facet normal 0.382667 0.923886 -0
    outer loop
      vertex -6.27254 8.62236 0
      vertex -6.63498 8.77248 3
      vertex -6.27254 8.62236 3
    endloop
  endfacet
  facet normal 0.382667 0.923886 0
    outer loop
      vertex -6.63498 8.77248 3
      vertex -6.27254 8.62236 0
      vertex -6.63498 8.77248 0
    endloop
  endfacet
  facet normal -0.852642 -0.522495 0
    outer loop
      vertex -3.27248 12.135 0
      vertex -3.47746 12.4695 3
      vertex -3.47746 12.4695 0
    endloop
  endfacet
  facet normal -0.852642 -0.522495 0
    outer loop
      vertex -3.47746 12.4695 3
      vertex -3.27248 12.135 0
      vertex -3.27248 12.135 3
    endloop
  endfacet
  facet normal 0.852628 0.522518 0
    outer loop
      vertex -7.52254 9.53054 3
      vertex -7.72752 9.86502 0
      vertex -7.72752 9.86502 3
    endloop
  endfacet
  facet normal 0.852628 0.522518 0
    outer loop
      vertex -7.72752 9.86502 0
      vertex -7.52254 9.53054 3
      vertex -7.52254 9.53054 0
    endloop
  endfacet
  facet normal -0.852628 0.522518 0
    outer loop
      vertex -3.47746 9.53054 0
      vertex -3.27248 9.86502 3
      vertex -3.27248 9.86502 0
    endloop
  endfacet
  facet normal -0.852628 0.522518 0
    outer loop
      vertex -3.27248 9.86502 3
      vertex -3.47746 9.53054 0
      vertex -3.47746 9.53054 3
    endloop
  endfacet
  facet normal -0.382623 -0.923904 0
    outer loop
      vertex -4.72746 13.3776 0
      vertex -4.36502 13.2275 3
      vertex -4.72746 13.3776 3
    endloop
  endfacet
  facet normal -0.382623 -0.923904 -0
    outer loop
      vertex -4.36502 13.2275 3
      vertex -4.72746 13.3776 0
      vertex -4.36502 13.2275 0
    endloop
  endfacet
  facet normal 0.522555 -0.852606 0
    outer loop
      vertex -6.96946 13.0225 0
      vertex -6.63498 13.2275 3
      vertex -6.96946 13.0225 3
    endloop
  endfacet
  facet normal 0.522555 -0.852606 0
    outer loop
      vertex -6.63498 13.2275 3
      vertex -6.96946 13.0225 0
      vertex -6.63498 13.2275 0
    endloop
  endfacet
  facet normal -0.649329 -0.760508 0
    outer loop
      vertex -4.03054 13.0225 0
      vertex -3.73223 12.7678 3
      vertex -4.03054 13.0225 3
    endloop
  endfacet
  facet normal -0.649329 -0.760508 -0
    outer loop
      vertex -3.73223 12.7678 3
      vertex -4.03054 13.0225 0
      vertex -3.73223 12.7678 0
    endloop
  endfacet
  facet normal 0.382623 -0.923904 0
    outer loop
      vertex -6.63498 13.2275 0
      vertex -6.27254 13.3776 3
      vertex -6.63498 13.2275 3
    endloop
  endfacet
  facet normal 0.382623 -0.923904 0
    outer loop
      vertex -6.27254 13.3776 3
      vertex -6.63498 13.2275 0
      vertex -6.27254 13.3776 0
    endloop
  endfacet
  facet normal -0.972362 0.233479 0
    outer loop
      vertex -3.12236 10.2275 0
      vertex -3.03078 10.6089 3
      vertex -3.03078 10.6089 0
    endloop
  endfacet
  facet normal -0.972362 0.233479 0
    outer loop
      vertex -3.03078 10.6089 3
      vertex -3.12236 10.2275 0
      vertex -3.12236 10.2275 3
    endloop
  endfacet
  facet normal 0.996917 0.0784585 0
    outer loop
      vertex -7.96922 10.6089 3
      vertex -8 11 0
      vertex -8 11 3
    endloop
  endfacet
  facet normal 0.996917 0.0784585 0
    outer loop
      vertex -8 11 0
      vertex -7.96922 10.6089 3
      vertex -7.96922 10.6089 0
    endloop
  endfacet
  facet normal 0.923901 0.382631 0
    outer loop
      vertex -7.72752 9.86502 3
      vertex -7.87764 10.2275 0
      vertex -7.87764 10.2275 3
    endloop
  endfacet
  facet normal 0.923901 0.382631 0
    outer loop
      vertex -7.87764 10.2275 0
      vertex -7.72752 9.86502 3
      vertex -7.72752 9.86502 0
    endloop
  endfacet
  facet normal 0.76042 0.649432 0
    outer loop
      vertex -7.26777 9.23223 3
      vertex -7.52254 9.53054 0
      vertex -7.52254 9.53054 3
    endloop
  endfacet
  facet normal 0.76042 0.649432 0
    outer loop
      vertex -7.52254 9.53054 0
      vertex -7.26777 9.23223 3
      vertex -7.26777 9.23223 0
    endloop
  endfacet
  facet normal -0.0785112 -0.996913 0
    outer loop
      vertex -5.5 13.5 0
      vertex -5.10891 13.4692 3
      vertex -5.5 13.5 3
    endloop
  endfacet
  facet normal -0.0785112 -0.996913 -0
    outer loop
      vertex -5.10891 13.4692 3
      vertex -5.5 13.5 0
      vertex -5.10891 13.4692 0
    endloop
  endfacet
  facet normal 0.233498 -0.972357 0
    outer loop
      vertex -6.27254 13.3776 0
      vertex -5.89109 13.4692 3
      vertex -6.27254 13.3776 3
    endloop
  endfacet
  facet normal 0.233498 -0.972357 0
    outer loop
      vertex -5.89109 13.4692 3
      vertex -6.27254 13.3776 0
      vertex -5.89109 13.4692 0
    endloop
  endfacet
  facet normal -0.649432 0.76042 0
    outer loop
      vertex -3.73223 9.23223 0
      vertex -4.03054 8.97746 3
      vertex -3.73223 9.23223 3
    endloop
  endfacet
  facet normal -0.649432 0.76042 0
    outer loop
      vertex -4.03054 8.97746 3
      vertex -3.73223 9.23223 0
      vertex -4.03054 8.97746 0
    endloop
  endfacet
  facet normal -0.233498 -0.972357 0
    outer loop
      vertex -5.10891 13.4692 0
      vertex -4.72746 13.3776 3
      vertex -5.10891 13.4692 3
    endloop
  endfacet
  facet normal -0.233498 -0.972357 -0
    outer loop
      vertex -4.72746 13.3776 3
      vertex -5.10891 13.4692 0
      vertex -4.72746 13.3776 0
    endloop
  endfacet
  facet normal -0.0784605 0.996917 0
    outer loop
      vertex -5.10891 8.53078 0
      vertex -5.5 8.5 3
      vertex -5.10891 8.53078 3
    endloop
  endfacet
  facet normal -0.0784605 0.996917 0
    outer loop
      vertex -5.5 8.5 3
      vertex -5.10891 8.53078 0
      vertex -5.5 8.5 0
    endloop
  endfacet
  facet normal 0.649432 0.76042 -0
    outer loop
      vertex -6.96946 8.97746 0
      vertex -7.26777 9.23223 3
      vertex -6.96946 8.97746 3
    endloop
  endfacet
  facet normal 0.649432 0.76042 0
    outer loop
      vertex -7.26777 9.23223 3
      vertex -6.96946 8.97746 0
      vertex -7.26777 9.23223 0
    endloop
  endfacet
  facet normal 0.0784605 0.996917 -0
    outer loop
      vertex -5.5 8.5 0
      vertex -5.89109 8.53078 3
      vertex -5.5 8.5 3
    endloop
  endfacet
  facet normal 0.0784605 0.996917 0
    outer loop
      vertex -5.89109 8.53078 3
      vertex -5.5 8.5 0
      vertex -5.89109 8.53078 0
    endloop
  endfacet
  facet normal -0.972362 -0.233479 0
    outer loop
      vertex 7.96922 -10.6089 0
      vertex 7.87764 -10.2275 3
      vertex 7.87764 -10.2275 0
    endloop
  endfacet
  facet normal -0.972362 -0.233479 0
    outer loop
      vertex 7.87764 -10.2275 3
      vertex 7.96922 -10.6089 0
      vertex 7.96922 -10.6089 3
    endloop
  endfacet
  facet normal -0.996917 -0.0784585 0
    outer loop
      vertex 8 -11 0
      vertex 7.96922 -10.6089 3
      vertex 7.96922 -10.6089 0
    endloop
  endfacet
  facet normal -0.996917 -0.0784585 0
    outer loop
      vertex 7.96922 -10.6089 3
      vertex 8 -11 0
      vertex 8 -11 3
    endloop
  endfacet
  facet normal -0.923901 -0.382631 0
    outer loop
      vertex 7.87764 -10.2275 0
      vertex 7.72752 -9.86502 3
      vertex 7.72752 -9.86502 0
    endloop
  endfacet
  facet normal -0.923901 -0.382631 0
    outer loop
      vertex 7.72752 -9.86502 3
      vertex 7.87764 -10.2275 0
      vertex 7.87764 -10.2275 3
    endloop
  endfacet
  facet normal -0.23345 -0.972369 0
    outer loop
      vertex 5.89109 -8.53078 0
      vertex 6.27254 -8.62236 3
      vertex 5.89109 -8.53078 3
    endloop
  endfacet
  facet normal -0.23345 -0.972369 -0
    outer loop
      vertex 6.27254 -8.62236 3
      vertex 5.89109 -8.53078 0
      vertex 6.27254 -8.62236 0
    endloop
  endfacet
  facet normal -0.852628 -0.522518 0
    outer loop
      vertex 7.72752 -9.86502 0
      vertex 7.52254 -9.53054 3
      vertex 7.52254 -9.53054 0
    endloop
  endfacet
  facet normal -0.852628 -0.522518 0
    outer loop
      vertex 7.52254 -9.53054 3
      vertex 7.72752 -9.86502 0
      vertex 7.72752 -9.86502 3
    endloop
  endfacet
  facet normal 0.923909 0.382613 0
    outer loop
      vertex 3.27248 -12.135 3
      vertex 3.12236 -11.7725 0
      vertex 3.12236 -11.7725 3
    endloop
  endfacet
  facet normal 0.923909 0.382613 0
    outer loop
      vertex 3.12236 -11.7725 0
      vertex 3.27248 -12.135 3
      vertex 3.27248 -12.135 0
    endloop
  endfacet
  facet normal 0.23345 -0.972369 0
    outer loop
      vertex 4.72746 -8.62236 0
      vertex 5.10891 -8.53078 3
      vertex 4.72746 -8.62236 3
    endloop
  endfacet
  facet normal 0.23345 -0.972369 0
    outer loop
      vertex 5.10891 -8.53078 3
      vertex 4.72746 -8.62236 0
      vertex 5.10891 -8.53078 0
    endloop
  endfacet
  facet normal -0.233498 0.972357 0
    outer loop
      vertex 6.27254 -13.3776 0
      vertex 5.89109 -13.4692 3
      vertex 6.27254 -13.3776 3
    endloop
  endfacet
  facet normal -0.233498 0.972357 0
    outer loop
      vertex 5.89109 -13.4692 3
      vertex 6.27254 -13.3776 0
      vertex 5.89109 -13.4692 0
    endloop
  endfacet
  facet normal -0.972362 0.233479 0
    outer loop
      vertex 7.87764 -11.7725 0
      vertex 7.96922 -11.3911 3
      vertex 7.96922 -11.3911 0
    endloop
  endfacet
  facet normal -0.972362 0.233479 0
    outer loop
      vertex 7.96922 -11.3911 3
      vertex 7.87764 -11.7725 0
      vertex 7.87764 -11.7725 3
    endloop
  endfacet
  facet normal 0.382623 0.923904 -0
    outer loop
      vertex 4.72746 -13.3776 0
      vertex 4.36502 -13.2275 3
      vertex 4.72746 -13.3776 3
    endloop
  endfacet
  facet normal 0.382623 0.923904 0
    outer loop
      vertex 4.36502 -13.2275 3
      vertex 4.72746 -13.3776 0
      vertex 4.36502 -13.2275 0
    endloop
  endfacet
  facet normal 0.76042 -0.649432 0
    outer loop
      vertex 3.47746 -9.53054 3
      vertex 3.73223 -9.23223 0
      vertex 3.73223 -9.23223 3
    endloop
  endfacet
  facet normal 0.76042 -0.649432 0
    outer loop
      vertex 3.73223 -9.23223 0
      vertex 3.47746 -9.53054 3
      vertex 3.47746 -9.53054 0
    endloop
  endfacet
  facet normal 0.972362 -0.233479 0
    outer loop
      vertex 3.03078 -10.6089 3
      vertex 3.12236 -10.2275 0
      vertex 3.12236 -10.2275 3
    endloop
  endfacet
  facet normal 0.972362 -0.233479 0
    outer loop
      vertex 3.12236 -10.2275 0
      vertex 3.03078 -10.6089 3
      vertex 3.03078 -10.6089 0
    endloop
  endfacet
  facet normal -0.0785112 0.996913 0
    outer loop
      vertex 5.89109 -13.4692 0
      vertex 5.5 -13.5 3
      vertex 5.89109 -13.4692 3
    endloop
  endfacet
  facet normal -0.0785112 0.996913 0
    outer loop
      vertex 5.5 -13.5 3
      vertex 5.89109 -13.4692 0
      vertex 5.5 -13.5 0
    endloop
  endfacet
  facet normal 0.382667 -0.923886 0
    outer loop
      vertex 4.36502 -8.77248 0
      vertex 4.72746 -8.62236 3
      vertex 4.36502 -8.77248 3
    endloop
  endfacet
  facet normal 0.382667 -0.923886 0
    outer loop
      vertex 4.72746 -8.62236 3
      vertex 4.36502 -8.77248 0
      vertex 4.72746 -8.62236 0
    endloop
  endfacet
  facet normal 0.996917 0.0784585 0
    outer loop
      vertex 3.03078 -11.3911 3
      vertex 3 -11 0
      vertex 3 -11 3
    endloop
  endfacet
  facet normal 0.996917 0.0784585 0
    outer loop
      vertex 3 -11 0
      vertex 3.03078 -11.3911 3
      vertex 3.03078 -11.3911 0
    endloop
  endfacet
  facet normal -0.0784605 -0.996917 0
    outer loop
      vertex 5.5 -8.5 0
      vertex 5.89109 -8.53078 3
      vertex 5.5 -8.5 3
    endloop
  endfacet
  facet normal -0.0784605 -0.996917 -0
    outer loop
      vertex 5.89109 -8.53078 3
      vertex 5.5 -8.5 0
      vertex 5.89109 -8.53078 0
    endloop
  endfacet
  facet normal -0.996917 0.0784585 0
    outer loop
      vertex 7.96922 -11.3911 0
      vertex 8 -11 3
      vertex 8 -11 0
    endloop
  endfacet
  facet normal -0.996917 0.0784585 0
    outer loop
      vertex 8 -11 3
      vertex 7.96922 -11.3911 0
      vertex 7.96922 -11.3911 3
    endloop
  endfacet
  facet normal -0.382667 -0.923886 0
    outer loop
      vertex 6.27254 -8.62236 0
      vertex 6.63498 -8.77248 3
      vertex 6.27254 -8.62236 3
    endloop
  endfacet
  facet normal -0.382667 -0.923886 -0
    outer loop
      vertex 6.63498 -8.77248 3
      vertex 6.27254 -8.62236 0
      vertex 6.63498 -8.77248 0
    endloop
  endfacet
  facet normal 0.760409 0.649445 0
    outer loop
      vertex 3.73223 -12.7678 3
      vertex 3.47746 -12.4695 0
      vertex 3.47746 -12.4695 3
    endloop
  endfacet
  facet normal 0.760409 0.649445 0
    outer loop
      vertex 3.47746 -12.4695 0
      vertex 3.73223 -12.7678 3
      vertex 3.73223 -12.7678 0
    endloop
  endfacet
  facet normal -0.923909 0.382613 0
    outer loop
      vertex 7.72752 -12.135 0
      vertex 7.87764 -11.7725 3
      vertex 7.87764 -11.7725 0
    endloop
  endfacet
  facet normal -0.923909 0.382613 0
    outer loop
      vertex 7.87764 -11.7725 3
      vertex 7.72752 -12.135 0
      vertex 7.72752 -12.135 3
    endloop
  endfacet
  facet normal -0.852642 0.522495 0
    outer loop
      vertex 7.52254 -12.4695 0
      vertex 7.72752 -12.135 3
      vertex 7.72752 -12.135 0
    endloop
  endfacet
  facet normal -0.852642 0.522495 0
    outer loop
      vertex 7.72752 -12.135 3
      vertex 7.52254 -12.4695 0
      vertex 7.52254 -12.4695 3
    endloop
  endfacet
  facet normal -0.382623 0.923904 0
    outer loop
      vertex 6.63498 -13.2275 0
      vertex 6.27254 -13.3776 3
      vertex 6.63498 -13.2275 3
    endloop
  endfacet
  facet normal -0.382623 0.923904 0
    outer loop
      vertex 6.27254 -13.3776 3
      vertex 6.63498 -13.2275 0
      vertex 6.27254 -13.3776 0
    endloop
  endfacet
  facet normal -0.649432 -0.76042 0
    outer loop
      vertex 6.96946 -8.97746 0
      vertex 7.26777 -9.23223 3
      vertex 6.96946 -8.97746 3
    endloop
  endfacet
  facet normal -0.649432 -0.76042 -0
    outer loop
      vertex 7.26777 -9.23223 3
      vertex 6.96946 -8.97746 0
      vertex 7.26777 -9.23223 0
    endloop
  endfacet
  facet normal 0.649432 -0.76042 0
    outer loop
      vertex 3.73223 -9.23223 0
      vertex 4.03054 -8.97746 3
      vertex 3.73223 -9.23223 3
    endloop
  endfacet
  facet normal 0.649432 -0.76042 0
    outer loop
      vertex 4.03054 -8.97746 3
      vertex 3.73223 -9.23223 0
      vertex 4.03054 -8.97746 0
    endloop
  endfacet
  facet normal -0.522518 -0.852628 0
    outer loop
      vertex 6.63498 -8.77248 0
      vertex 6.96946 -8.97746 3
      vertex 6.63498 -8.77248 3
    endloop
  endfacet
  facet normal -0.522518 -0.852628 -0
    outer loop
      vertex 6.96946 -8.97746 3
      vertex 6.63498 -8.77248 0
      vertex 6.96946 -8.97746 0
    endloop
  endfacet
  facet normal 0.233498 0.972357 -0
    outer loop
      vertex 5.10891 -13.4692 0
      vertex 4.72746 -13.3776 3
      vertex 5.10891 -13.4692 3
    endloop
  endfacet
  facet normal 0.233498 0.972357 0
    outer loop
      vertex 4.72746 -13.3776 3
      vertex 5.10891 -13.4692 0
      vertex 4.72746 -13.3776 0
    endloop
  endfacet
  facet normal -0.76042 -0.649432 0
    outer loop
      vertex 7.52254 -9.53054 0
      vertex 7.26777 -9.23223 3
      vertex 7.26777 -9.23223 0
    endloop
  endfacet
  facet normal -0.76042 -0.649432 0
    outer loop
      vertex 7.26777 -9.23223 3
      vertex 7.52254 -9.53054 0
      vertex 7.52254 -9.53054 3
    endloop
  endfacet
  facet normal 0.522555 0.852606 -0
    outer loop
      vertex 4.36502 -13.2275 0
      vertex 4.03054 -13.0225 3
      vertex 4.36502 -13.2275 3
    endloop
  endfacet
  facet normal 0.522555 0.852606 0
    outer loop
      vertex 4.03054 -13.0225 3
      vertex 4.36502 -13.2275 0
      vertex 4.03054 -13.0225 0
    endloop
  endfacet
  facet normal 0.972362 0.233479 0
    outer loop
      vertex 3.12236 -11.7725 3
      vertex 3.03078 -11.3911 0
      vertex 3.03078 -11.3911 3
    endloop
  endfacet
  facet normal 0.972362 0.233479 0
    outer loop
      vertex 3.03078 -11.3911 0
      vertex 3.12236 -11.7725 3
      vertex 3.12236 -11.7725 0
    endloop
  endfacet
  facet normal -0.649329 0.760508 0
    outer loop
      vertex 7.26777 -12.7678 0
      vertex 6.96946 -13.0225 3
      vertex 7.26777 -12.7678 3
    endloop
  endfacet
  facet normal -0.649329 0.760508 0
    outer loop
      vertex 6.96946 -13.0225 3
      vertex 7.26777 -12.7678 0
      vertex 6.96946 -13.0225 0
    endloop
  endfacet
  facet normal 0.0785112 0.996913 -0
    outer loop
      vertex 5.5 -13.5 0
      vertex 5.10891 -13.4692 3
      vertex 5.5 -13.5 3
    endloop
  endfacet
  facet normal 0.0785112 0.996913 0
    outer loop
      vertex 5.10891 -13.4692 3
      vertex 5.5 -13.5 0
      vertex 5.10891 -13.4692 0
    endloop
  endfacet
  facet normal -0.522555 0.852606 0
    outer loop
      vertex 6.96946 -13.0225 0
      vertex 6.63498 -13.2275 3
      vertex 6.96946 -13.0225 3
    endloop
  endfacet
  facet normal -0.522555 0.852606 0
    outer loop
      vertex 6.63498 -13.2275 3
      vertex 6.96946 -13.0225 0
      vertex 6.63498 -13.2275 0
    endloop
  endfacet
  facet normal 0.0784605 -0.996917 0
    outer loop
      vertex 5.10891 -8.53078 0
      vertex 5.5 -8.5 3
      vertex 5.10891 -8.53078 3
    endloop
  endfacet
  facet normal 0.0784605 -0.996917 0
    outer loop
      vertex 5.5 -8.5 3
      vertex 5.10891 -8.53078 0
      vertex 5.5 -8.5 0
    endloop
  endfacet
  facet normal -0.760409 0.649445 0
    outer loop
      vertex 7.26777 -12.7678 0
      vertex 7.52254 -12.4695 3
      vertex 7.52254 -12.4695 0
    endloop
  endfacet
  facet normal -0.760409 0.649445 0
    outer loop
      vertex 7.52254 -12.4695 3
      vertex 7.26777 -12.7678 0
      vertex 7.26777 -12.7678 3
    endloop
  endfacet
  facet normal 0.852642 0.522495 0
    outer loop
      vertex 3.47746 -12.4695 3
      vertex 3.27248 -12.135 0
      vertex 3.27248 -12.135 3
    endloop
  endfacet
  facet normal 0.852642 0.522495 0
    outer loop
      vertex 3.27248 -12.135 0
      vertex 3.47746 -12.4695 3
      vertex 3.47746 -12.4695 0
    endloop
  endfacet
  facet normal 0.649329 0.760508 -0
    outer loop
      vertex 4.03054 -13.0225 0
      vertex 3.73223 -12.7678 3
      vertex 4.03054 -13.0225 3
    endloop
  endfacet
  facet normal 0.649329 0.760508 0
    outer loop
      vertex 3.73223 -12.7678 3
      vertex 4.03054 -13.0225 0
      vertex 3.73223 -12.7678 0
    endloop
  endfacet
  facet normal 0.996917 -0.0784585 0
    outer loop
      vertex 3 -11 3
      vertex 3.03078 -10.6089 0
      vertex 3.03078 -10.6089 3
    endloop
  endfacet
  facet normal 0.996917 -0.0784585 0
    outer loop
      vertex 3.03078 -10.6089 0
      vertex 3 -11 3
      vertex 3 -11 0
    endloop
  endfacet
  facet normal 0.923901 -0.382631 0
    outer loop
      vertex 3.12236 -10.2275 3
      vertex 3.27248 -9.86502 0
      vertex 3.27248 -9.86502 3
    endloop
  endfacet
  facet normal 0.923901 -0.382631 0
    outer loop
      vertex 3.27248 -9.86502 0
      vertex 3.12236 -10.2275 3
      vertex 3.12236 -10.2275 0
    endloop
  endfacet
  facet normal 0.852628 -0.522518 0
    outer loop
      vertex 3.27248 -9.86502 3
      vertex 3.47746 -9.53054 0
      vertex 3.47746 -9.53054 3
    endloop
  endfacet
  facet normal 0.852628 -0.522518 0
    outer loop
      vertex 3.47746 -9.53054 0
      vertex 3.27248 -9.86502 3
      vertex 3.27248 -9.86502 0
    endloop
  endfacet
  facet normal 0.522518 -0.852628 0
    outer loop
      vertex 4.03054 -8.97746 0
      vertex 4.36502 -8.77248 3
      vertex 4.03054 -8.97746 3
    endloop
  endfacet
  facet normal 0.522518 -0.852628 0
    outer loop
      vertex 4.36502 -8.77248 3
      vertex 4.03054 -8.97746 0
      vertex 4.36502 -8.77248 0
    endloop
  endfacet
  facet normal -0.97237 -0.233447 0
    outer loop
      vertex 7.96922 0.391086 0
      vertex 7.87764 0.772542 3
      vertex 7.87764 0.772542 0
    endloop
  endfacet
  facet normal -0.97237 -0.233447 0
    outer loop
      vertex 7.87764 0.772542 3
      vertex 7.96922 0.391086 0
      vertex 7.96922 0.391086 3
    endloop
  endfacet
  facet normal -0.996917 -0.0784613 0
    outer loop
      vertex 8 0 0
      vertex 7.96922 0.391086 3
      vertex 7.96922 0.391086 0
    endloop
  endfacet
  facet normal -0.996917 -0.0784613 0
    outer loop
      vertex 7.96922 0.391086 3
      vertex 8 0 0
      vertex 8 0 3
    endloop
  endfacet
  facet normal -0.923886 -0.382669 0
    outer loop
      vertex 7.87764 0.772542 0
      vertex 7.72752 1.13498 3
      vertex 7.72752 1.13498 0
    endloop
  endfacet
  facet normal -0.923886 -0.382669 0
    outer loop
      vertex 7.72752 1.13498 3
      vertex 7.87764 0.772542 0
      vertex 7.87764 0.772542 3
    endloop
  endfacet
  facet normal -0.852628 -0.522518 0
    outer loop
      vertex 7.72752 1.13498 0
      vertex 7.52254 1.46946 3
      vertex 7.52254 1.46946 0
    endloop
  endfacet
  facet normal -0.852628 -0.522518 0
    outer loop
      vertex 7.52254 1.46946 3
      vertex 7.72752 1.13498 0
      vertex 7.72752 1.13498 3
    endloop
  endfacet
  facet normal 0.23345 -0.972369 0
    outer loop
      vertex 4.72746 2.37764 0
      vertex 5.10891 2.46922 3
      vertex 4.72746 2.37764 3
    endloop
  endfacet
  facet normal 0.23345 -0.972369 0
    outer loop
      vertex 5.10891 2.46922 3
      vertex 4.72746 2.37764 0
      vertex 5.10891 2.46922 0
    endloop
  endfacet
  facet normal -0.23345 0.972369 0
    outer loop
      vertex 6.27254 -2.37764 0
      vertex 5.89109 -2.46922 3
      vertex 6.27254 -2.37764 3
    endloop
  endfacet
  facet normal -0.23345 0.972369 0
    outer loop
      vertex 5.89109 -2.46922 3
      vertex 6.27254 -2.37764 0
      vertex 5.89109 -2.46922 0
    endloop
  endfacet
  facet normal -0.97237 0.233447 0
    outer loop
      vertex 7.87764 -0.772542 0
      vertex 7.96922 -0.391086 3
      vertex 7.96922 -0.391086 0
    endloop
  endfacet
  facet normal -0.97237 0.233447 0
    outer loop
      vertex 7.96922 -0.391086 3
      vertex 7.87764 -0.772542 0
      vertex 7.87764 -0.772542 3
    endloop
  endfacet
  facet normal -0.649432 0.76042 0
    outer loop
      vertex 7.26777 -1.76777 0
      vertex 6.96946 -2.02254 3
      vertex 7.26777 -1.76777 3
    endloop
  endfacet
  facet normal -0.649432 0.76042 0
    outer loop
      vertex 6.96946 -2.02254 3
      vertex 7.26777 -1.76777 0
      vertex 6.96946 -2.02254 0
    endloop
  endfacet
  facet normal 0.76042 -0.649432 0
    outer loop
      vertex 3.47746 1.46946 3
      vertex 3.73223 1.76777 0
      vertex 3.73223 1.76777 3
    endloop
  endfacet
  facet normal 0.76042 -0.649432 0
    outer loop
      vertex 3.73223 1.76777 0
      vertex 3.47746 1.46946 3
      vertex 3.47746 1.46946 0
    endloop
  endfacet
  facet normal 0.97237 -0.233447 0
    outer loop
      vertex 3.03078 0.391086 3
      vertex 3.12236 0.772542 0
      vertex 3.12236 0.772542 3
    endloop
  endfacet
  facet normal 0.97237 -0.233447 0
    outer loop
      vertex 3.12236 0.772542 0
      vertex 3.03078 0.391086 3
      vertex 3.03078 0.391086 0
    endloop
  endfacet
  facet normal 0.923886 0.382669 0
    outer loop
      vertex 3.27248 -1.13498 3
      vertex 3.12236 -0.772542 0
      vertex 3.12236 -0.772542 3
    endloop
  endfacet
  facet normal 0.923886 0.382669 0
    outer loop
      vertex 3.12236 -0.772542 0
      vertex 3.27248 -1.13498 3
      vertex 3.27248 -1.13498 0
    endloop
  endfacet
  facet normal 0.382667 0.923886 -0
    outer loop
      vertex 4.72746 -2.37764 0
      vertex 4.36502 -2.22752 3
      vertex 4.72746 -2.37764 3
    endloop
  endfacet
  facet normal 0.382667 0.923886 0
    outer loop
      vertex 4.36502 -2.22752 3
      vertex 4.72746 -2.37764 0
      vertex 4.36502 -2.22752 0
    endloop
  endfacet
  facet normal -0.0784605 -0.996917 0
    outer loop
      vertex 5.5 2.5 0
      vertex 5.89109 2.46922 3
      vertex 5.5 2.5 3
    endloop
  endfacet
  facet normal -0.0784605 -0.996917 -0
    outer loop
      vertex 5.89109 2.46922 3
      vertex 5.5 2.5 0
      vertex 5.89109 2.46922 0
    endloop
  endfacet
  facet normal -0.0784605 0.996917 0
    outer loop
      vertex 5.89109 -2.46922 0
      vertex 5.5 -2.5 3
      vertex 5.89109 -2.46922 3
    endloop
  endfacet
  facet normal -0.0784605 0.996917 0
    outer loop
      vertex 5.5 -2.5 3
      vertex 5.89109 -2.46922 0
      vertex 5.5 -2.5 0
    endloop
  endfacet
  facet normal 0.996917 0.0784613 0
    outer loop
      vertex 3.03078 -0.391086 3
      vertex 3 0 0
      vertex 3 0 3
    endloop
  endfacet
  facet normal 0.996917 0.0784613 0
    outer loop
      vertex 3 0 0
      vertex 3.03078 -0.391086 3
      vertex 3.03078 -0.391086 0
    endloop
  endfacet
  facet normal 0.382667 -0.923886 0
    outer loop
      vertex 4.36502 2.22752 0
      vertex 4.72746 2.37764 3
      vertex 4.36502 2.22752 3
    endloop
  endfacet
  facet normal 0.382667 -0.923886 0
    outer loop
      vertex 4.72746 2.37764 3
      vertex 4.36502 2.22752 0
      vertex 4.72746 2.37764 0
    endloop
  endfacet
  facet normal -0.996917 0.0784613 0
    outer loop
      vertex 7.96922 -0.391086 0
      vertex 8 0 3
      vertex 8 0 0
    endloop
  endfacet
  facet normal -0.996917 0.0784613 0
    outer loop
      vertex 8 0 3
      vertex 7.96922 -0.391086 0
      vertex 7.96922 -0.391086 3
    endloop
  endfacet
  facet normal -0.382667 -0.923886 0
    outer loop
      vertex 6.27254 2.37764 0
      vertex 6.63498 2.22752 3
      vertex 6.27254 2.37764 3
    endloop
  endfacet
  facet normal -0.382667 -0.923886 -0
    outer loop
      vertex 6.63498 2.22752 3
      vertex 6.27254 2.37764 0
      vertex 6.63498 2.22752 0
    endloop
  endfacet
  facet normal 0.76042 0.649432 0
    outer loop
      vertex 3.73223 -1.76777 3
      vertex 3.47746 -1.46946 0
      vertex 3.47746 -1.46946 3
    endloop
  endfacet
  facet normal 0.76042 0.649432 0
    outer loop
      vertex 3.47746 -1.46946 0
      vertex 3.73223 -1.76777 3
      vertex 3.73223 -1.76777 0
    endloop
  endfacet
  facet normal -0.923886 0.382669 0
    outer loop
      vertex 7.72752 -1.13498 0
      vertex 7.87764 -0.772542 3
      vertex 7.87764 -0.772542 0
    endloop
  endfacet
  facet normal -0.923886 0.382669 0
    outer loop
      vertex 7.87764 -0.772542 3
      vertex 7.72752 -1.13498 0
      vertex 7.72752 -1.13498 3
    endloop
  endfacet
  facet normal 0.0784605 0.996917 -0
    outer loop
      vertex 5.5 -2.5 0
      vertex 5.10891 -2.46922 3
      vertex 5.5 -2.5 3
    endloop
  endfacet
  facet normal 0.0784605 0.996917 0
    outer loop
      vertex 5.10891 -2.46922 3
      vertex 5.5 -2.5 0
      vertex 5.10891 -2.46922 0
    endloop
  endfacet
  facet normal -0.852628 0.522518 0
    outer loop
      vertex 7.52254 -1.46946 0
      vertex 7.72752 -1.13498 3
      vertex 7.72752 -1.13498 0
    endloop
  endfacet
  facet normal -0.852628 0.522518 0
    outer loop
      vertex 7.72752 -1.13498 3
      vertex 7.52254 -1.46946 0
      vertex 7.52254 -1.46946 3
    endloop
  endfacet
  facet normal -0.382667 0.923886 0
    outer loop
      vertex 6.63498 -2.22752 0
      vertex 6.27254 -2.37764 3
      vertex 6.63498 -2.22752 3
    endloop
  endfacet
  facet normal -0.382667 0.923886 0
    outer loop
      vertex 6.27254 -2.37764 3
      vertex 6.63498 -2.22752 0
      vertex 6.27254 -2.37764 0
    endloop
  endfacet
  facet normal -0.649432 -0.76042 0
    outer loop
      vertex 6.96946 2.02254 0
      vertex 7.26777 1.76777 3
      vertex 6.96946 2.02254 3
    endloop
  endfacet
  facet normal -0.649432 -0.76042 -0
    outer loop
      vertex 7.26777 1.76777 3
      vertex 6.96946 2.02254 0
      vertex 7.26777 1.76777 0
    endloop
  endfacet
  facet normal 0.649432 -0.76042 0
    outer loop
      vertex 3.73223 1.76777 0
      vertex 4.03054 2.02254 3
      vertex 3.73223 1.76777 3
    endloop
  endfacet
  facet normal 0.649432 -0.76042 0
    outer loop
      vertex 4.03054 2.02254 3
      vertex 3.73223 1.76777 0
      vertex 4.03054 2.02254 0
    endloop
  endfacet
  facet normal -0.522518 -0.852628 0
    outer loop
      vertex 6.63498 2.22752 0
      vertex 6.96946 2.02254 3
      vertex 6.63498 2.22752 3
    endloop
  endfacet
  facet normal -0.522518 -0.852628 -0
    outer loop
      vertex 6.96946 2.02254 3
      vertex 6.63498 2.22752 0
      vertex 6.96946 2.02254 0
    endloop
  endfacet
  facet normal 0.0784605 -0.996917 0
    outer loop
      vertex 5.10891 2.46922 0
      vertex 5.5 2.5 3
      vertex 5.10891 2.46922 3
    endloop
  endfacet
  facet normal 0.0784605 -0.996917 0
    outer loop
      vertex 5.5 2.5 3
      vertex 5.10891 2.46922 0
      vertex 5.5 2.5 0
    endloop
  endfacet
  facet normal 0.996917 -0.0784613 0
    outer loop
      vertex 3 0 3
      vertex 3.03078 0.391086 0
      vertex 3.03078 0.391086 3
    endloop
  endfacet
  facet normal 0.996917 -0.0784613 0
    outer loop
      vertex 3.03078 0.391086 0
      vertex 3 0 3
      vertex 3 0 0
    endloop
  endfacet
  facet normal 0.23345 0.972369 -0
    outer loop
      vertex 5.10891 -2.46922 0
      vertex 4.72746 -2.37764 3
      vertex 5.10891 -2.46922 3
    endloop
  endfacet
  facet normal 0.23345 0.972369 0
    outer loop
      vertex 4.72746 -2.37764 3
      vertex 5.10891 -2.46922 0
      vertex 4.72746 -2.37764 0
    endloop
  endfacet
  facet normal 0.852628 0.522518 0
    outer loop
      vertex 3.47746 -1.46946 3
      vertex 3.27248 -1.13498 0
      vertex 3.27248 -1.13498 3
    endloop
  endfacet
  facet normal 0.852628 0.522518 0
    outer loop
      vertex 3.27248 -1.13498 0
      vertex 3.47746 -1.46946 3
      vertex 3.47746 -1.46946 0
    endloop
  endfacet
  facet normal -0.76042 -0.649432 0
    outer loop
      vertex 7.52254 1.46946 0
      vertex 7.26777 1.76777 3
      vertex 7.26777 1.76777 0
    endloop
  endfacet
  facet normal -0.76042 -0.649432 0
    outer loop
      vertex 7.26777 1.76777 3
      vertex 7.52254 1.46946 0
      vertex 7.52254 1.46946 3
    endloop
  endfacet
  facet normal 0.522518 0.852628 -0
    outer loop
      vertex 4.36502 -2.22752 0
      vertex 4.03054 -2.02254 3
      vertex 4.36502 -2.22752 3
    endloop
  endfacet
  facet normal 0.522518 0.852628 0
    outer loop
      vertex 4.03054 -2.02254 3
      vertex 4.36502 -2.22752 0
      vertex 4.03054 -2.02254 0
    endloop
  endfacet
  facet normal 0.97237 0.233447 0
    outer loop
      vertex 3.12236 -0.772542 3
      vertex 3.03078 -0.391086 0
      vertex 3.03078 -0.391086 3
    endloop
  endfacet
  facet normal 0.97237 0.233447 0
    outer loop
      vertex 3.03078 -0.391086 0
      vertex 3.12236 -0.772542 3
      vertex 3.12236 -0.772542 0
    endloop
  endfacet
  facet normal -0.522518 0.852628 0
    outer loop
      vertex 6.96946 -2.02254 0
      vertex 6.63498 -2.22752 3
      vertex 6.96946 -2.02254 3
    endloop
  endfacet
  facet normal -0.522518 0.852628 0
    outer loop
      vertex 6.63498 -2.22752 3
      vertex 6.96946 -2.02254 0
      vertex 6.63498 -2.22752 0
    endloop
  endfacet
  facet normal -0.23345 -0.972369 0
    outer loop
      vertex 5.89109 2.46922 0
      vertex 6.27254 2.37764 3
      vertex 5.89109 2.46922 3
    endloop
  endfacet
  facet normal -0.23345 -0.972369 -0
    outer loop
      vertex 6.27254 2.37764 3
      vertex 5.89109 2.46922 0
      vertex 6.27254 2.37764 0
    endloop
  endfacet
  facet normal 0.923886 -0.382669 0
    outer loop
      vertex 3.12236 0.772542 3
      vertex 3.27248 1.13498 0
      vertex 3.27248 1.13498 3
    endloop
  endfacet
  facet normal 0.923886 -0.382669 0
    outer loop
      vertex 3.27248 1.13498 0
      vertex 3.12236 0.772542 3
      vertex 3.12236 0.772542 0
    endloop
  endfacet
  facet normal -0.76042 0.649432 0
    outer loop
      vertex 7.26777 -1.76777 0
      vertex 7.52254 -1.46946 3
      vertex 7.52254 -1.46946 0
    endloop
  endfacet
  facet normal -0.76042 0.649432 0
    outer loop
      vertex 7.52254 -1.46946 3
      vertex 7.26777 -1.76777 0
      vertex 7.26777 -1.76777 3
    endloop
  endfacet
  facet normal 0.649432 0.76042 -0
    outer loop
      vertex 4.03054 -2.02254 0
      vertex 3.73223 -1.76777 3
      vertex 4.03054 -2.02254 3
    endloop
  endfacet
  facet normal 0.649432 0.76042 0
    outer loop
      vertex 3.73223 -1.76777 3
      vertex 4.03054 -2.02254 0
      vertex 3.73223 -1.76777 0
    endloop
  endfacet
  facet normal 0.852628 -0.522518 0
    outer loop
      vertex 3.27248 1.13498 3
      vertex 3.47746 1.46946 0
      vertex 3.47746 1.46946 3
    endloop
  endfacet
  facet normal 0.852628 -0.522518 0
    outer loop
      vertex 3.47746 1.46946 0
      vertex 3.27248 1.13498 3
      vertex 3.27248 1.13498 0
    endloop
  endfacet
  facet normal 0.522518 -0.852628 0
    outer loop
      vertex 4.03054 2.02254 0
      vertex 4.36502 2.22752 3
      vertex 4.03054 2.02254 3
    endloop
  endfacet
  facet normal 0.522518 -0.852628 0
    outer loop
      vertex 4.36502 2.22752 3
      vertex 4.03054 2.02254 0
      vertex 4.36502 2.22752 0
    endloop
  endfacet
  facet normal -0.23345 0.972369 0
    outer loop
      vertex 6.27254 8.62236 0
      vertex 5.89109 8.53078 3
      vertex 6.27254 8.62236 3
    endloop
  endfacet
  facet normal -0.23345 0.972369 0
    outer loop
      vertex 5.89109 8.53078 3
      vertex 6.27254 8.62236 0
      vertex 5.89109 8.53078 0
    endloop
  endfacet
  facet normal -0.972362 -0.233479 0
    outer loop
      vertex 7.96922 11.3911 0
      vertex 7.87764 11.7725 3
      vertex 7.87764 11.7725 0
    endloop
  endfacet
  facet normal -0.972362 -0.233479 0
    outer loop
      vertex 7.87764 11.7725 3
      vertex 7.96922 11.3911 0
      vertex 7.96922 11.3911 3
    endloop
  endfacet
  facet normal -0.996917 -0.0784585 0
    outer loop
      vertex 8 11 0
      vertex 7.96922 11.3911 3
      vertex 7.96922 11.3911 0
    endloop
  endfacet
  facet normal -0.996917 -0.0784585 0
    outer loop
      vertex 7.96922 11.3911 3
      vertex 8 11 0
      vertex 8 11 3
    endloop
  endfacet
  facet normal -0.923909 -0.382613 0
    outer loop
      vertex 7.87764 11.7725 0
      vertex 7.72752 12.135 3
      vertex 7.72752 12.135 0
    endloop
  endfacet
  facet normal -0.923909 -0.382613 0
    outer loop
      vertex 7.72752 12.135 3
      vertex 7.87764 11.7725 0
      vertex 7.87764 11.7725 3
    endloop
  endfacet
  facet normal -0.0784605 0.996917 0
    outer loop
      vertex 5.89109 8.53078 0
      vertex 5.5 8.5 3
      vertex 5.89109 8.53078 3
    endloop
  endfacet
  facet normal -0.0784605 0.996917 0
    outer loop
      vertex 5.5 8.5 3
      vertex 5.89109 8.53078 0
      vertex 5.5 8.5 0
    endloop
  endfacet
  facet normal 0.76042 0.649432 0
    outer loop
      vertex 3.73223 9.23223 3
      vertex 3.47746 9.53054 0
      vertex 3.47746 9.53054 3
    endloop
  endfacet
  facet normal 0.76042 0.649432 0
    outer loop
      vertex 3.47746 9.53054 0
      vertex 3.73223 9.23223 3
      vertex 3.73223 9.23223 0
    endloop
  endfacet
  facet normal -0.649329 -0.760508 0
    outer loop
      vertex 6.96946 13.0225 0
      vertex 7.26777 12.7678 3
      vertex 6.96946 13.0225 3
    endloop
  endfacet
  facet normal -0.649329 -0.760508 -0
    outer loop
      vertex 7.26777 12.7678 3
      vertex 6.96946 13.0225 0
      vertex 7.26777 12.7678 0
    endloop
  endfacet
  facet normal -0.76042 0.649432 0
    outer loop
      vertex 7.26777 9.23223 0
      vertex 7.52254 9.53054 3
      vertex 7.52254 9.53054 0
    endloop
  endfacet
  facet normal -0.76042 0.649432 0
    outer loop
      vertex 7.52254 9.53054 3
      vertex 7.26777 9.23223 0
      vertex 7.26777 9.23223 3
    endloop
  endfacet
  facet normal 0.382667 0.923886 -0
    outer loop
      vertex 4.72746 8.62236 0
      vertex 4.36502 8.77248 3
      vertex 4.72746 8.62236 3
    endloop
  endfacet
  facet normal 0.382667 0.923886 0
    outer loop
      vertex 4.36502 8.77248 3
      vertex 4.72746 8.62236 0
      vertex 4.36502 8.77248 0
    endloop
  endfacet
  facet normal 0.522518 0.852628 -0
    outer loop
      vertex 4.36502 8.77248 0
      vertex 4.03054 8.97746 3
      vertex 4.36502 8.77248 3
    endloop
  endfacet
  facet normal 0.522518 0.852628 0
    outer loop
      vertex 4.03054 8.97746 3
      vertex 4.36502 8.77248 0
      vertex 4.03054 8.97746 0
    endloop
  endfacet
  facet normal -0.382667 0.923886 0
    outer loop
      vertex 6.63498 8.77248 0
      vertex 6.27254 8.62236 3
      vertex 6.63498 8.77248 3
    endloop
  endfacet
  facet normal -0.382667 0.923886 0
    outer loop
      vertex 6.27254 8.62236 3
      vertex 6.63498 8.77248 0
      vertex 6.27254 8.62236 0
    endloop
  endfacet
  facet normal -0.996917 0.0784585 0
    outer loop
      vertex 7.96922 10.6089 0
      vertex 8 11 3
      vertex 8 11 0
    endloop
  endfacet
  facet normal -0.996917 0.0784585 0
    outer loop
      vertex 8 11 3
      vertex 7.96922 10.6089 0
      vertex 7.96922 10.6089 3
    endloop
  endfacet
  facet normal -0.760409 -0.649445 0
    outer loop
      vertex 7.52254 12.4695 0
      vertex 7.26777 12.7678 3
      vertex 7.26777 12.7678 0
    endloop
  endfacet
  facet normal -0.760409 -0.649445 0
    outer loop
      vertex 7.26777 12.7678 3
      vertex 7.52254 12.4695 0
      vertex 7.52254 12.4695 3
    endloop
  endfacet
  facet normal 0.852628 0.522518 0
    outer loop
      vertex 3.47746 9.53054 3
      vertex 3.27248 9.86502 0
      vertex 3.27248 9.86502 3
    endloop
  endfacet
  facet normal 0.852628 0.522518 0
    outer loop
      vertex 3.27248 9.86502 0
      vertex 3.47746 9.53054 3
      vertex 3.47746 9.53054 0
    endloop
  endfacet
  facet normal 0.972362 0.233479 0
    outer loop
      vertex 3.12236 10.2275 3
      vertex 3.03078 10.6089 0
      vertex 3.03078 10.6089 3
    endloop
  endfacet
  facet normal 0.972362 0.233479 0
    outer loop
      vertex 3.03078 10.6089 0
      vertex 3.12236 10.2275 3
      vertex 3.12236 10.2275 0
    endloop
  endfacet
  facet normal -0.852628 0.522518 0
    outer loop
      vertex 7.52254 9.53054 0
      vertex 7.72752 9.86502 3
      vertex 7.72752 9.86502 0
    endloop
  endfacet
  facet normal -0.852628 0.522518 0
    outer loop
      vertex 7.72752 9.86502 3
      vertex 7.52254 9.53054 0
      vertex 7.52254 9.53054 3
    endloop
  endfacet
  facet normal 0.972362 -0.233479 0
    outer loop
      vertex 3.03078 11.3911 3
      vertex 3.12236 11.7725 0
      vertex 3.12236 11.7725 3
    endloop
  endfacet
  facet normal 0.972362 -0.233479 0
    outer loop
      vertex 3.12236 11.7725 0
      vertex 3.03078 11.3911 3
      vertex 3.03078 11.3911 0
    endloop
  endfacet
  facet normal 0.923909 -0.382613 0
    outer loop
      vertex 3.12236 11.7725 3
      vertex 3.27248 12.135 0
      vertex 3.27248 12.135 3
    endloop
  endfacet
  facet normal 0.923909 -0.382613 0
    outer loop
      vertex 3.27248 12.135 0
      vertex 3.12236 11.7725 3
      vertex 3.12236 11.7725 0
    endloop
  endfacet
  facet normal -0.923901 0.382631 0
    outer loop
      vertex 7.72752 9.86502 0
      vertex 7.87764 10.2275 3
      vertex 7.87764 10.2275 0
    endloop
  endfacet
  facet normal -0.923901 0.382631 0
    outer loop
      vertex 7.87764 10.2275 3
      vertex 7.72752 9.86502 0
      vertex 7.72752 9.86502 3
    endloop
  endfacet
  facet normal -0.382623 -0.923904 0
    outer loop
      vertex 6.27254 13.3776 0
      vertex 6.63498 13.2275 3
      vertex 6.27254 13.3776 3
    endloop
  endfacet
  facet normal -0.382623 -0.923904 -0
    outer loop
      vertex 6.63498 13.2275 3
      vertex 6.27254 13.3776 0
      vertex 6.63498 13.2275 0
    endloop
  endfacet
  facet normal 0.923901 0.382631 0
    outer loop
      vertex 3.27248 9.86502 3
      vertex 3.12236 10.2275 0
      vertex 3.12236 10.2275 3
    endloop
  endfacet
  facet normal 0.923901 0.382631 0
    outer loop
      vertex 3.12236 10.2275 0
      vertex 3.27248 9.86502 3
      vertex 3.27248 9.86502 0
    endloop
  endfacet
  facet normal -0.233498 -0.972357 0
    outer loop
      vertex 5.89109 13.4692 0
      vertex 6.27254 13.3776 3
      vertex 5.89109 13.4692 3
    endloop
  endfacet
  facet normal -0.233498 -0.972357 -0
    outer loop
      vertex 6.27254 13.3776 3
      vertex 5.89109 13.4692 0
      vertex 6.27254 13.3776 0
    endloop
  endfacet
  facet normal 0.996917 -0.0784585 0
    outer loop
      vertex 3 11 3
      vertex 3.03078 11.3911 0
      vertex 3.03078 11.3911 3
    endloop
  endfacet
  facet normal 0.996917 -0.0784585 0
    outer loop
      vertex 3.03078 11.3911 0
      vertex 3 11 3
      vertex 3 11 0
    endloop
  endfacet
  facet normal -0.852642 -0.522495 0
    outer loop
      vertex 7.72752 12.135 0
      vertex 7.52254 12.4695 3
      vertex 7.52254 12.4695 0
    endloop
  endfacet
  facet normal -0.852642 -0.522495 0
    outer loop
      vertex 7.52254 12.4695 3
      vertex 7.72752 12.135 0
      vertex 7.72752 12.135 3
    endloop
  endfacet
  facet normal -0.649432 0.76042 0
    outer loop
      vertex 7.26777 9.23223 0
      vertex 6.96946 8.97746 3
      vertex 7.26777 9.23223 3
    endloop
  endfacet
  facet normal -0.649432 0.76042 0
    outer loop
      vertex 6.96946 8.97746 3
      vertex 7.26777 9.23223 0
      vertex 6.96946 8.97746 0
    endloop
  endfacet
  facet normal 0.760409 -0.649445 0
    outer loop
      vertex 3.47746 12.4695 3
      vertex 3.73223 12.7678 0
      vertex 3.73223 12.7678 3
    endloop
  endfacet
  facet normal 0.760409 -0.649445 0
    outer loop
      vertex 3.73223 12.7678 0
      vertex 3.47746 12.4695 3
      vertex 3.47746 12.4695 0
    endloop
  endfacet
  facet normal 0.649329 -0.760508 0
    outer loop
      vertex 3.73223 12.7678 0
      vertex 4.03054 13.0225 3
      vertex 3.73223 12.7678 3
    endloop
  endfacet
  facet normal 0.649329 -0.760508 0
    outer loop
      vertex 4.03054 13.0225 3
      vertex 3.73223 12.7678 0
      vertex 4.03054 13.0225 0
    endloop
  endfacet
  facet normal -0.522555 -0.852606 0
    outer loop
      vertex 6.63498 13.2275 0
      vertex 6.96946 13.0225 3
      vertex 6.63498 13.2275 3
    endloop
  endfacet
  facet normal -0.522555 -0.852606 -0
    outer loop
      vertex 6.96946 13.0225 3
      vertex 6.63498 13.2275 0
      vertex 6.96946 13.0225 0
    endloop
  endfacet
  facet normal -0.972362 0.233479 0
    outer loop
      vertex 7.87764 10.2275 0
      vertex 7.96922 10.6089 3
      vertex 7.96922 10.6089 0
    endloop
  endfacet
  facet normal -0.972362 0.233479 0
    outer loop
      vertex 7.96922 10.6089 3
      vertex 7.87764 10.2275 0
      vertex 7.87764 10.2275 3
    endloop
  endfacet
  facet normal 0.382623 -0.923904 0
    outer loop
      vertex 4.36502 13.2275 0
      vertex 4.72746 13.3776 3
      vertex 4.36502 13.2275 3
    endloop
  endfacet
  facet normal 0.382623 -0.923904 0
    outer loop
      vertex 4.72746 13.3776 3
      vertex 4.36502 13.2275 0
      vertex 4.72746 13.3776 0
    endloop
  endfacet
  facet normal 0.233498 -0.972357 0
    outer loop
      vertex 4.72746 13.3776 0
      vertex 5.10891 13.4692 3
      vertex 4.72746 13.3776 3
    endloop
  endfacet
  facet normal 0.233498 -0.972357 0
    outer loop
      vertex 5.10891 13.4692 3
      vertex 4.72746 13.3776 0
      vertex 5.10891 13.4692 0
    endloop
  endfacet
  facet normal 0.852642 -0.522495 0
    outer loop
      vertex 3.27248 12.135 3
      vertex 3.47746 12.4695 0
      vertex 3.47746 12.4695 3
    endloop
  endfacet
  facet normal 0.852642 -0.522495 0
    outer loop
      vertex 3.47746 12.4695 0
      vertex 3.27248 12.135 3
      vertex 3.27248 12.135 0
    endloop
  endfacet
  facet normal 0.0784605 0.996917 -0
    outer loop
      vertex 5.5 8.5 0
      vertex 5.10891 8.53078 3
      vertex 5.5 8.5 3
    endloop
  endfacet
  facet normal 0.0784605 0.996917 0
    outer loop
      vertex 5.10891 8.53078 3
      vertex 5.5 8.5 0
      vertex 5.10891 8.53078 0
    endloop
  endfacet
  facet normal 0.649432 0.76042 -0
    outer loop
      vertex 4.03054 8.97746 0
      vertex 3.73223 9.23223 3
      vertex 4.03054 8.97746 3
    endloop
  endfacet
  facet normal 0.649432 0.76042 0
    outer loop
      vertex 3.73223 9.23223 3
      vertex 4.03054 8.97746 0
      vertex 3.73223 9.23223 0
    endloop
  endfacet
  facet normal -0.0785112 -0.996913 0
    outer loop
      vertex 5.5 13.5 0
      vertex 5.89109 13.4692 3
      vertex 5.5 13.5 3
    endloop
  endfacet
  facet normal -0.0785112 -0.996913 -0
    outer loop
      vertex 5.89109 13.4692 3
      vertex 5.5 13.5 0
      vertex 5.89109 13.4692 0
    endloop
  endfacet
  facet normal 0.0785112 -0.996913 0
    outer loop
      vertex 5.10891 13.4692 0
      vertex 5.5 13.5 3
      vertex 5.10891 13.4692 3
    endloop
  endfacet
  facet normal 0.0785112 -0.996913 0
    outer loop
      vertex 5.5 13.5 3
      vertex 5.10891 13.4692 0
      vertex 5.5 13.5 0
    endloop
  endfacet
  facet normal -0.522518 0.852628 0
    outer loop
      vertex 6.96946 8.97746 0
      vertex 6.63498 8.77248 3
      vertex 6.96946 8.97746 3
    endloop
  endfacet
  facet normal -0.522518 0.852628 0
    outer loop
      vertex 6.63498 8.77248 3
      vertex 6.96946 8.97746 0
      vertex 6.63498 8.77248 0
    endloop
  endfacet
  facet normal 0.996917 0.0784585 0
    outer loop
      vertex 3.03078 10.6089 3
      vertex 3 11 0
      vertex 3 11 3
    endloop
  endfacet
  facet normal 0.996917 0.0784585 0
    outer loop
      vertex 3 11 0
      vertex 3.03078 10.6089 3
      vertex 3.03078 10.6089 0
    endloop
  endfacet
  facet normal 0.23345 0.972369 -0
    outer loop
      vertex 5.10891 8.53078 0
      vertex 4.72746 8.62236 3
      vertex 5.10891 8.53078 3
    endloop
  endfacet
  facet normal 0.23345 0.972369 0
    outer loop
      vertex 4.72746 8.62236 3
      vertex 5.10891 8.53078 0
      vertex 4.72746 8.62236 0
    endloop
  endfacet
  facet normal 0.522555 -0.852606 0
    outer loop
      vertex 4.03054 13.0225 0
      vertex 4.36502 13.2275 3
      vertex 4.03054 13.0225 3
    endloop
  endfacet
  facet normal 0.522555 -0.852606 0
    outer loop
      vertex 4.36502 13.2275 3
      vertex 4.03054 13.0225 0
      vertex 4.36502 13.2275 0
    endloop
  endfacet
  facet normal -0.97235 -0.233527 0
    outer loop
      vertex 18.9692 -10.6089 0
      vertex 18.8776 -10.2275 3
      vertex 18.8776 -10.2275 0
    endloop
  endfacet
  facet normal -0.97235 -0.233527 0
    outer loop
      vertex 18.8776 -10.2275 3
      vertex 18.9692 -10.6089 0
      vertex 18.9692 -10.6089 3
    endloop
  endfacet
  facet normal -0.996913 -0.0785092 0
    outer loop
      vertex 19 -11 0
      vertex 18.9692 -10.6089 3
      vertex 18.9692 -10.6089 0
    endloop
  endfacet
  facet normal -0.996913 -0.0785092 0
    outer loop
      vertex 18.9692 -10.6089 3
      vertex 19 -11 0
      vertex 19 -11 3
    endloop
  endfacet
  facet normal -0.923919 -0.382587 0
    outer loop
      vertex 18.8776 -10.2275 0
      vertex 18.7275 -9.86502 3
      vertex 18.7275 -9.86502 0
    endloop
  endfacet
  facet normal -0.923919 -0.382587 0
    outer loop
      vertex 18.7275 -9.86502 3
      vertex 18.8776 -10.2275 0
      vertex 18.8776 -10.2275 3
    endloop
  endfacet
  facet normal -0.233479 -0.972362 0
    outer loop
      vertex 16.8911 -8.53078 0
      vertex 17.2725 -8.62236 3
      vertex 16.8911 -8.53078 3
    endloop
  endfacet
  facet normal -0.233479 -0.972362 -0
    outer loop
      vertex 17.2725 -8.62236 3
      vertex 16.8911 -8.53078 0
      vertex 17.2725 -8.62236 0
    endloop
  endfacet
  facet normal -0.852606 -0.522555 0
    outer loop
      vertex 18.7275 -9.86502 0
      vertex 18.5225 -9.53054 3
      vertex 18.5225 -9.53054 0
    endloop
  endfacet
  facet normal -0.852606 -0.522555 0
    outer loop
      vertex 18.5225 -9.53054 3
      vertex 18.7275 -9.86502 0
      vertex 18.7275 -9.86502 3
    endloop
  endfacet
  facet normal 0.923927 0.382569 0
    outer loop
      vertex 14.2725 -12.135 3
      vertex 14.1224 -11.7725 0
      vertex 14.1224 -11.7725 3
    endloop
  endfacet
  facet normal 0.923927 0.382569 0
    outer loop
      vertex 14.1224 -11.7725 0
      vertex 14.2725 -12.135 3
      vertex 14.2725 -12.135 0
    endloop
  endfacet
  facet normal 0.233479 -0.972362 0
    outer loop
      vertex 15.7275 -8.62236 0
      vertex 16.1089 -8.53078 3
      vertex 15.7275 -8.62236 3
    endloop
  endfacet
  facet normal 0.233479 -0.972362 0
    outer loop
      vertex 16.1089 -8.53078 3
      vertex 15.7275 -8.62236 0
      vertex 16.1089 -8.53078 0
    endloop
  endfacet
  facet normal -0.233527 0.97235 0
    outer loop
      vertex 17.2725 -13.3776 0
      vertex 16.8911 -13.4692 3
      vertex 17.2725 -13.3776 3
    endloop
  endfacet
  facet normal -0.233527 0.97235 0
    outer loop
      vertex 16.8911 -13.4692 3
      vertex 17.2725 -13.3776 0
      vertex 16.8911 -13.4692 0
    endloop
  endfacet
  facet normal -0.97235 0.233527 0
    outer loop
      vertex 18.8776 -11.7725 0
      vertex 18.9692 -11.3911 3
      vertex 18.9692 -11.3911 0
    endloop
  endfacet
  facet normal -0.97235 0.233527 0
    outer loop
      vertex 18.9692 -11.3911 3
      vertex 18.8776 -11.7725 0
      vertex 18.8776 -11.7725 3
    endloop
  endfacet
  facet normal 0.382569 0.923927 -0
    outer loop
      vertex 15.7275 -13.3776 0
      vertex 15.365 -13.2275 3
      vertex 15.7275 -13.3776 3
    endloop
  endfacet
  facet normal 0.382569 0.923927 0
    outer loop
      vertex 15.365 -13.2275 3
      vertex 15.7275 -13.3776 0
      vertex 15.365 -13.2275 0
    endloop
  endfacet
  facet normal 0.760508 -0.649329 0
    outer loop
      vertex 14.4775 -9.53054 3
      vertex 14.7322 -9.23223 0
      vertex 14.7322 -9.23223 3
    endloop
  endfacet
  facet normal 0.760508 -0.649329 0
    outer loop
      vertex 14.7322 -9.23223 0
      vertex 14.4775 -9.53054 3
      vertex 14.4775 -9.53054 0
    endloop
  endfacet
  facet normal 0.97235 -0.233527 0
    outer loop
      vertex 14.0308 -10.6089 3
      vertex 14.1224 -10.2275 0
      vertex 14.1224 -10.2275 3
    endloop
  endfacet
  facet normal 0.97235 -0.233527 0
    outer loop
      vertex 14.1224 -10.2275 0
      vertex 14.0308 -10.6089 3
      vertex 14.0308 -10.6089 0
    endloop
  endfacet
  facet normal -0.0785092 0.996913 0
    outer loop
      vertex 16.8911 -13.4692 0
      vertex 16.5 -13.5 3
      vertex 16.8911 -13.4692 3
    endloop
  endfacet
  facet normal -0.0785092 0.996913 0
    outer loop
      vertex 16.5 -13.5 3
      vertex 16.8911 -13.4692 0
      vertex 16.5 -13.5 0
    endloop
  endfacet
  facet normal 0.382613 -0.923909 0
    outer loop
      vertex 15.365 -8.77248 0
      vertex 15.7275 -8.62236 3
      vertex 15.365 -8.77248 3
    endloop
  endfacet
  facet normal 0.382613 -0.923909 0
    outer loop
      vertex 15.7275 -8.62236 3
      vertex 15.365 -8.77248 0
      vertex 15.7275 -8.62236 0
    endloop
  endfacet
  facet normal 0.996913 0.0785092 0
    outer loop
      vertex 14.0308 -11.3911 3
      vertex 14 -11 0
      vertex 14 -11 3
    endloop
  endfacet
  facet normal 0.996913 0.0785092 0
    outer loop
      vertex 14 -11 0
      vertex 14.0308 -11.3911 3
      vertex 14.0308 -11.3911 0
    endloop
  endfacet
  facet normal -0.0784585 -0.996917 0
    outer loop
      vertex 16.5 -8.5 0
      vertex 16.8911 -8.53078 3
      vertex 16.5 -8.5 3
    endloop
  endfacet
  facet normal -0.0784585 -0.996917 -0
    outer loop
      vertex 16.8911 -8.53078 3
      vertex 16.5 -8.5 0
      vertex 16.8911 -8.53078 0
    endloop
  endfacet
  facet normal -0.996913 0.0785092 0
    outer loop
      vertex 18.9692 -11.3911 0
      vertex 19 -11 3
      vertex 19 -11 0
    endloop
  endfacet
  facet normal -0.996913 0.0785092 0
    outer loop
      vertex 19 -11 3
      vertex 18.9692 -11.3911 0
      vertex 18.9692 -11.3911 3
    endloop
  endfacet
  facet normal -0.382613 -0.923909 0
    outer loop
      vertex 17.2725 -8.62236 0
      vertex 17.635 -8.77248 3
      vertex 17.2725 -8.62236 3
    endloop
  endfacet
  facet normal -0.382613 -0.923909 -0
    outer loop
      vertex 17.635 -8.77248 3
      vertex 17.2725 -8.62236 0
      vertex 17.635 -8.77248 0
    endloop
  endfacet
  facet normal 0.760497 0.649342 0
    outer loop
      vertex 14.7322 -12.7678 3
      vertex 14.4775 -12.4695 0
      vertex 14.4775 -12.4695 3
    endloop
  endfacet
  facet normal 0.760497 0.649342 0
    outer loop
      vertex 14.4775 -12.4695 0
      vertex 14.7322 -12.7678 3
      vertex 14.7322 -12.7678 0
    endloop
  endfacet
  facet normal -0.923927 0.382569 0
    outer loop
      vertex 18.7275 -12.135 0
      vertex 18.8776 -11.7725 3
      vertex 18.8776 -11.7725 0
    endloop
  endfacet
  facet normal -0.923927 0.382569 0
    outer loop
      vertex 18.8776 -11.7725 3
      vertex 18.7275 -12.135 0
      vertex 18.7275 -12.135 3
    endloop
  endfacet
  facet normal -0.85262 0.522532 0
    outer loop
      vertex 18.5225 -12.4695 0
      vertex 18.7275 -12.135 3
      vertex 18.7275 -12.135 0
    endloop
  endfacet
  facet normal -0.85262 0.522532 0
    outer loop
      vertex 18.7275 -12.135 3
      vertex 18.5225 -12.4695 0
      vertex 18.5225 -12.4695 3
    endloop
  endfacet
  facet normal -0.382569 0.923927 0
    outer loop
      vertex 17.635 -13.2275 0
      vertex 17.2725 -13.3776 3
      vertex 17.635 -13.2275 3
    endloop
  endfacet
  facet normal -0.382569 0.923927 0
    outer loop
      vertex 17.2725 -13.3776 3
      vertex 17.635 -13.2275 0
      vertex 17.2725 -13.3776 0
    endloop
  endfacet
  facet normal -0.649445 -0.760409 0
    outer loop
      vertex 17.9695 -8.97746 0
      vertex 18.2678 -9.23223 3
      vertex 17.9695 -8.97746 3
    endloop
  endfacet
  facet normal -0.649445 -0.760409 -0
    outer loop
      vertex 18.2678 -9.23223 3
      vertex 17.9695 -8.97746 0
      vertex 18.2678 -9.23223 0
    endloop
  endfacet
  facet normal 0.649445 -0.760409 0
    outer loop
      vertex 14.7322 -9.23223 0
      vertex 15.0305 -8.97746 3
      vertex 14.7322 -9.23223 3
    endloop
  endfacet
  facet normal 0.649445 -0.760409 0
    outer loop
      vertex 15.0305 -8.97746 3
      vertex 14.7322 -9.23223 0
      vertex 15.0305 -8.97746 0
    endloop
  endfacet
  facet normal -0.522495 -0.852642 0
    outer loop
      vertex 17.635 -8.77248 0
      vertex 17.9695 -8.97746 3
      vertex 17.635 -8.77248 3
    endloop
  endfacet
  facet normal -0.522495 -0.852642 -0
    outer loop
      vertex 17.9695 -8.97746 3
      vertex 17.635 -8.77248 0
      vertex 17.9695 -8.97746 0
    endloop
  endfacet
  facet normal 0.233527 0.97235 -0
    outer loop
      vertex 16.1089 -13.4692 0
      vertex 15.7275 -13.3776 3
      vertex 16.1089 -13.4692 3
    endloop
  endfacet
  facet normal 0.233527 0.97235 0
    outer loop
      vertex 15.7275 -13.3776 3
      vertex 16.1089 -13.4692 0
      vertex 15.7275 -13.3776 0
    endloop
  endfacet
  facet normal -0.760508 -0.649329 0
    outer loop
      vertex 18.5225 -9.53054 0
      vertex 18.2678 -9.23223 3
      vertex 18.2678 -9.23223 0
    endloop
  endfacet
  facet normal -0.760508 -0.649329 0
    outer loop
      vertex 18.2678 -9.23223 3
      vertex 18.5225 -9.53054 0
      vertex 18.5225 -9.53054 3
    endloop
  endfacet
  facet normal 0.522532 0.85262 -0
    outer loop
      vertex 15.365 -13.2275 0
      vertex 15.0305 -13.0225 3
      vertex 15.365 -13.2275 3
    endloop
  endfacet
  facet normal 0.522532 0.85262 0
    outer loop
      vertex 15.0305 -13.0225 3
      vertex 15.365 -13.2275 0
      vertex 15.0305 -13.0225 0
    endloop
  endfacet
  facet normal 0.97235 0.233527 0
    outer loop
      vertex 14.1224 -11.7725 3
      vertex 14.0308 -11.3911 0
      vertex 14.0308 -11.3911 3
    endloop
  endfacet
  facet normal 0.97235 0.233527 0
    outer loop
      vertex 14.0308 -11.3911 0
      vertex 14.1224 -11.7725 3
      vertex 14.1224 -11.7725 0
    endloop
  endfacet
  facet normal -0.649342 0.760497 0
    outer loop
      vertex 18.2678 -12.7678 0
      vertex 17.9695 -13.0225 3
      vertex 18.2678 -12.7678 3
    endloop
  endfacet
  facet normal -0.649342 0.760497 0
    outer loop
      vertex 17.9695 -13.0225 3
      vertex 18.2678 -12.7678 0
      vertex 17.9695 -13.0225 0
    endloop
  endfacet
  facet normal 0.0785092 0.996913 -0
    outer loop
      vertex 16.5 -13.5 0
      vertex 16.1089 -13.4692 3
      vertex 16.5 -13.5 3
    endloop
  endfacet
  facet normal 0.0785092 0.996913 0
    outer loop
      vertex 16.1089 -13.4692 3
      vertex 16.5 -13.5 0
      vertex 16.1089 -13.4692 0
    endloop
  endfacet
  facet normal -0.522532 0.85262 0
    outer loop
      vertex 17.9695 -13.0225 0
      vertex 17.635 -13.2275 3
      vertex 17.9695 -13.0225 3
    endloop
  endfacet
  facet normal -0.522532 0.85262 0
    outer loop
      vertex 17.635 -13.2275 3
      vertex 17.9695 -13.0225 0
      vertex 17.635 -13.2275 0
    endloop
  endfacet
  facet normal 0.0784585 -0.996917 0
    outer loop
      vertex 16.1089 -8.53078 0
      vertex 16.5 -8.5 3
      vertex 16.1089 -8.53078 3
    endloop
  endfacet
  facet normal 0.0784585 -0.996917 0
    outer loop
      vertex 16.5 -8.5 3
      vertex 16.1089 -8.53078 0
      vertex 16.5 -8.5 0
    endloop
  endfacet
  facet normal -0.760497 0.649342 0
    outer loop
      vertex 18.2678 -12.7678 0
      vertex 18.5225 -12.4695 3
      vertex 18.5225 -12.4695 0
    endloop
  endfacet
  facet normal -0.760497 0.649342 0
    outer loop
      vertex 18.5225 -12.4695 3
      vertex 18.2678 -12.7678 0
      vertex 18.2678 -12.7678 3
    endloop
  endfacet
  facet normal 0.85262 0.522532 0
    outer loop
      vertex 14.4775 -12.4695 3
      vertex 14.2725 -12.135 0
      vertex 14.2725 -12.135 3
    endloop
  endfacet
  facet normal 0.85262 0.522532 0
    outer loop
      vertex 14.2725 -12.135 0
      vertex 14.4775 -12.4695 3
      vertex 14.4775 -12.4695 0
    endloop
  endfacet
  facet normal 0.649342 0.760497 -0
    outer loop
      vertex 15.0305 -13.0225 0
      vertex 14.7322 -12.7678 3
      vertex 15.0305 -13.0225 3
    endloop
  endfacet
  facet normal 0.649342 0.760497 0
    outer loop
      vertex 14.7322 -12.7678 3
      vertex 15.0305 -13.0225 0
      vertex 14.7322 -12.7678 0
    endloop
  endfacet
  facet normal 0.996913 -0.0785092 0
    outer loop
      vertex 14 -11 3
      vertex 14.0308 -10.6089 0
      vertex 14.0308 -10.6089 3
    endloop
  endfacet
  facet normal 0.996913 -0.0785092 0
    outer loop
      vertex 14.0308 -10.6089 0
      vertex 14 -11 3
      vertex 14 -11 0
    endloop
  endfacet
  facet normal 0.923919 -0.382587 0
    outer loop
      vertex 14.1224 -10.2275 3
      vertex 14.2725 -9.86502 0
      vertex 14.2725 -9.86502 3
    endloop
  endfacet
  facet normal 0.923919 -0.382587 0
    outer loop
      vertex 14.2725 -9.86502 0
      vertex 14.1224 -10.2275 3
      vertex 14.1224 -10.2275 0
    endloop
  endfacet
  facet normal 0.852606 -0.522555 0
    outer loop
      vertex 14.2725 -9.86502 3
      vertex 14.4775 -9.53054 0
      vertex 14.4775 -9.53054 3
    endloop
  endfacet
  facet normal 0.852606 -0.522555 0
    outer loop
      vertex 14.4775 -9.53054 0
      vertex 14.2725 -9.86502 3
      vertex 14.2725 -9.86502 0
    endloop
  endfacet
  facet normal 0.522495 -0.852642 0
    outer loop
      vertex 15.0305 -8.97746 0
      vertex 15.365 -8.77248 3
      vertex 15.0305 -8.97746 3
    endloop
  endfacet
  facet normal 0.522495 -0.852642 0
    outer loop
      vertex 15.365 -8.77248 3
      vertex 15.0305 -8.97746 0
      vertex 15.365 -8.77248 0
    endloop
  endfacet
  facet normal -0.972358 -0.233495 0
    outer loop
      vertex 18.9692 0.391086 0
      vertex 18.8776 0.772542 3
      vertex 18.8776 0.772542 0
    endloop
  endfacet
  facet normal -0.972358 -0.233495 0
    outer loop
      vertex 18.8776 0.772542 3
      vertex 18.9692 0.391086 0
      vertex 18.9692 0.391086 3
    endloop
  endfacet
  facet normal -0.996913 -0.078512 0
    outer loop
      vertex 19 0 0
      vertex 18.9692 0.391086 3
      vertex 18.9692 0.391086 0
    endloop
  endfacet
  facet normal -0.996913 -0.078512 0
    outer loop
      vertex 18.9692 0.391086 3
      vertex 19 0 0
      vertex 19 0 3
    endloop
  endfacet
  facet normal -0.923904 -0.382625 0
    outer loop
      vertex 18.8776 0.772542 0
      vertex 18.7275 1.13498 3
      vertex 18.7275 1.13498 0
    endloop
  endfacet
  facet normal -0.923904 -0.382625 0
    outer loop
      vertex 18.7275 1.13498 3
      vertex 18.8776 0.772542 0
      vertex 18.8776 0.772542 3
    endloop
  endfacet
  facet normal -0.852606 -0.522555 0
    outer loop
      vertex 18.7275 1.13498 0
      vertex 18.5225 1.46946 3
      vertex 18.5225 1.46946 0
    endloop
  endfacet
  facet normal -0.852606 -0.522555 0
    outer loop
      vertex 18.5225 1.46946 3
      vertex 18.7275 1.13498 0
      vertex 18.7275 1.13498 3
    endloop
  endfacet
  facet normal 0.233479 -0.972362 0
    outer loop
      vertex 15.7275 2.37764 0
      vertex 16.1089 2.46922 3
      vertex 15.7275 2.37764 3
    endloop
  endfacet
  facet normal 0.233479 -0.972362 0
    outer loop
      vertex 16.1089 2.46922 3
      vertex 15.7275 2.37764 0
      vertex 16.1089 2.46922 0
    endloop
  endfacet
  facet normal -0.233479 0.972362 0
    outer loop
      vertex 17.2725 -2.37764 0
      vertex 16.8911 -2.46922 3
      vertex 17.2725 -2.37764 3
    endloop
  endfacet
  facet normal -0.233479 0.972362 0
    outer loop
      vertex 16.8911 -2.46922 3
      vertex 17.2725 -2.37764 0
      vertex 16.8911 -2.46922 0
    endloop
  endfacet
  facet normal -0.972358 0.233495 0
    outer loop
      vertex 18.8776 -0.772542 0
      vertex 18.9692 -0.391086 3
      vertex 18.9692 -0.391086 0
    endloop
  endfacet
  facet normal -0.972358 0.233495 0
    outer loop
      vertex 18.9692 -0.391086 3
      vertex 18.8776 -0.772542 0
      vertex 18.8776 -0.772542 3
    endloop
  endfacet
  facet normal -0.649445 0.760409 0
    outer loop
      vertex 18.2678 -1.76777 0
      vertex 17.9695 -2.02254 3
      vertex 18.2678 -1.76777 3
    endloop
  endfacet
  facet normal -0.649445 0.760409 0
    outer loop
      vertex 17.9695 -2.02254 3
      vertex 18.2678 -1.76777 0
      vertex 17.9695 -2.02254 0
    endloop
  endfacet
  facet normal 0.760508 -0.649329 0
    outer loop
      vertex 14.4775 1.46946 3
      vertex 14.7322 1.76777 0
      vertex 14.7322 1.76777 3
    endloop
  endfacet
  facet normal 0.760508 -0.649329 0
    outer loop
      vertex 14.7322 1.76777 0
      vertex 14.4775 1.46946 3
      vertex 14.4775 1.46946 0
    endloop
  endfacet
  facet normal 0.972358 -0.233495 0
    outer loop
      vertex 14.0308 0.391086 3
      vertex 14.1224 0.772542 0
      vertex 14.1224 0.772542 3
    endloop
  endfacet
  facet normal 0.972358 -0.233495 0
    outer loop
      vertex 14.1224 0.772542 0
      vertex 14.0308 0.391086 3
      vertex 14.0308 0.391086 0
    endloop
  endfacet
  facet normal 0.923904 0.382625 0
    outer loop
      vertex 14.2725 -1.13498 3
      vertex 14.1224 -0.772542 0
      vertex 14.1224 -0.772542 3
    endloop
  endfacet
  facet normal 0.923904 0.382625 0
    outer loop
      vertex 14.1224 -0.772542 0
      vertex 14.2725 -1.13498 3
      vertex 14.2725 -1.13498 0
    endloop
  endfacet
  facet normal 0.382613 0.923909 -0
    outer loop
      vertex 15.7275 -2.37764 0
      vertex 15.365 -2.22752 3
      vertex 15.7275 -2.37764 3
    endloop
  endfacet
  facet normal 0.382613 0.923909 0
    outer loop
      vertex 15.365 -2.22752 3
      vertex 15.7275 -2.37764 0
      vertex 15.365 -2.22752 0
    endloop
  endfacet
  facet normal -0.0784585 -0.996917 0
    outer loop
      vertex 16.5 2.5 0
      vertex 16.8911 2.46922 3
      vertex 16.5 2.5 3
    endloop
  endfacet
  facet normal -0.0784585 -0.996917 -0
    outer loop
      vertex 16.8911 2.46922 3
      vertex 16.5 2.5 0
      vertex 16.8911 2.46922 0
    endloop
  endfacet
  facet normal -0.0784585 0.996917 0
    outer loop
      vertex 16.8911 -2.46922 0
      vertex 16.5 -2.5 3
      vertex 16.8911 -2.46922 3
    endloop
  endfacet
  facet normal -0.0784585 0.996917 0
    outer loop
      vertex 16.5 -2.5 3
      vertex 16.8911 -2.46922 0
      vertex 16.5 -2.5 0
    endloop
  endfacet
  facet normal 0.649445 -0.760409 0
    outer loop
      vertex 14.7322 1.76777 0
      vertex 15.0305 2.02254 3
      vertex 14.7322 1.76777 3
    endloop
  endfacet
  facet normal 0.649445 -0.760409 0
    outer loop
      vertex 15.0305 2.02254 3
      vertex 14.7322 1.76777 0
      vertex 15.0305 2.02254 0
    endloop
  endfacet
  facet normal 0.996913 0.078512 0
    outer loop
      vertex 14.0308 -0.391086 3
      vertex 14 0 0
      vertex 14 0 3
    endloop
  endfacet
  facet normal 0.996913 0.078512 0
    outer loop
      vertex 14 0 0
      vertex 14.0308 -0.391086 3
      vertex 14.0308 -0.391086 0
    endloop
  endfacet
  facet normal 0.382613 -0.923909 0
    outer loop
      vertex 15.365 2.22752 0
      vertex 15.7275 2.37764 3
      vertex 15.365 2.22752 3
    endloop
  endfacet
  facet normal 0.382613 -0.923909 0
    outer loop
      vertex 15.7275 2.37764 3
      vertex 15.365 2.22752 0
      vertex 15.7275 2.37764 0
    endloop
  endfacet
  facet normal -0.996913 0.078512 0
    outer loop
      vertex 18.9692 -0.391086 0
      vertex 19 0 3
      vertex 19 0 0
    endloop
  endfacet
  facet normal -0.996913 0.078512 0
    outer loop
      vertex 19 0 3
      vertex 18.9692 -0.391086 0
      vertex 18.9692 -0.391086 3
    endloop
  endfacet
  facet normal -0.382613 -0.923909 0
    outer loop
      vertex 17.2725 2.37764 0
      vertex 17.635 2.22752 3
      vertex 17.2725 2.37764 3
    endloop
  endfacet
  facet normal -0.382613 -0.923909 -0
    outer loop
      vertex 17.635 2.22752 3
      vertex 17.2725 2.37764 0
      vertex 17.635 2.22752 0
    endloop
  endfacet
  facet normal 0.760508 0.649329 0
    outer loop
      vertex 14.7322 -1.76777 3
      vertex 14.4775 -1.46946 0
      vertex 14.4775 -1.46946 3
    endloop
  endfacet
  facet normal 0.760508 0.649329 0
    outer loop
      vertex 14.4775 -1.46946 0
      vertex 14.7322 -1.76777 3
      vertex 14.7322 -1.76777 0
    endloop
  endfacet
  facet normal -0.923904 0.382625 0
    outer loop
      vertex 18.7275 -1.13498 0
      vertex 18.8776 -0.772542 3
      vertex 18.8776 -0.772542 0
    endloop
  endfacet
  facet normal -0.923904 0.382625 0
    outer loop
      vertex 18.8776 -0.772542 3
      vertex 18.7275 -1.13498 0
      vertex 18.7275 -1.13498 3
    endloop
  endfacet
  facet normal 0.0784585 0.996917 -0
    outer loop
      vertex 16.5 -2.5 0
      vertex 16.1089 -2.46922 3
      vertex 16.5 -2.5 3
    endloop
  endfacet
  facet normal 0.0784585 0.996917 0
    outer loop
      vertex 16.1089 -2.46922 3
      vertex 16.5 -2.5 0
      vertex 16.1089 -2.46922 0
    endloop
  endfacet
  facet normal -0.852606 0.522555 0
    outer loop
      vertex 18.5225 -1.46946 0
      vertex 18.7275 -1.13498 3
      vertex 18.7275 -1.13498 0
    endloop
  endfacet
  facet normal -0.852606 0.522555 0
    outer loop
      vertex 18.7275 -1.13498 3
      vertex 18.5225 -1.46946 0
      vertex 18.5225 -1.46946 3
    endloop
  endfacet
  facet normal -0.382613 0.923909 0
    outer loop
      vertex 17.635 -2.22752 0
      vertex 17.2725 -2.37764 3
      vertex 17.635 -2.22752 3
    endloop
  endfacet
  facet normal -0.382613 0.923909 0
    outer loop
      vertex 17.2725 -2.37764 3
      vertex 17.635 -2.22752 0
      vertex 17.2725 -2.37764 0
    endloop
  endfacet
  facet normal -0.649445 -0.760409 0
    outer loop
      vertex 17.9695 2.02254 0
      vertex 18.2678 1.76777 3
      vertex 17.9695 2.02254 3
    endloop
  endfacet
  facet normal -0.649445 -0.760409 -0
    outer loop
      vertex 18.2678 1.76777 3
      vertex 17.9695 2.02254 0
      vertex 18.2678 1.76777 0
    endloop
  endfacet
  facet normal -0.522495 -0.852642 0
    outer loop
      vertex 17.635 2.22752 0
      vertex 17.9695 2.02254 3
      vertex 17.635 2.22752 3
    endloop
  endfacet
  facet normal -0.522495 -0.852642 -0
    outer loop
      vertex 17.9695 2.02254 3
      vertex 17.635 2.22752 0
      vertex 17.9695 2.02254 0
    endloop
  endfacet
  facet normal 0.0784585 -0.996917 0
    outer loop
      vertex 16.1089 2.46922 0
      vertex 16.5 2.5 3
      vertex 16.1089 2.46922 3
    endloop
  endfacet
  facet normal 0.0784585 -0.996917 0
    outer loop
      vertex 16.5 2.5 3
      vertex 16.1089 2.46922 0
      vertex 16.5 2.5 0
    endloop
  endfacet
  facet normal 0.996913 -0.078512 0
    outer loop
      vertex 14 0 3
      vertex 14.0308 0.391086 0
      vertex 14.0308 0.391086 3
    endloop
  endfacet
  facet normal 0.996913 -0.078512 0
    outer loop
      vertex 14.0308 0.391086 0
      vertex 14 0 3
      vertex 14 0 0
    endloop
  endfacet
  facet normal 0.233479 0.972362 -0
    outer loop
      vertex 16.1089 -2.46922 0
      vertex 15.7275 -2.37764 3
      vertex 16.1089 -2.46922 3
    endloop
  endfacet
  facet normal 0.233479 0.972362 0
    outer loop
      vertex 15.7275 -2.37764 3
      vertex 16.1089 -2.46922 0
      vertex 15.7275 -2.37764 0
    endloop
  endfacet
  facet normal 0.852606 0.522555 0
    outer loop
      vertex 14.4775 -1.46946 3
      vertex 14.2725 -1.13498 0
      vertex 14.2725 -1.13498 3
    endloop
  endfacet
  facet normal 0.852606 0.522555 0
    outer loop
      vertex 14.2725 -1.13498 0
      vertex 14.4775 -1.46946 3
      vertex 14.4775 -1.46946 0
    endloop
  endfacet
  facet normal -0.760508 -0.649329 0
    outer loop
      vertex 18.5225 1.46946 0
      vertex 18.2678 1.76777 3
      vertex 18.2678 1.76777 0
    endloop
  endfacet
  facet normal -0.760508 -0.649329 0
    outer loop
      vertex 18.2678 1.76777 3
      vertex 18.5225 1.46946 0
      vertex 18.5225 1.46946 3
    endloop
  endfacet
  facet normal 0.522495 0.852642 -0
    outer loop
      vertex 15.365 -2.22752 0
      vertex 15.0305 -2.02254 3
      vertex 15.365 -2.22752 3
    endloop
  endfacet
  facet normal 0.522495 0.852642 0
    outer loop
      vertex 15.0305 -2.02254 3
      vertex 15.365 -2.22752 0
      vertex 15.0305 -2.02254 0
    endloop
  endfacet
  facet normal 0.972358 0.233495 0
    outer loop
      vertex 14.1224 -0.772542 3
      vertex 14.0308 -0.391086 0
      vertex 14.0308 -0.391086 3
    endloop
  endfacet
  facet normal 0.972358 0.233495 0
    outer loop
      vertex 14.0308 -0.391086 0
      vertex 14.1224 -0.772542 3
      vertex 14.1224 -0.772542 0
    endloop
  endfacet
  facet normal -0.522495 0.852642 0
    outer loop
      vertex 17.9695 -2.02254 0
      vertex 17.635 -2.22752 3
      vertex 17.9695 -2.02254 3
    endloop
  endfacet
  facet normal -0.522495 0.852642 0
    outer loop
      vertex 17.635 -2.22752 3
      vertex 17.9695 -2.02254 0
      vertex 17.635 -2.22752 0
    endloop
  endfacet
  facet normal -0.233479 -0.972362 0
    outer loop
      vertex 16.8911 2.46922 0
      vertex 17.2725 2.37764 3
      vertex 16.8911 2.46922 3
    endloop
  endfacet
  facet normal -0.233479 -0.972362 -0
    outer loop
      vertex 17.2725 2.37764 3
      vertex 16.8911 2.46922 0
      vertex 17.2725 2.37764 0
    endloop
  endfacet
  facet normal 0.923904 -0.382625 0
    outer loop
      vertex 14.1224 0.772542 3
      vertex 14.2725 1.13498 0
      vertex 14.2725 1.13498 3
    endloop
  endfacet
  facet normal 0.923904 -0.382625 0
    outer loop
      vertex 14.2725 1.13498 0
      vertex 14.1224 0.772542 3
      vertex 14.1224 0.772542 0
    endloop
  endfacet
  facet normal -0.760508 0.649329 0
    outer loop
      vertex 18.2678 -1.76777 0
      vertex 18.5225 -1.46946 3
      vertex 18.5225 -1.46946 0
    endloop
  endfacet
  facet normal -0.760508 0.649329 0
    outer loop
      vertex 18.5225 -1.46946 3
      vertex 18.2678 -1.76777 0
      vertex 18.2678 -1.76777 3
    endloop
  endfacet
  facet normal 0.649445 0.760409 -0
    outer loop
      vertex 15.0305 -2.02254 0
      vertex 14.7322 -1.76777 3
      vertex 15.0305 -2.02254 3
    endloop
  endfacet
  facet normal 0.649445 0.760409 0
    outer loop
      vertex 14.7322 -1.76777 3
      vertex 15.0305 -2.02254 0
      vertex 14.7322 -1.76777 0
    endloop
  endfacet
  facet normal 0.852606 -0.522555 0
    outer loop
      vertex 14.2725 1.13498 3
      vertex 14.4775 1.46946 0
      vertex 14.4775 1.46946 3
    endloop
  endfacet
  facet normal 0.852606 -0.522555 0
    outer loop
      vertex 14.4775 1.46946 0
      vertex 14.2725 1.13498 3
      vertex 14.2725 1.13498 0
    endloop
  endfacet
  facet normal 0.522495 -0.852642 0
    outer loop
      vertex 15.0305 2.02254 0
      vertex 15.365 2.22752 3
      vertex 15.0305 2.02254 3
    endloop
  endfacet
  facet normal 0.522495 -0.852642 0
    outer loop
      vertex 15.365 2.22752 3
      vertex 15.0305 2.02254 0
      vertex 15.365 2.22752 0
    endloop
  endfacet
  facet normal -0.233479 0.972362 0
    outer loop
      vertex 17.2725 8.62236 0
      vertex 16.8911 8.53078 3
      vertex 17.2725 8.62236 3
    endloop
  endfacet
  facet normal -0.233479 0.972362 0
    outer loop
      vertex 16.8911 8.53078 3
      vertex 17.2725 8.62236 0
      vertex 16.8911 8.53078 0
    endloop
  endfacet
  facet normal -0.97235 -0.233527 0
    outer loop
      vertex 18.9692 11.3911 0
      vertex 18.8776 11.7725 3
      vertex 18.8776 11.7725 0
    endloop
  endfacet
  facet normal -0.97235 -0.233527 0
    outer loop
      vertex 18.8776 11.7725 3
      vertex 18.9692 11.3911 0
      vertex 18.9692 11.3911 3
    endloop
  endfacet
  facet normal -0.996913 -0.0785092 0
    outer loop
      vertex 19 11 0
      vertex 18.9692 11.3911 3
      vertex 18.9692 11.3911 0
    endloop
  endfacet
  facet normal -0.996913 -0.0785092 0
    outer loop
      vertex 18.9692 11.3911 3
      vertex 19 11 0
      vertex 19 11 3
    endloop
  endfacet
  facet normal -0.923927 -0.382569 0
    outer loop
      vertex 18.8776 11.7725 0
      vertex 18.7275 12.135 3
      vertex 18.7275 12.135 0
    endloop
  endfacet
  facet normal -0.923927 -0.382569 0
    outer loop
      vertex 18.7275 12.135 3
      vertex 18.8776 11.7725 0
      vertex 18.8776 11.7725 3
    endloop
  endfacet
  facet normal -0.0784585 0.996917 0
    outer loop
      vertex 16.8911 8.53078 0
      vertex 16.5 8.5 3
      vertex 16.8911 8.53078 3
    endloop
  endfacet
  facet normal -0.0784585 0.996917 0
    outer loop
      vertex 16.5 8.5 3
      vertex 16.8911 8.53078 0
      vertex 16.5 8.5 0
    endloop
  endfacet
  facet normal 0.760508 0.649329 0
    outer loop
      vertex 14.7322 9.23223 3
      vertex 14.4775 9.53054 0
      vertex 14.4775 9.53054 3
    endloop
  endfacet
  facet normal 0.760508 0.649329 0
    outer loop
      vertex 14.4775 9.53054 0
      vertex 14.7322 9.23223 3
      vertex 14.7322 9.23223 0
    endloop
  endfacet
  facet normal -0.649342 -0.760497 0
    outer loop
      vertex 17.9695 13.0225 0
      vertex 18.2678 12.7678 3
      vertex 17.9695 13.0225 3
    endloop
  endfacet
  facet normal -0.649342 -0.760497 -0
    outer loop
      vertex 18.2678 12.7678 3
      vertex 17.9695 13.0225 0
      vertex 18.2678 12.7678 0
    endloop
  endfacet
  facet normal -0.760508 0.649329 0
    outer loop
      vertex 18.2678 9.23223 0
      vertex 18.5225 9.53054 3
      vertex 18.5225 9.53054 0
    endloop
  endfacet
  facet normal -0.760508 0.649329 0
    outer loop
      vertex 18.5225 9.53054 3
      vertex 18.2678 9.23223 0
      vertex 18.2678 9.23223 3
    endloop
  endfacet
  facet normal 0.382613 0.923909 -0
    outer loop
      vertex 15.7275 8.62236 0
      vertex 15.365 8.77248 3
      vertex 15.7275 8.62236 3
    endloop
  endfacet
  facet normal 0.382613 0.923909 0
    outer loop
      vertex 15.365 8.77248 3
      vertex 15.7275 8.62236 0
      vertex 15.365 8.77248 0
    endloop
  endfacet
  facet normal 0.522495 0.852642 -0
    outer loop
      vertex 15.365 8.77248 0
      vertex 15.0305 8.97746 3
      vertex 15.365 8.77248 3
    endloop
  endfacet
  facet normal 0.522495 0.852642 0
    outer loop
      vertex 15.0305 8.97746 3
      vertex 15.365 8.77248 0
      vertex 15.0305 8.97746 0
    endloop
  endfacet
  facet normal -0.382613 0.923909 0
    outer loop
      vertex 17.635 8.77248 0
      vertex 17.2725 8.62236 3
      vertex 17.635 8.77248 3
    endloop
  endfacet
  facet normal -0.382613 0.923909 0
    outer loop
      vertex 17.2725 8.62236 3
      vertex 17.635 8.77248 0
      vertex 17.2725 8.62236 0
    endloop
  endfacet
  facet normal -0.996913 0.0785092 0
    outer loop
      vertex 18.9692 10.6089 0
      vertex 19 11 3
      vertex 19 11 0
    endloop
  endfacet
  facet normal -0.996913 0.0785092 0
    outer loop
      vertex 19 11 3
      vertex 18.9692 10.6089 0
      vertex 18.9692 10.6089 3
    endloop
  endfacet
  facet normal -0.760497 -0.649342 0
    outer loop
      vertex 18.5225 12.4695 0
      vertex 18.2678 12.7678 3
      vertex 18.2678 12.7678 0
    endloop
  endfacet
  facet normal -0.760497 -0.649342 0
    outer loop
      vertex 18.2678 12.7678 3
      vertex 18.5225 12.4695 0
      vertex 18.5225 12.4695 3
    endloop
  endfacet
  facet normal 0.852606 0.522555 0
    outer loop
      vertex 14.4775 9.53054 3
      vertex 14.2725 9.86502 0
      vertex 14.2725 9.86502 3
    endloop
  endfacet
  facet normal 0.852606 0.522555 0
    outer loop
      vertex 14.2725 9.86502 0
      vertex 14.4775 9.53054 3
      vertex 14.4775 9.53054 0
    endloop
  endfacet
  facet normal 0.97235 0.233527 0
    outer loop
      vertex 14.1224 10.2275 3
      vertex 14.0308 10.6089 0
      vertex 14.0308 10.6089 3
    endloop
  endfacet
  facet normal 0.97235 0.233527 0
    outer loop
      vertex 14.0308 10.6089 0
      vertex 14.1224 10.2275 3
      vertex 14.1224 10.2275 0
    endloop
  endfacet
  facet normal -0.852606 0.522555 0
    outer loop
      vertex 18.5225 9.53054 0
      vertex 18.7275 9.86502 3
      vertex 18.7275 9.86502 0
    endloop
  endfacet
  facet normal -0.852606 0.522555 0
    outer loop
      vertex 18.7275 9.86502 3
      vertex 18.5225 9.53054 0
      vertex 18.5225 9.53054 3
    endloop
  endfacet
  facet normal 0.97235 -0.233527 0
    outer loop
      vertex 14.0308 11.3911 3
      vertex 14.1224 11.7725 0
      vertex 14.1224 11.7725 3
    endloop
  endfacet
  facet normal 0.97235 -0.233527 0
    outer loop
      vertex 14.1224 11.7725 0
      vertex 14.0308 11.3911 3
      vertex 14.0308 11.3911 0
    endloop
  endfacet
  facet normal 0.923927 -0.382569 0
    outer loop
      vertex 14.1224 11.7725 3
      vertex 14.2725 12.135 0
      vertex 14.2725 12.135 3
    endloop
  endfacet
  facet normal 0.923927 -0.382569 0
    outer loop
      vertex 14.2725 12.135 0
      vertex 14.1224 11.7725 3
      vertex 14.1224 11.7725 0
    endloop
  endfacet
  facet normal -0.923919 0.382587 0
    outer loop
      vertex 18.7275 9.86502 0
      vertex 18.8776 10.2275 3
      vertex 18.8776 10.2275 0
    endloop
  endfacet
  facet normal -0.923919 0.382587 0
    outer loop
      vertex 18.8776 10.2275 3
      vertex 18.7275 9.86502 0
      vertex 18.7275 9.86502 3
    endloop
  endfacet
  facet normal -0.382569 -0.923927 0
    outer loop
      vertex 17.2725 13.3776 0
      vertex 17.635 13.2275 3
      vertex 17.2725 13.3776 3
    endloop
  endfacet
  facet normal -0.382569 -0.923927 -0
    outer loop
      vertex 17.635 13.2275 3
      vertex 17.2725 13.3776 0
      vertex 17.635 13.2275 0
    endloop
  endfacet
  facet normal 0.923919 0.382587 0
    outer loop
      vertex 14.2725 9.86502 3
      vertex 14.1224 10.2275 0
      vertex 14.1224 10.2275 3
    endloop
  endfacet
  facet normal 0.923919 0.382587 0
    outer loop
      vertex 14.1224 10.2275 0
      vertex 14.2725 9.86502 3
      vertex 14.2725 9.86502 0
    endloop
  endfacet
  facet normal -0.233527 -0.97235 0
    outer loop
      vertex 16.8911 13.4692 0
      vertex 17.2725 13.3776 3
      vertex 16.8911 13.4692 3
    endloop
  endfacet
  facet normal -0.233527 -0.97235 -0
    outer loop
      vertex 17.2725 13.3776 3
      vertex 16.8911 13.4692 0
      vertex 17.2725 13.3776 0
    endloop
  endfacet
  facet normal 0.996913 -0.0785092 0
    outer loop
      vertex 14 11 3
      vertex 14.0308 11.3911 0
      vertex 14.0308 11.3911 3
    endloop
  endfacet
  facet normal 0.996913 -0.0785092 0
    outer loop
      vertex 14.0308 11.3911 0
      vertex 14 11 3
      vertex 14 11 0
    endloop
  endfacet
  facet normal -0.85262 -0.522532 0
    outer loop
      vertex 18.7275 12.135 0
      vertex 18.5225 12.4695 3
      vertex 18.5225 12.4695 0
    endloop
  endfacet
  facet normal -0.85262 -0.522532 0
    outer loop
      vertex 18.5225 12.4695 3
      vertex 18.7275 12.135 0
      vertex 18.7275 12.135 3
    endloop
  endfacet
  facet normal -0.649445 0.760409 0
    outer loop
      vertex 18.2678 9.23223 0
      vertex 17.9695 8.97746 3
      vertex 18.2678 9.23223 3
    endloop
  endfacet
  facet normal -0.649445 0.760409 0
    outer loop
      vertex 17.9695 8.97746 3
      vertex 18.2678 9.23223 0
      vertex 17.9695 8.97746 0
    endloop
  endfacet
  facet normal 0.760497 -0.649342 0
    outer loop
      vertex 14.4775 12.4695 3
      vertex 14.7322 12.7678 0
      vertex 14.7322 12.7678 3
    endloop
  endfacet
  facet normal 0.760497 -0.649342 0
    outer loop
      vertex 14.7322 12.7678 0
      vertex 14.4775 12.4695 3
      vertex 14.4775 12.4695 0
    endloop
  endfacet
  facet normal 0.649342 -0.760497 0
    outer loop
      vertex 14.7322 12.7678 0
      vertex 15.0305 13.0225 3
      vertex 14.7322 12.7678 3
    endloop
  endfacet
  facet normal 0.649342 -0.760497 0
    outer loop
      vertex 15.0305 13.0225 3
      vertex 14.7322 12.7678 0
      vertex 15.0305 13.0225 0
    endloop
  endfacet
  facet normal -0.522532 -0.85262 0
    outer loop
      vertex 17.635 13.2275 0
      vertex 17.9695 13.0225 3
      vertex 17.635 13.2275 3
    endloop
  endfacet
  facet normal -0.522532 -0.85262 -0
    outer loop
      vertex 17.9695 13.0225 3
      vertex 17.635 13.2275 0
      vertex 17.9695 13.0225 0
    endloop
  endfacet
  facet normal -0.97235 0.233527 0
    outer loop
      vertex 18.8776 10.2275 0
      vertex 18.9692 10.6089 3
      vertex 18.9692 10.6089 0
    endloop
  endfacet
  facet normal -0.97235 0.233527 0
    outer loop
      vertex 18.9692 10.6089 3
      vertex 18.8776 10.2275 0
      vertex 18.8776 10.2275 3
    endloop
  endfacet
  facet normal 0.382569 -0.923927 0
    outer loop
      vertex 15.365 13.2275 0
      vertex 15.7275 13.3776 3
      vertex 15.365 13.2275 3
    endloop
  endfacet
  facet normal 0.382569 -0.923927 0
    outer loop
      vertex 15.7275 13.3776 3
      vertex 15.365 13.2275 0
      vertex 15.7275 13.3776 0
    endloop
  endfacet
  facet normal 0.233527 -0.97235 0
    outer loop
      vertex 15.7275 13.3776 0
      vertex 16.1089 13.4692 3
      vertex 15.7275 13.3776 3
    endloop
  endfacet
  facet normal 0.233527 -0.97235 0
    outer loop
      vertex 16.1089 13.4692 3
      vertex 15.7275 13.3776 0
      vertex 16.1089 13.4692 0
    endloop
  endfacet
  facet normal 0.85262 -0.522532 0
    outer loop
      vertex 14.2725 12.135 3
      vertex 14.4775 12.4695 0
      vertex 14.4775 12.4695 3
    endloop
  endfacet
  facet normal 0.85262 -0.522532 0
    outer loop
      vertex 14.4775 12.4695 0
      vertex 14.2725 12.135 3
      vertex 14.2725 12.135 0
    endloop
  endfacet
  facet normal 0.0784585 0.996917 -0
    outer loop
      vertex 16.5 8.5 0
      vertex 16.1089 8.53078 3
      vertex 16.5 8.5 3
    endloop
  endfacet
  facet normal 0.0784585 0.996917 0
    outer loop
      vertex 16.1089 8.53078 3
      vertex 16.5 8.5 0
      vertex 16.1089 8.53078 0
    endloop
  endfacet
  facet normal 0.649445 0.760409 -0
    outer loop
      vertex 15.0305 8.97746 0
      vertex 14.7322 9.23223 3
      vertex 15.0305 8.97746 3
    endloop
  endfacet
  facet normal 0.649445 0.760409 0
    outer loop
      vertex 14.7322 9.23223 3
      vertex 15.0305 8.97746 0
      vertex 14.7322 9.23223 0
    endloop
  endfacet
  facet normal -0.0785092 -0.996913 0
    outer loop
      vertex 16.5 13.5 0
      vertex 16.8911 13.4692 3
      vertex 16.5 13.5 3
    endloop
  endfacet
  facet normal -0.0785092 -0.996913 -0
    outer loop
      vertex 16.8911 13.4692 3
      vertex 16.5 13.5 0
      vertex 16.8911 13.4692 0
    endloop
  endfacet
  facet normal 0.0785092 -0.996913 0
    outer loop
      vertex 16.1089 13.4692 0
      vertex 16.5 13.5 3
      vertex 16.1089 13.4692 3
    endloop
  endfacet
  facet normal 0.0785092 -0.996913 0
    outer loop
      vertex 16.5 13.5 3
      vertex 16.1089 13.4692 0
      vertex 16.5 13.5 0
    endloop
  endfacet
  facet normal -0.522495 0.852642 0
    outer loop
      vertex 17.9695 8.97746 0
      vertex 17.635 8.77248 3
      vertex 17.9695 8.97746 3
    endloop
  endfacet
  facet normal -0.522495 0.852642 0
    outer loop
      vertex 17.635 8.77248 3
      vertex 17.9695 8.97746 0
      vertex 17.635 8.77248 0
    endloop
  endfacet
  facet normal 0.996913 0.0785092 0
    outer loop
      vertex 14.0308 10.6089 3
      vertex 14 11 0
      vertex 14 11 3
    endloop
  endfacet
  facet normal 0.996913 0.0785092 0
    outer loop
      vertex 14 11 0
      vertex 14.0308 10.6089 3
      vertex 14.0308 10.6089 0
    endloop
  endfacet
  facet normal 0.233479 0.972362 -0
    outer loop
      vertex 16.1089 8.53078 0
      vertex 15.7275 8.62236 3
      vertex 16.1089 8.53078 3
    endloop
  endfacet
  facet normal 0.233479 0.972362 0
    outer loop
      vertex 15.7275 8.62236 3
      vertex 16.1089 8.53078 0
      vertex 15.7275 8.62236 0
    endloop
  endfacet
  facet normal 0.522532 -0.85262 0
    outer loop
      vertex 15.0305 13.0225 0
      vertex 15.365 13.2275 3
      vertex 15.0305 13.0225 3
    endloop
  endfacet
  facet normal 0.522532 -0.85262 0
    outer loop
      vertex 15.365 13.2275 3
      vertex 15.0305 13.0225 0
      vertex 15.365 13.2275 0
    endloop
  endfacet
  facet normal -0.97235 -0.233527 0
    outer loop
      vertex 29.9692 -10.6089 0
      vertex 29.8776 -10.2275 3
      vertex 29.8776 -10.2275 0
    endloop
  endfacet
  facet normal -0.97235 -0.233527 0
    outer loop
      vertex 29.8776 -10.2275 3
      vertex 29.9692 -10.6089 0
      vertex 29.9692 -10.6089 3
    endloop
  endfacet
  facet normal -0.996913 -0.0785092 0
    outer loop
      vertex 30 -11 0
      vertex 29.9692 -10.6089 3
      vertex 29.9692 -10.6089 0
    endloop
  endfacet
  facet normal -0.996913 -0.0785092 0
    outer loop
      vertex 29.9692 -10.6089 3
      vertex 30 -11 0
      vertex 30 -11 3
    endloop
  endfacet
  facet normal -0.923919 -0.382587 0
    outer loop
      vertex 29.8776 -10.2275 0
      vertex 29.7275 -9.86502 3
      vertex 29.7275 -9.86502 0
    endloop
  endfacet
  facet normal -0.923919 -0.382587 0
    outer loop
      vertex 29.7275 -9.86502 3
      vertex 29.8776 -10.2275 0
      vertex 29.8776 -10.2275 3
    endloop
  endfacet
  facet normal -0.233479 -0.972362 0
    outer loop
      vertex 27.8911 -8.53078 0
      vertex 28.2725 -8.62236 3
      vertex 27.8911 -8.53078 3
    endloop
  endfacet
  facet normal -0.233479 -0.972362 -0
    outer loop
      vertex 28.2725 -8.62236 3
      vertex 27.8911 -8.53078 0
      vertex 28.2725 -8.62236 0
    endloop
  endfacet
  facet normal -0.852606 -0.522555 0
    outer loop
      vertex 29.7275 -9.86502 0
      vertex 29.5225 -9.53054 3
      vertex 29.5225 -9.53054 0
    endloop
  endfacet
  facet normal -0.852606 -0.522555 0
    outer loop
      vertex 29.5225 -9.53054 3
      vertex 29.7275 -9.86502 0
      vertex 29.7275 -9.86502 3
    endloop
  endfacet
  facet normal 0.923927 0.382569 0
    outer loop
      vertex 25.2725 -12.135 3
      vertex 25.1224 -11.7725 0
      vertex 25.1224 -11.7725 3
    endloop
  endfacet
  facet normal 0.923927 0.382569 0
    outer loop
      vertex 25.1224 -11.7725 0
      vertex 25.2725 -12.135 3
      vertex 25.2725 -12.135 0
    endloop
  endfacet
  facet normal 0.233479 -0.972362 0
    outer loop
      vertex 26.7275 -8.62236 0
      vertex 27.1089 -8.53078 3
      vertex 26.7275 -8.62236 3
    endloop
  endfacet
  facet normal 0.233479 -0.972362 0
    outer loop
      vertex 27.1089 -8.53078 3
      vertex 26.7275 -8.62236 0
      vertex 27.1089 -8.53078 0
    endloop
  endfacet
  facet normal -0.233527 0.97235 0
    outer loop
      vertex 28.2725 -13.3776 0
      vertex 27.8911 -13.4692 3
      vertex 28.2725 -13.3776 3
    endloop
  endfacet
  facet normal -0.233527 0.97235 0
    outer loop
      vertex 27.8911 -13.4692 3
      vertex 28.2725 -13.3776 0
      vertex 27.8911 -13.4692 0
    endloop
  endfacet
  facet normal -0.97235 0.233527 0
    outer loop
      vertex 29.8776 -11.7725 0
      vertex 29.9692 -11.3911 3
      vertex 29.9692 -11.3911 0
    endloop
  endfacet
  facet normal -0.97235 0.233527 0
    outer loop
      vertex 29.9692 -11.3911 3
      vertex 29.8776 -11.7725 0
      vertex 29.8776 -11.7725 3
    endloop
  endfacet
  facet normal 0.382569 0.923927 -0
    outer loop
      vertex 26.7275 -13.3776 0
      vertex 26.365 -13.2275 3
      vertex 26.7275 -13.3776 3
    endloop
  endfacet
  facet normal 0.382569 0.923927 0
    outer loop
      vertex 26.365 -13.2275 3
      vertex 26.7275 -13.3776 0
      vertex 26.365 -13.2275 0
    endloop
  endfacet
  facet normal 0.760508 -0.649329 0
    outer loop
      vertex 25.4775 -9.53054 3
      vertex 25.7322 -9.23223 0
      vertex 25.7322 -9.23223 3
    endloop
  endfacet
  facet normal 0.760508 -0.649329 0
    outer loop
      vertex 25.7322 -9.23223 0
      vertex 25.4775 -9.53054 3
      vertex 25.4775 -9.53054 0
    endloop
  endfacet
  facet normal 0.97235 -0.233527 0
    outer loop
      vertex 25.0308 -10.6089 3
      vertex 25.1224 -10.2275 0
      vertex 25.1224 -10.2275 3
    endloop
  endfacet
  facet normal 0.97235 -0.233527 0
    outer loop
      vertex 25.1224 -10.2275 0
      vertex 25.0308 -10.6089 3
      vertex 25.0308 -10.6089 0
    endloop
  endfacet
  facet normal -0.0785092 0.996913 0
    outer loop
      vertex 27.8911 -13.4692 0
      vertex 27.5 -13.5 3
      vertex 27.8911 -13.4692 3
    endloop
  endfacet
  facet normal -0.0785092 0.996913 0
    outer loop
      vertex 27.5 -13.5 3
      vertex 27.8911 -13.4692 0
      vertex 27.5 -13.5 0
    endloop
  endfacet
  facet normal 0.382613 -0.923909 0
    outer loop
      vertex 26.365 -8.77248 0
      vertex 26.7275 -8.62236 3
      vertex 26.365 -8.77248 3
    endloop
  endfacet
  facet normal 0.382613 -0.923909 0
    outer loop
      vertex 26.7275 -8.62236 3
      vertex 26.365 -8.77248 0
      vertex 26.7275 -8.62236 0
    endloop
  endfacet
  facet normal 0.996913 0.0785092 0
    outer loop
      vertex 25.0308 -11.3911 3
      vertex 25 -11 0
      vertex 25 -11 3
    endloop
  endfacet
  facet normal 0.996913 0.0785092 0
    outer loop
      vertex 25 -11 0
      vertex 25.0308 -11.3911 3
      vertex 25.0308 -11.3911 0
    endloop
  endfacet
  facet normal -0.0784585 -0.996917 0
    outer loop
      vertex 27.5 -8.5 0
      vertex 27.8911 -8.53078 3
      vertex 27.5 -8.5 3
    endloop
  endfacet
  facet normal -0.0784585 -0.996917 -0
    outer loop
      vertex 27.8911 -8.53078 3
      vertex 27.5 -8.5 0
      vertex 27.8911 -8.53078 0
    endloop
  endfacet
  facet normal -0.996913 0.0785092 0
    outer loop
      vertex 29.9692 -11.3911 0
      vertex 30 -11 3
      vertex 30 -11 0
    endloop
  endfacet
  facet normal -0.996913 0.0785092 0
    outer loop
      vertex 30 -11 3
      vertex 29.9692 -11.3911 0
      vertex 29.9692 -11.3911 3
    endloop
  endfacet
  facet normal -0.382613 -0.923909 0
    outer loop
      vertex 28.2725 -8.62236 0
      vertex 28.635 -8.77248 3
      vertex 28.2725 -8.62236 3
    endloop
  endfacet
  facet normal -0.382613 -0.923909 -0
    outer loop
      vertex 28.635 -8.77248 3
      vertex 28.2725 -8.62236 0
      vertex 28.635 -8.77248 0
    endloop
  endfacet
  facet normal 0.760497 0.649342 0
    outer loop
      vertex 25.7322 -12.7678 3
      vertex 25.4775 -12.4695 0
      vertex 25.4775 -12.4695 3
    endloop
  endfacet
  facet normal 0.760497 0.649342 0
    outer loop
      vertex 25.4775 -12.4695 0
      vertex 25.7322 -12.7678 3
      vertex 25.7322 -12.7678 0
    endloop
  endfacet
  facet normal -0.923927 0.382569 0
    outer loop
      vertex 29.7275 -12.135 0
      vertex 29.8776 -11.7725 3
      vertex 29.8776 -11.7725 0
    endloop
  endfacet
  facet normal -0.923927 0.382569 0
    outer loop
      vertex 29.8776 -11.7725 3
      vertex 29.7275 -12.135 0
      vertex 29.7275 -12.135 3
    endloop
  endfacet
  facet normal -0.85262 0.522532 0
    outer loop
      vertex 29.5225 -12.4695 0
      vertex 29.7275 -12.135 3
      vertex 29.7275 -12.135 0
    endloop
  endfacet
  facet normal -0.85262 0.522532 0
    outer loop
      vertex 29.7275 -12.135 3
      vertex 29.5225 -12.4695 0
      vertex 29.5225 -12.4695 3
    endloop
  endfacet
  facet normal -0.382569 0.923927 0
    outer loop
      vertex 28.635 -13.2275 0
      vertex 28.2725 -13.3776 3
      vertex 28.635 -13.2275 3
    endloop
  endfacet
  facet normal -0.382569 0.923927 0
    outer loop
      vertex 28.2725 -13.3776 3
      vertex 28.635 -13.2275 0
      vertex 28.2725 -13.3776 0
    endloop
  endfacet
  facet normal -0.649445 -0.760409 0
    outer loop
      vertex 28.9695 -8.97746 0
      vertex 29.2678 -9.23223 3
      vertex 28.9695 -8.97746 3
    endloop
  endfacet
  facet normal -0.649445 -0.760409 -0
    outer loop
      vertex 29.2678 -9.23223 3
      vertex 28.9695 -8.97746 0
      vertex 29.2678 -9.23223 0
    endloop
  endfacet
  facet normal 0.649445 -0.760409 0
    outer loop
      vertex 25.7322 -9.23223 0
      vertex 26.0305 -8.97746 3
      vertex 25.7322 -9.23223 3
    endloop
  endfacet
  facet normal 0.649445 -0.760409 0
    outer loop
      vertex 26.0305 -8.97746 3
      vertex 25.7322 -9.23223 0
      vertex 26.0305 -8.97746 0
    endloop
  endfacet
  facet normal -0.522495 -0.852642 0
    outer loop
      vertex 28.635 -8.77248 0
      vertex 28.9695 -8.97746 3
      vertex 28.635 -8.77248 3
    endloop
  endfacet
  facet normal -0.522495 -0.852642 -0
    outer loop
      vertex 28.9695 -8.97746 3
      vertex 28.635 -8.77248 0
      vertex 28.9695 -8.97746 0
    endloop
  endfacet
  facet normal 0.233527 0.97235 -0
    outer loop
      vertex 27.1089 -13.4692 0
      vertex 26.7275 -13.3776 3
      vertex 27.1089 -13.4692 3
    endloop
  endfacet
  facet normal 0.233527 0.97235 0
    outer loop
      vertex 26.7275 -13.3776 3
      vertex 27.1089 -13.4692 0
      vertex 26.7275 -13.3776 0
    endloop
  endfacet
  facet normal -0.760508 -0.649329 0
    outer loop
      vertex 29.5225 -9.53054 0
      vertex 29.2678 -9.23223 3
      vertex 29.2678 -9.23223 0
    endloop
  endfacet
  facet normal -0.760508 -0.649329 0
    outer loop
      vertex 29.2678 -9.23223 3
      vertex 29.5225 -9.53054 0
      vertex 29.5225 -9.53054 3
    endloop
  endfacet
  facet normal 0.522532 0.85262 -0
    outer loop
      vertex 26.365 -13.2275 0
      vertex 26.0305 -13.0225 3
      vertex 26.365 -13.2275 3
    endloop
  endfacet
  facet normal 0.522532 0.85262 0
    outer loop
      vertex 26.0305 -13.0225 3
      vertex 26.365 -13.2275 0
      vertex 26.0305 -13.0225 0
    endloop
  endfacet
  facet normal 0.97235 0.233527 0
    outer loop
      vertex 25.1224 -11.7725 3
      vertex 25.0308 -11.3911 0
      vertex 25.0308 -11.3911 3
    endloop
  endfacet
  facet normal 0.97235 0.233527 0
    outer loop
      vertex 25.0308 -11.3911 0
      vertex 25.1224 -11.7725 3
      vertex 25.1224 -11.7725 0
    endloop
  endfacet
  facet normal -0.649342 0.760497 0
    outer loop
      vertex 29.2678 -12.7678 0
      vertex 28.9695 -13.0225 3
      vertex 29.2678 -12.7678 3
    endloop
  endfacet
  facet normal -0.649342 0.760497 0
    outer loop
      vertex 28.9695 -13.0225 3
      vertex 29.2678 -12.7678 0
      vertex 28.9695 -13.0225 0
    endloop
  endfacet
  facet normal 0.0785092 0.996913 -0
    outer loop
      vertex 27.5 -13.5 0
      vertex 27.1089 -13.4692 3
      vertex 27.5 -13.5 3
    endloop
  endfacet
  facet normal 0.0785092 0.996913 0
    outer loop
      vertex 27.1089 -13.4692 3
      vertex 27.5 -13.5 0
      vertex 27.1089 -13.4692 0
    endloop
  endfacet
  facet normal -0.522532 0.85262 0
    outer loop
      vertex 28.9695 -13.0225 0
      vertex 28.635 -13.2275 3
      vertex 28.9695 -13.0225 3
    endloop
  endfacet
  facet normal -0.522532 0.85262 0
    outer loop
      vertex 28.635 -13.2275 3
      vertex 28.9695 -13.0225 0
      vertex 28.635 -13.2275 0
    endloop
  endfacet
  facet normal 0.0784585 -0.996917 0
    outer loop
      vertex 27.1089 -8.53078 0
      vertex 27.5 -8.5 3
      vertex 27.1089 -8.53078 3
    endloop
  endfacet
  facet normal 0.0784585 -0.996917 0
    outer loop
      vertex 27.5 -8.5 3
      vertex 27.1089 -8.53078 0
      vertex 27.5 -8.5 0
    endloop
  endfacet
  facet normal -0.760497 0.649342 0
    outer loop
      vertex 29.2678 -12.7678 0
      vertex 29.5225 -12.4695 3
      vertex 29.5225 -12.4695 0
    endloop
  endfacet
  facet normal -0.760497 0.649342 0
    outer loop
      vertex 29.5225 -12.4695 3
      vertex 29.2678 -12.7678 0
      vertex 29.2678 -12.7678 3
    endloop
  endfacet
  facet normal 0.85262 0.522532 0
    outer loop
      vertex 25.4775 -12.4695 3
      vertex 25.2725 -12.135 0
      vertex 25.2725 -12.135 3
    endloop
  endfacet
  facet normal 0.85262 0.522532 0
    outer loop
      vertex 25.2725 -12.135 0
      vertex 25.4775 -12.4695 3
      vertex 25.4775 -12.4695 0
    endloop
  endfacet
  facet normal 0.649342 0.760497 -0
    outer loop
      vertex 26.0305 -13.0225 0
      vertex 25.7322 -12.7678 3
      vertex 26.0305 -13.0225 3
    endloop
  endfacet
  facet normal 0.649342 0.760497 0
    outer loop
      vertex 25.7322 -12.7678 3
      vertex 26.0305 -13.0225 0
      vertex 25.7322 -12.7678 0
    endloop
  endfacet
  facet normal 0.996913 -0.0785092 0
    outer loop
      vertex 25 -11 3
      vertex 25.0308 -10.6089 0
      vertex 25.0308 -10.6089 3
    endloop
  endfacet
  facet normal 0.996913 -0.0785092 0
    outer loop
      vertex 25.0308 -10.6089 0
      vertex 25 -11 3
      vertex 25 -11 0
    endloop
  endfacet
  facet normal 0.923919 -0.382587 0
    outer loop
      vertex 25.1224 -10.2275 3
      vertex 25.2725 -9.86502 0
      vertex 25.2725 -9.86502 3
    endloop
  endfacet
  facet normal 0.923919 -0.382587 0
    outer loop
      vertex 25.2725 -9.86502 0
      vertex 25.1224 -10.2275 3
      vertex 25.1224 -10.2275 0
    endloop
  endfacet
  facet normal 0.852606 -0.522555 0
    outer loop
      vertex 25.2725 -9.86502 3
      vertex 25.4775 -9.53054 0
      vertex 25.4775 -9.53054 3
    endloop
  endfacet
  facet normal 0.852606 -0.522555 0
    outer loop
      vertex 25.4775 -9.53054 0
      vertex 25.2725 -9.86502 3
      vertex 25.2725 -9.86502 0
    endloop
  endfacet
  facet normal 0.522495 -0.852642 0
    outer loop
      vertex 26.0305 -8.97746 0
      vertex 26.365 -8.77248 3
      vertex 26.0305 -8.97746 3
    endloop
  endfacet
  facet normal 0.522495 -0.852642 0
    outer loop
      vertex 26.365 -8.77248 3
      vertex 26.0305 -8.97746 0
      vertex 26.365 -8.77248 0
    endloop
  endfacet
  facet normal -0.972358 -0.233495 0
    outer loop
      vertex 29.9692 0.391086 0
      vertex 29.8776 0.772542 3
      vertex 29.8776 0.772542 0
    endloop
  endfacet
  facet normal -0.972358 -0.233495 0
    outer loop
      vertex 29.8776 0.772542 3
      vertex 29.9692 0.391086 0
      vertex 29.9692 0.391086 3
    endloop
  endfacet
  facet normal -0.996913 -0.078512 0
    outer loop
      vertex 30 0 0
      vertex 29.9692 0.391086 3
      vertex 29.9692 0.391086 0
    endloop
  endfacet
  facet normal -0.996913 -0.078512 0
    outer loop
      vertex 29.9692 0.391086 3
      vertex 30 0 0
      vertex 30 0 3
    endloop
  endfacet
  facet normal -0.923904 -0.382625 0
    outer loop
      vertex 29.8776 0.772542 0
      vertex 29.7275 1.13498 3
      vertex 29.7275 1.13498 0
    endloop
  endfacet
  facet normal -0.923904 -0.382625 0
    outer loop
      vertex 29.7275 1.13498 3
      vertex 29.8776 0.772542 0
      vertex 29.8776 0.772542 3
    endloop
  endfacet
  facet normal -0.852606 -0.522555 0
    outer loop
      vertex 29.7275 1.13498 0
      vertex 29.5225 1.46946 3
      vertex 29.5225 1.46946 0
    endloop
  endfacet
  facet normal -0.852606 -0.522555 0
    outer loop
      vertex 29.5225 1.46946 3
      vertex 29.7275 1.13498 0
      vertex 29.7275 1.13498 3
    endloop
  endfacet
  facet normal 0.233479 -0.972362 0
    outer loop
      vertex 26.7275 2.37764 0
      vertex 27.1089 2.46922 3
      vertex 26.7275 2.37764 3
    endloop
  endfacet
  facet normal 0.233479 -0.972362 0
    outer loop
      vertex 27.1089 2.46922 3
      vertex 26.7275 2.37764 0
      vertex 27.1089 2.46922 0
    endloop
  endfacet
  facet normal -0.233479 0.972362 0
    outer loop
      vertex 28.2725 -2.37764 0
      vertex 27.8911 -2.46922 3
      vertex 28.2725 -2.37764 3
    endloop
  endfacet
  facet normal -0.233479 0.972362 0
    outer loop
      vertex 27.8911 -2.46922 3
      vertex 28.2725 -2.37764 0
      vertex 27.8911 -2.46922 0
    endloop
  endfacet
  facet normal -0.233479 -0.972362 0
    outer loop
      vertex 27.8911 2.46922 0
      vertex 28.2725 2.37764 3
      vertex 27.8911 2.46922 3
    endloop
  endfacet
  facet normal -0.233479 -0.972362 -0
    outer loop
      vertex 28.2725 2.37764 3
      vertex 27.8911 2.46922 0
      vertex 28.2725 2.37764 0
    endloop
  endfacet
  facet normal -0.972358 0.233495 0
    outer loop
      vertex 29.8776 -0.772542 0
      vertex 29.9692 -0.391086 3
      vertex 29.9692 -0.391086 0
    endloop
  endfacet
  facet normal -0.972358 0.233495 0
    outer loop
      vertex 29.9692 -0.391086 3
      vertex 29.8776 -0.772542 0
      vertex 29.8776 -0.772542 3
    endloop
  endfacet
  facet normal -0.649445 0.760409 0
    outer loop
      vertex 29.2678 -1.76777 0
      vertex 28.9695 -2.02254 3
      vertex 29.2678 -1.76777 3
    endloop
  endfacet
  facet normal -0.649445 0.760409 0
    outer loop
      vertex 28.9695 -2.02254 3
      vertex 29.2678 -1.76777 0
      vertex 28.9695 -2.02254 0
    endloop
  endfacet
  facet normal 0.760508 -0.649329 0
    outer loop
      vertex 25.4775 1.46946 3
      vertex 25.7322 1.76777 0
      vertex 25.7322 1.76777 3
    endloop
  endfacet
  facet normal 0.760508 -0.649329 0
    outer loop
      vertex 25.7322 1.76777 0
      vertex 25.4775 1.46946 3
      vertex 25.4775 1.46946 0
    endloop
  endfacet
  facet normal 0.972358 -0.233495 0
    outer loop
      vertex 25.0308 0.391086 3
      vertex 25.1224 0.772542 0
      vertex 25.1224 0.772542 3
    endloop
  endfacet
  facet normal 0.972358 -0.233495 0
    outer loop
      vertex 25.1224 0.772542 0
      vertex 25.0308 0.391086 3
      vertex 25.0308 0.391086 0
    endloop
  endfacet
  facet normal 0.923904 0.382625 0
    outer loop
      vertex 25.2725 -1.13498 3
      vertex 25.1224 -0.772542 0
      vertex 25.1224 -0.772542 3
    endloop
  endfacet
  facet normal 0.923904 0.382625 0
    outer loop
      vertex 25.1224 -0.772542 0
      vertex 25.2725 -1.13498 3
      vertex 25.2725 -1.13498 0
    endloop
  endfacet
  facet normal 0.382613 0.923909 -0
    outer loop
      vertex 26.7275 -2.37764 0
      vertex 26.365 -2.22752 3
      vertex 26.7275 -2.37764 3
    endloop
  endfacet
  facet normal 0.382613 0.923909 0
    outer loop
      vertex 26.365 -2.22752 3
      vertex 26.7275 -2.37764 0
      vertex 26.365 -2.22752 0
    endloop
  endfacet
  facet normal -0.0784585 -0.996917 0
    outer loop
      vertex 27.5 2.5 0
      vertex 27.8911 2.46922 3
      vertex 27.5 2.5 3
    endloop
  endfacet
  facet normal -0.0784585 -0.996917 -0
    outer loop
      vertex 27.8911 2.46922 3
      vertex 27.5 2.5 0
      vertex 27.8911 2.46922 0
    endloop
  endfacet
  facet normal -0.0784585 0.996917 0
    outer loop
      vertex 27.8911 -2.46922 0
      vertex 27.5 -2.5 3
      vertex 27.8911 -2.46922 3
    endloop
  endfacet
  facet normal -0.0784585 0.996917 0
    outer loop
      vertex 27.5 -2.5 3
      vertex 27.8911 -2.46922 0
      vertex 27.5 -2.5 0
    endloop
  endfacet
  facet normal 0.996913 0.078512 0
    outer loop
      vertex 25.0308 -0.391086 3
      vertex 25 0 0
      vertex 25 0 3
    endloop
  endfacet
  facet normal 0.996913 0.078512 0
    outer loop
      vertex 25 0 0
      vertex 25.0308 -0.391086 3
      vertex 25.0308 -0.391086 0
    endloop
  endfacet
  facet normal 0.382613 -0.923909 0
    outer loop
      vertex 26.365 2.22752 0
      vertex 26.7275 2.37764 3
      vertex 26.365 2.22752 3
    endloop
  endfacet
  facet normal 0.382613 -0.923909 0
    outer loop
      vertex 26.7275 2.37764 3
      vertex 26.365 2.22752 0
      vertex 26.7275 2.37764 0
    endloop
  endfacet
  facet normal -0.996913 0.078512 0
    outer loop
      vertex 29.9692 -0.391086 0
      vertex 30 0 3
      vertex 30 0 0
    endloop
  endfacet
  facet normal -0.996913 0.078512 0
    outer loop
      vertex 30 0 3
      vertex 29.9692 -0.391086 0
      vertex 29.9692 -0.391086 3
    endloop
  endfacet
  facet normal -0.382613 -0.923909 0
    outer loop
      vertex 28.2725 2.37764 0
      vertex 28.635 2.22752 3
      vertex 28.2725 2.37764 3
    endloop
  endfacet
  facet normal -0.382613 -0.923909 -0
    outer loop
      vertex 28.635 2.22752 3
      vertex 28.2725 2.37764 0
      vertex 28.635 2.22752 0
    endloop
  endfacet
  facet normal 0.760508 0.649329 0
    outer loop
      vertex 25.7322 -1.76777 3
      vertex 25.4775 -1.46946 0
      vertex 25.4775 -1.46946 3
    endloop
  endfacet
  facet normal 0.760508 0.649329 0
    outer loop
      vertex 25.4775 -1.46946 0
      vertex 25.7322 -1.76777 3
      vertex 25.7322 -1.76777 0
    endloop
  endfacet
  facet normal -0.923904 0.382625 0
    outer loop
      vertex 29.7275 -1.13498 0
      vertex 29.8776 -0.772542 3
      vertex 29.8776 -0.772542 0
    endloop
  endfacet
  facet normal -0.923904 0.382625 0
    outer loop
      vertex 29.8776 -0.772542 3
      vertex 29.7275 -1.13498 0
      vertex 29.7275 -1.13498 3
    endloop
  endfacet
  facet normal 0.0784585 0.996917 -0
    outer loop
      vertex 27.5 -2.5 0
      vertex 27.1089 -2.46922 3
      vertex 27.5 -2.5 3
    endloop
  endfacet
  facet normal 0.0784585 0.996917 0
    outer loop
      vertex 27.1089 -2.46922 3
      vertex 27.5 -2.5 0
      vertex 27.1089 -2.46922 0
    endloop
  endfacet
  facet normal -0.852606 0.522555 0
    outer loop
      vertex 29.5225 -1.46946 0
      vertex 29.7275 -1.13498 3
      vertex 29.7275 -1.13498 0
    endloop
  endfacet
  facet normal -0.852606 0.522555 0
    outer loop
      vertex 29.7275 -1.13498 3
      vertex 29.5225 -1.46946 0
      vertex 29.5225 -1.46946 3
    endloop
  endfacet
  facet normal -0.382613 0.923909 0
    outer loop
      vertex 28.635 -2.22752 0
      vertex 28.2725 -2.37764 3
      vertex 28.635 -2.22752 3
    endloop
  endfacet
  facet normal -0.382613 0.923909 0
    outer loop
      vertex 28.2725 -2.37764 3
      vertex 28.635 -2.22752 0
      vertex 28.2725 -2.37764 0
    endloop
  endfacet
  facet normal -0.649445 -0.760409 0
    outer loop
      vertex 28.9695 2.02254 0
      vertex 29.2678 1.76777 3
      vertex 28.9695 2.02254 3
    endloop
  endfacet
  facet normal -0.649445 -0.760409 -0
    outer loop
      vertex 29.2678 1.76777 3
      vertex 28.9695 2.02254 0
      vertex 29.2678 1.76777 0
    endloop
  endfacet
  facet normal 0.649445 -0.760409 0
    outer loop
      vertex 25.7322 1.76777 0
      vertex 26.0305 2.02254 3
      vertex 25.7322 1.76777 3
    endloop
  endfacet
  facet normal 0.649445 -0.760409 0
    outer loop
      vertex 26.0305 2.02254 3
      vertex 25.7322 1.76777 0
      vertex 26.0305 2.02254 0
    endloop
  endfacet
  facet normal -0.522495 -0.852642 0
    outer loop
      vertex 28.635 2.22752 0
      vertex 28.9695 2.02254 3
      vertex 28.635 2.22752 3
    endloop
  endfacet
  facet normal -0.522495 -0.852642 -0
    outer loop
      vertex 28.9695 2.02254 3
      vertex 28.635 2.22752 0
      vertex 28.9695 2.02254 0
    endloop
  endfacet
  facet normal 0.0784585 -0.996917 0
    outer loop
      vertex 27.1089 2.46922 0
      vertex 27.5 2.5 3
      vertex 27.1089 2.46922 3
    endloop
  endfacet
  facet normal 0.0784585 -0.996917 0
    outer loop
      vertex 27.5 2.5 3
      vertex 27.1089 2.46922 0
      vertex 27.5 2.5 0
    endloop
  endfacet
  facet normal 0.996913 -0.078512 0
    outer loop
      vertex 25 0 3
      vertex 25.0308 0.391086 0
      vertex 25.0308 0.391086 3
    endloop
  endfacet
  facet normal 0.996913 -0.078512 0
    outer loop
      vertex 25.0308 0.391086 0
      vertex 25 0 3
      vertex 25 0 0
    endloop
  endfacet
  facet normal 0.233479 0.972362 -0
    outer loop
      vertex 27.1089 -2.46922 0
      vertex 26.7275 -2.37764 3
      vertex 27.1089 -2.46922 3
    endloop
  endfacet
  facet normal 0.233479 0.972362 0
    outer loop
      vertex 26.7275 -2.37764 3
      vertex 27.1089 -2.46922 0
      vertex 26.7275 -2.37764 0
    endloop
  endfacet
  facet normal -0.760508 -0.649329 0
    outer loop
      vertex 29.5225 1.46946 0
      vertex 29.2678 1.76777 3
      vertex 29.2678 1.76777 0
    endloop
  endfacet
  facet normal -0.760508 -0.649329 0
    outer loop
      vertex 29.2678 1.76777 3
      vertex 29.5225 1.46946 0
      vertex 29.5225 1.46946 3
    endloop
  endfacet
  facet normal 0.522495 0.852642 -0
    outer loop
      vertex 26.365 -2.22752 0
      vertex 26.0305 -2.02254 3
      vertex 26.365 -2.22752 3
    endloop
  endfacet
  facet normal 0.522495 0.852642 0
    outer loop
      vertex 26.0305 -2.02254 3
      vertex 26.365 -2.22752 0
      vertex 26.0305 -2.02254 0
    endloop
  endfacet
  facet normal 0.972358 0.233495 0
    outer loop
      vertex 25.1224 -0.772542 3
      vertex 25.0308 -0.391086 0
      vertex 25.0308 -0.391086 3
    endloop
  endfacet
  facet normal 0.972358 0.233495 0
    outer loop
      vertex 25.0308 -0.391086 0
      vertex 25.1224 -0.772542 3
      vertex 25.1224 -0.772542 0
    endloop
  endfacet
  facet normal -0.522495 0.852642 0
    outer loop
      vertex 28.9695 -2.02254 0
      vertex 28.635 -2.22752 3
      vertex 28.9695 -2.02254 3
    endloop
  endfacet
  facet normal -0.522495 0.852642 0
    outer loop
      vertex 28.635 -2.22752 3
      vertex 28.9695 -2.02254 0
      vertex 28.635 -2.22752 0
    endloop
  endfacet
  facet normal 0.852606 0.522555 0
    outer loop
      vertex 25.4775 -1.46946 3
      vertex 25.2725 -1.13498 0
      vertex 25.2725 -1.13498 3
    endloop
  endfacet
  facet normal 0.852606 0.522555 0
    outer loop
      vertex 25.2725 -1.13498 0
      vertex 25.4775 -1.46946 3
      vertex 25.4775 -1.46946 0
    endloop
  endfacet
  facet normal 0.923904 -0.382625 0
    outer loop
      vertex 25.1224 0.772542 3
      vertex 25.2725 1.13498 0
      vertex 25.2725 1.13498 3
    endloop
  endfacet
  facet normal 0.923904 -0.382625 0
    outer loop
      vertex 25.2725 1.13498 0
      vertex 25.1224 0.772542 3
      vertex 25.1224 0.772542 0
    endloop
  endfacet
  facet normal -0.760508 0.649329 0
    outer loop
      vertex 29.2678 -1.76777 0
      vertex 29.5225 -1.46946 3
      vertex 29.5225 -1.46946 0
    endloop
  endfacet
  facet normal -0.760508 0.649329 0
    outer loop
      vertex 29.5225 -1.46946 3
      vertex 29.2678 -1.76777 0
      vertex 29.2678 -1.76777 3
    endloop
  endfacet
  facet normal 0.649445 0.760409 -0
    outer loop
      vertex 26.0305 -2.02254 0
      vertex 25.7322 -1.76777 3
      vertex 26.0305 -2.02254 3
    endloop
  endfacet
  facet normal 0.649445 0.760409 0
    outer loop
      vertex 25.7322 -1.76777 3
      vertex 26.0305 -2.02254 0
      vertex 25.7322 -1.76777 0
    endloop
  endfacet
  facet normal 0.852606 -0.522555 0
    outer loop
      vertex 25.2725 1.13498 3
      vertex 25.4775 1.46946 0
      vertex 25.4775 1.46946 3
    endloop
  endfacet
  facet normal 0.852606 -0.522555 0
    outer loop
      vertex 25.4775 1.46946 0
      vertex 25.2725 1.13498 3
      vertex 25.2725 1.13498 0
    endloop
  endfacet
  facet normal 0.522495 -0.852642 0
    outer loop
      vertex 26.0305 2.02254 0
      vertex 26.365 2.22752 3
      vertex 26.0305 2.02254 3
    endloop
  endfacet
  facet normal 0.522495 -0.852642 0
    outer loop
      vertex 26.365 2.22752 3
      vertex 26.0305 2.02254 0
      vertex 26.365 2.22752 0
    endloop
  endfacet
  facet normal -0.233479 0.972362 0
    outer loop
      vertex 28.2725 8.62236 0
      vertex 27.8911 8.53078 3
      vertex 28.2725 8.62236 3
    endloop
  endfacet
  facet normal -0.233479 0.972362 0
    outer loop
      vertex 27.8911 8.53078 3
      vertex 28.2725 8.62236 0
      vertex 27.8911 8.53078 0
    endloop
  endfacet
  facet normal -0.97235 -0.233527 0
    outer loop
      vertex 29.9692 11.3911 0
      vertex 29.8776 11.7725 3
      vertex 29.8776 11.7725 0
    endloop
  endfacet
  facet normal -0.97235 -0.233527 0
    outer loop
      vertex 29.8776 11.7725 3
      vertex 29.9692 11.3911 0
      vertex 29.9692 11.3911 3
    endloop
  endfacet
  facet normal -0.996913 -0.0785092 0
    outer loop
      vertex 30 11 0
      vertex 29.9692 11.3911 3
      vertex 29.9692 11.3911 0
    endloop
  endfacet
  facet normal -0.996913 -0.0785092 0
    outer loop
      vertex 29.9692 11.3911 3
      vertex 30 11 0
      vertex 30 11 3
    endloop
  endfacet
  facet normal -0.923927 -0.382569 0
    outer loop
      vertex 29.8776 11.7725 0
      vertex 29.7275 12.135 3
      vertex 29.7275 12.135 0
    endloop
  endfacet
  facet normal -0.923927 -0.382569 0
    outer loop
      vertex 29.7275 12.135 3
      vertex 29.8776 11.7725 0
      vertex 29.8776 11.7725 3
    endloop
  endfacet
  facet normal -0.0784585 0.996917 0
    outer loop
      vertex 27.8911 8.53078 0
      vertex 27.5 8.5 3
      vertex 27.8911 8.53078 3
    endloop
  endfacet
  facet normal -0.0784585 0.996917 0
    outer loop
      vertex 27.5 8.5 3
      vertex 27.8911 8.53078 0
      vertex 27.5 8.5 0
    endloop
  endfacet
  facet normal 0.760508 0.649329 0
    outer loop
      vertex 25.7322 9.23223 3
      vertex 25.4775 9.53054 0
      vertex 25.4775 9.53054 3
    endloop
  endfacet
  facet normal 0.760508 0.649329 0
    outer loop
      vertex 25.4775 9.53054 0
      vertex 25.7322 9.23223 3
      vertex 25.7322 9.23223 0
    endloop
  endfacet
  facet normal -0.649342 -0.760497 0
    outer loop
      vertex 28.9695 13.0225 0
      vertex 29.2678 12.7678 3
      vertex 28.9695 13.0225 3
    endloop
  endfacet
  facet normal -0.649342 -0.760497 -0
    outer loop
      vertex 29.2678 12.7678 3
      vertex 28.9695 13.0225 0
      vertex 29.2678 12.7678 0
    endloop
  endfacet
  facet normal -0.760508 0.649329 0
    outer loop
      vertex 29.2678 9.23223 0
      vertex 29.5225 9.53054 3
      vertex 29.5225 9.53054 0
    endloop
  endfacet
  facet normal -0.760508 0.649329 0
    outer loop
      vertex 29.5225 9.53054 3
      vertex 29.2678 9.23223 0
      vertex 29.2678 9.23223 3
    endloop
  endfacet
  facet normal 0.382613 0.923909 -0
    outer loop
      vertex 26.7275 8.62236 0
      vertex 26.365 8.77248 3
      vertex 26.7275 8.62236 3
    endloop
  endfacet
  facet normal 0.382613 0.923909 0
    outer loop
      vertex 26.365 8.77248 3
      vertex 26.7275 8.62236 0
      vertex 26.365 8.77248 0
    endloop
  endfacet
  facet normal 0.522495 0.852642 -0
    outer loop
      vertex 26.365 8.77248 0
      vertex 26.0305 8.97746 3
      vertex 26.365 8.77248 3
    endloop
  endfacet
  facet normal 0.522495 0.852642 0
    outer loop
      vertex 26.0305 8.97746 3
      vertex 26.365 8.77248 0
      vertex 26.0305 8.97746 0
    endloop
  endfacet
  facet normal -0.382613 0.923909 0
    outer loop
      vertex 28.635 8.77248 0
      vertex 28.2725 8.62236 3
      vertex 28.635 8.77248 3
    endloop
  endfacet
  facet normal -0.382613 0.923909 0
    outer loop
      vertex 28.2725 8.62236 3
      vertex 28.635 8.77248 0
      vertex 28.2725 8.62236 0
    endloop
  endfacet
  facet normal -0.996913 0.0785092 0
    outer loop
      vertex 29.9692 10.6089 0
      vertex 30 11 3
      vertex 30 11 0
    endloop
  endfacet
  facet normal -0.996913 0.0785092 0
    outer loop
      vertex 30 11 3
      vertex 29.9692 10.6089 0
      vertex 29.9692 10.6089 3
    endloop
  endfacet
  facet normal -0.760497 -0.649342 0
    outer loop
      vertex 29.5225 12.4695 0
      vertex 29.2678 12.7678 3
      vertex 29.2678 12.7678 0
    endloop
  endfacet
  facet normal -0.760497 -0.649342 0
    outer loop
      vertex 29.2678 12.7678 3
      vertex 29.5225 12.4695 0
      vertex 29.5225 12.4695 3
    endloop
  endfacet
  facet normal 0.852606 0.522555 0
    outer loop
      vertex 25.4775 9.53054 3
      vertex 25.2725 9.86502 0
      vertex 25.2725 9.86502 3
    endloop
  endfacet
  facet normal 0.852606 0.522555 0
    outer loop
      vertex 25.2725 9.86502 0
      vertex 25.4775 9.53054 3
      vertex 25.4775 9.53054 0
    endloop
  endfacet
  facet normal 0.97235 0.233527 0
    outer loop
      vertex 25.1224 10.2275 3
      vertex 25.0308 10.6089 0
      vertex 25.0308 10.6089 3
    endloop
  endfacet
  facet normal 0.97235 0.233527 0
    outer loop
      vertex 25.0308 10.6089 0
      vertex 25.1224 10.2275 3
      vertex 25.1224 10.2275 0
    endloop
  endfacet
  facet normal -0.852606 0.522555 0
    outer loop
      vertex 29.5225 9.53054 0
      vertex 29.7275 9.86502 3
      vertex 29.7275 9.86502 0
    endloop
  endfacet
  facet normal -0.852606 0.522555 0
    outer loop
      vertex 29.7275 9.86502 3
      vertex 29.5225 9.53054 0
      vertex 29.5225 9.53054 3
    endloop
  endfacet
  facet normal 0.97235 -0.233527 0
    outer loop
      vertex 25.0308 11.3911 3
      vertex 25.1224 11.7725 0
      vertex 25.1224 11.7725 3
    endloop
  endfacet
  facet normal 0.97235 -0.233527 0
    outer loop
      vertex 25.1224 11.7725 0
      vertex 25.0308 11.3911 3
      vertex 25.0308 11.3911 0
    endloop
  endfacet
  facet normal 0.923927 -0.382569 0
    outer loop
      vertex 25.1224 11.7725 3
      vertex 25.2725 12.135 0
      vertex 25.2725 12.135 3
    endloop
  endfacet
  facet normal 0.923927 -0.382569 0
    outer loop
      vertex 25.2725 12.135 0
      vertex 25.1224 11.7725 3
      vertex 25.1224 11.7725 0
    endloop
  endfacet
  facet normal -0.923919 0.382587 0
    outer loop
      vertex 29.7275 9.86502 0
      vertex 29.8776 10.2275 3
      vertex 29.8776 10.2275 0
    endloop
  endfacet
  facet normal -0.923919 0.382587 0
    outer loop
      vertex 29.8776 10.2275 3
      vertex 29.7275 9.86502 0
      vertex 29.7275 9.86502 3
    endloop
  endfacet
  facet normal -0.382569 -0.923927 0
    outer loop
      vertex 28.2725 13.3776 0
      vertex 28.635 13.2275 3
      vertex 28.2725 13.3776 3
    endloop
  endfacet
  facet normal -0.382569 -0.923927 -0
    outer loop
      vertex 28.635 13.2275 3
      vertex 28.2725 13.3776 0
      vertex 28.635 13.2275 0
    endloop
  endfacet
  facet normal 0.923919 0.382587 0
    outer loop
      vertex 25.2725 9.86502 3
      vertex 25.1224 10.2275 0
      vertex 25.1224 10.2275 3
    endloop
  endfacet
  facet normal 0.923919 0.382587 0
    outer loop
      vertex 25.1224 10.2275 0
      vertex 25.2725 9.86502 3
      vertex 25.2725 9.86502 0
    endloop
  endfacet
  facet normal -0.233527 -0.97235 0
    outer loop
      vertex 27.8911 13.4692 0
      vertex 28.2725 13.3776 3
      vertex 27.8911 13.4692 3
    endloop
  endfacet
  facet normal -0.233527 -0.97235 -0
    outer loop
      vertex 28.2725 13.3776 3
      vertex 27.8911 13.4692 0
      vertex 28.2725 13.3776 0
    endloop
  endfacet
  facet normal 0.996913 -0.0785092 0
    outer loop
      vertex 25 11 3
      vertex 25.0308 11.3911 0
      vertex 25.0308 11.3911 3
    endloop
  endfacet
  facet normal 0.996913 -0.0785092 0
    outer loop
      vertex 25.0308 11.3911 0
      vertex 25 11 3
      vertex 25 11 0
    endloop
  endfacet
  facet normal -0.85262 -0.522532 0
    outer loop
      vertex 29.7275 12.135 0
      vertex 29.5225 12.4695 3
      vertex 29.5225 12.4695 0
    endloop
  endfacet
  facet normal -0.85262 -0.522532 0
    outer loop
      vertex 29.5225 12.4695 3
      vertex 29.7275 12.135 0
      vertex 29.7275 12.135 3
    endloop
  endfacet
  facet normal -0.649445 0.760409 0
    outer loop
      vertex 29.2678 9.23223 0
      vertex 28.9695 8.97746 3
      vertex 29.2678 9.23223 3
    endloop
  endfacet
  facet normal -0.649445 0.760409 0
    outer loop
      vertex 28.9695 8.97746 3
      vertex 29.2678 9.23223 0
      vertex 28.9695 8.97746 0
    endloop
  endfacet
  facet normal 0.760497 -0.649342 0
    outer loop
      vertex 25.4775 12.4695 3
      vertex 25.7322 12.7678 0
      vertex 25.7322 12.7678 3
    endloop
  endfacet
  facet normal 0.760497 -0.649342 0
    outer loop
      vertex 25.7322 12.7678 0
      vertex 25.4775 12.4695 3
      vertex 25.4775 12.4695 0
    endloop
  endfacet
  facet normal 0.649342 -0.760497 0
    outer loop
      vertex 25.7322 12.7678 0
      vertex 26.0305 13.0225 3
      vertex 25.7322 12.7678 3
    endloop
  endfacet
  facet normal 0.649342 -0.760497 0
    outer loop
      vertex 26.0305 13.0225 3
      vertex 25.7322 12.7678 0
      vertex 26.0305 13.0225 0
    endloop
  endfacet
  facet normal -0.522532 -0.85262 0
    outer loop
      vertex 28.635 13.2275 0
      vertex 28.9695 13.0225 3
      vertex 28.635 13.2275 3
    endloop
  endfacet
  facet normal -0.522532 -0.85262 -0
    outer loop
      vertex 28.9695 13.0225 3
      vertex 28.635 13.2275 0
      vertex 28.9695 13.0225 0
    endloop
  endfacet
  facet normal -0.97235 0.233527 0
    outer loop
      vertex 29.8776 10.2275 0
      vertex 29.9692 10.6089 3
      vertex 29.9692 10.6089 0
    endloop
  endfacet
  facet normal -0.97235 0.233527 0
    outer loop
      vertex 29.9692 10.6089 3
      vertex 29.8776 10.2275 0
      vertex 29.8776 10.2275 3
    endloop
  endfacet
  facet normal 0.382569 -0.923927 0
    outer loop
      vertex 26.365 13.2275 0
      vertex 26.7275 13.3776 3
      vertex 26.365 13.2275 3
    endloop
  endfacet
  facet normal 0.382569 -0.923927 0
    outer loop
      vertex 26.7275 13.3776 3
      vertex 26.365 13.2275 0
      vertex 26.7275 13.3776 0
    endloop
  endfacet
  facet normal 0.233527 -0.97235 0
    outer loop
      vertex 26.7275 13.3776 0
      vertex 27.1089 13.4692 3
      vertex 26.7275 13.3776 3
    endloop
  endfacet
  facet normal 0.233527 -0.97235 0
    outer loop
      vertex 27.1089 13.4692 3
      vertex 26.7275 13.3776 0
      vertex 27.1089 13.4692 0
    endloop
  endfacet
  facet normal 0.85262 -0.522532 0
    outer loop
      vertex 25.2725 12.135 3
      vertex 25.4775 12.4695 0
      vertex 25.4775 12.4695 3
    endloop
  endfacet
  facet normal 0.85262 -0.522532 0
    outer loop
      vertex 25.4775 12.4695 0
      vertex 25.2725 12.135 3
      vertex 25.2725 12.135 0
    endloop
  endfacet
  facet normal 0.0784585 0.996917 -0
    outer loop
      vertex 27.5 8.5 0
      vertex 27.1089 8.53078 3
      vertex 27.5 8.5 3
    endloop
  endfacet
  facet normal 0.0784585 0.996917 0
    outer loop
      vertex 27.1089 8.53078 3
      vertex 27.5 8.5 0
      vertex 27.1089 8.53078 0
    endloop
  endfacet
  facet normal 0.649445 0.760409 -0
    outer loop
      vertex 26.0305 8.97746 0
      vertex 25.7322 9.23223 3
      vertex 26.0305 8.97746 3
    endloop
  endfacet
  facet normal 0.649445 0.760409 0
    outer loop
      vertex 25.7322 9.23223 3
      vertex 26.0305 8.97746 0
      vertex 25.7322 9.23223 0
    endloop
  endfacet
  facet normal 0.233479 0.972362 -0
    outer loop
      vertex 27.1089 8.53078 0
      vertex 26.7275 8.62236 3
      vertex 27.1089 8.53078 3
    endloop
  endfacet
  facet normal 0.233479 0.972362 0
    outer loop
      vertex 26.7275 8.62236 3
      vertex 27.1089 8.53078 0
      vertex 26.7275 8.62236 0
    endloop
  endfacet
  facet normal -0.0785092 -0.996913 0
    outer loop
      vertex 27.5 13.5 0
      vertex 27.8911 13.4692 3
      vertex 27.5 13.5 3
    endloop
  endfacet
  facet normal -0.0785092 -0.996913 -0
    outer loop
      vertex 27.8911 13.4692 3
      vertex 27.5 13.5 0
      vertex 27.8911 13.4692 0
    endloop
  endfacet
  facet normal 0.0785092 -0.996913 0
    outer loop
      vertex 27.1089 13.4692 0
      vertex 27.5 13.5 3
      vertex 27.1089 13.4692 3
    endloop
  endfacet
  facet normal 0.0785092 -0.996913 0
    outer loop
      vertex 27.5 13.5 3
      vertex 27.1089 13.4692 0
      vertex 27.5 13.5 0
    endloop
  endfacet
  facet normal -0.522495 0.852642 0
    outer loop
      vertex 28.9695 8.97746 0
      vertex 28.635 8.77248 3
      vertex 28.9695 8.97746 3
    endloop
  endfacet
  facet normal -0.522495 0.852642 0
    outer loop
      vertex 28.635 8.77248 3
      vertex 28.9695 8.97746 0
      vertex 28.635 8.77248 0
    endloop
  endfacet
  facet normal 0.996913 0.0785092 0
    outer loop
      vertex 25.0308 10.6089 3
      vertex 25 11 0
      vertex 25 11 3
    endloop
  endfacet
  facet normal 0.996913 0.0785092 0
    outer loop
      vertex 25 11 0
      vertex 25.0308 10.6089 3
      vertex 25.0308 10.6089 0
    endloop
  endfacet
  facet normal 0.522532 -0.85262 0
    outer loop
      vertex 26.0305 13.0225 0
      vertex 26.365 13.2275 3
      vertex 26.0305 13.0225 3
    endloop
  endfacet
  facet normal 0.522532 -0.85262 0
    outer loop
      vertex 26.365 13.2275 3
      vertex 26.0305 13.0225 0
      vertex 26.365 13.2275 0
    endloop
  endfacet
  facet normal -0.97235 -0.233527 0
    outer loop
      vertex 40.9692 -10.6089 0
      vertex 40.8776 -10.2275 3
      vertex 40.8776 -10.2275 0
    endloop
  endfacet
  facet normal -0.97235 -0.233527 0
    outer loop
      vertex 40.8776 -10.2275 3
      vertex 40.9692 -10.6089 0
      vertex 40.9692 -10.6089 3
    endloop
  endfacet
  facet normal -0.996913 -0.0785092 0
    outer loop
      vertex 41 -11 0
      vertex 40.9692 -10.6089 3
      vertex 40.9692 -10.6089 0
    endloop
  endfacet
  facet normal -0.996913 -0.0785092 0
    outer loop
      vertex 40.9692 -10.6089 3
      vertex 41 -11 0
      vertex 41 -11 3
    endloop
  endfacet
  facet normal -0.923919 -0.382587 0
    outer loop
      vertex 40.8776 -10.2275 0
      vertex 40.7275 -9.86502 3
      vertex 40.7275 -9.86502 0
    endloop
  endfacet
  facet normal -0.923919 -0.382587 0
    outer loop
      vertex 40.7275 -9.86502 3
      vertex 40.8776 -10.2275 0
      vertex 40.8776 -10.2275 3
    endloop
  endfacet
  facet normal -0.233479 -0.972362 0
    outer loop
      vertex 38.8911 -8.53078 0
      vertex 39.2725 -8.62236 3
      vertex 38.8911 -8.53078 3
    endloop
  endfacet
  facet normal -0.233479 -0.972362 -0
    outer loop
      vertex 39.2725 -8.62236 3
      vertex 38.8911 -8.53078 0
      vertex 39.2725 -8.62236 0
    endloop
  endfacet
  facet normal -0.852606 -0.522555 0
    outer loop
      vertex 40.7275 -9.86502 0
      vertex 40.5225 -9.53054 3
      vertex 40.5225 -9.53054 0
    endloop
  endfacet
  facet normal -0.852606 -0.522555 0
    outer loop
      vertex 40.5225 -9.53054 3
      vertex 40.7275 -9.86502 0
      vertex 40.7275 -9.86502 3
    endloop
  endfacet
  facet normal 0.923927 0.382569 0
    outer loop
      vertex 36.2725 -12.135 3
      vertex 36.1224 -11.7725 0
      vertex 36.1224 -11.7725 3
    endloop
  endfacet
  facet normal 0.923927 0.382569 0
    outer loop
      vertex 36.1224 -11.7725 0
      vertex 36.2725 -12.135 3
      vertex 36.2725 -12.135 0
    endloop
  endfacet
  facet normal 0.233479 -0.972362 0
    outer loop
      vertex 37.7275 -8.62236 0
      vertex 38.1089 -8.53078 3
      vertex 37.7275 -8.62236 3
    endloop
  endfacet
  facet normal 0.233479 -0.972362 0
    outer loop
      vertex 38.1089 -8.53078 3
      vertex 37.7275 -8.62236 0
      vertex 38.1089 -8.53078 0
    endloop
  endfacet
  facet normal -0.233527 0.97235 0
    outer loop
      vertex 39.2725 -13.3776 0
      vertex 38.8911 -13.4692 3
      vertex 39.2725 -13.3776 3
    endloop
  endfacet
  facet normal -0.233527 0.97235 0
    outer loop
      vertex 38.8911 -13.4692 3
      vertex 39.2725 -13.3776 0
      vertex 38.8911 -13.4692 0
    endloop
  endfacet
  facet normal -0.97235 0.233527 0
    outer loop
      vertex 40.8776 -11.7725 0
      vertex 40.9692 -11.3911 3
      vertex 40.9692 -11.3911 0
    endloop
  endfacet
  facet normal -0.97235 0.233527 0
    outer loop
      vertex 40.9692 -11.3911 3
      vertex 40.8776 -11.7725 0
      vertex 40.8776 -11.7725 3
    endloop
  endfacet
  facet normal 0.382569 0.923927 -0
    outer loop
      vertex 37.7275 -13.3776 0
      vertex 37.365 -13.2275 3
      vertex 37.7275 -13.3776 3
    endloop
  endfacet
  facet normal 0.382569 0.923927 0
    outer loop
      vertex 37.365 -13.2275 3
      vertex 37.7275 -13.3776 0
      vertex 37.365 -13.2275 0
    endloop
  endfacet
  facet normal 0.760508 -0.649329 0
    outer loop
      vertex 36.4775 -9.53054 3
      vertex 36.7322 -9.23223 0
      vertex 36.7322 -9.23223 3
    endloop
  endfacet
  facet normal 0.760508 -0.649329 0
    outer loop
      vertex 36.7322 -9.23223 0
      vertex 36.4775 -9.53054 3
      vertex 36.4775 -9.53054 0
    endloop
  endfacet
  facet normal 0.97235 -0.233527 0
    outer loop
      vertex 36.0308 -10.6089 3
      vertex 36.1224 -10.2275 0
      vertex 36.1224 -10.2275 3
    endloop
  endfacet
  facet normal 0.97235 -0.233527 0
    outer loop
      vertex 36.1224 -10.2275 0
      vertex 36.0308 -10.6089 3
      vertex 36.0308 -10.6089 0
    endloop
  endfacet
  facet normal -0.0785092 0.996913 0
    outer loop
      vertex 38.8911 -13.4692 0
      vertex 38.5 -13.5 3
      vertex 38.8911 -13.4692 3
    endloop
  endfacet
  facet normal -0.0785092 0.996913 0
    outer loop
      vertex 38.5 -13.5 3
      vertex 38.8911 -13.4692 0
      vertex 38.5 -13.5 0
    endloop
  endfacet
  facet normal 0.382613 -0.923909 0
    outer loop
      vertex 37.365 -8.77248 0
      vertex 37.7275 -8.62236 3
      vertex 37.365 -8.77248 3
    endloop
  endfacet
  facet normal 0.382613 -0.923909 0
    outer loop
      vertex 37.7275 -8.62236 3
      vertex 37.365 -8.77248 0
      vertex 37.7275 -8.62236 0
    endloop
  endfacet
  facet normal 0.996913 0.0785092 0
    outer loop
      vertex 36.0308 -11.3911 3
      vertex 36 -11 0
      vertex 36 -11 3
    endloop
  endfacet
  facet normal 0.996913 0.0785092 0
    outer loop
      vertex 36 -11 0
      vertex 36.0308 -11.3911 3
      vertex 36.0308 -11.3911 0
    endloop
  endfacet
  facet normal -0.0784585 -0.996917 0
    outer loop
      vertex 38.5 -8.5 0
      vertex 38.8911 -8.53078 3
      vertex 38.5 -8.5 3
    endloop
  endfacet
  facet normal -0.0784585 -0.996917 -0
    outer loop
      vertex 38.8911 -8.53078 3
      vertex 38.5 -8.5 0
      vertex 38.8911 -8.53078 0
    endloop
  endfacet
  facet normal -0.996913 0.0785092 0
    outer loop
      vertex 40.9692 -11.3911 0
      vertex 41 -11 3
      vertex 41 -11 0
    endloop
  endfacet
  facet normal -0.996913 0.0785092 0
    outer loop
      vertex 41 -11 3
      vertex 40.9692 -11.3911 0
      vertex 40.9692 -11.3911 3
    endloop
  endfacet
  facet normal -0.382613 -0.923909 0
    outer loop
      vertex 39.2725 -8.62236 0
      vertex 39.635 -8.77248 3
      vertex 39.2725 -8.62236 3
    endloop
  endfacet
  facet normal -0.382613 -0.923909 -0
    outer loop
      vertex 39.635 -8.77248 3
      vertex 39.2725 -8.62236 0
      vertex 39.635 -8.77248 0
    endloop
  endfacet
  facet normal 0.760497 0.649342 0
    outer loop
      vertex 36.7322 -12.7678 3
      vertex 36.4775 -12.4695 0
      vertex 36.4775 -12.4695 3
    endloop
  endfacet
  facet normal 0.760497 0.649342 0
    outer loop
      vertex 36.4775 -12.4695 0
      vertex 36.7322 -12.7678 3
      vertex 36.7322 -12.7678 0
    endloop
  endfacet
  facet normal -0.923927 0.382569 0
    outer loop
      vertex 40.7275 -12.135 0
      vertex 40.8776 -11.7725 3
      vertex 40.8776 -11.7725 0
    endloop
  endfacet
  facet normal -0.923927 0.382569 0
    outer loop
      vertex 40.8776 -11.7725 3
      vertex 40.7275 -12.135 0
      vertex 40.7275 -12.135 3
    endloop
  endfacet
  facet normal -0.85262 0.522532 0
    outer loop
      vertex 40.5225 -12.4695 0
      vertex 40.7275 -12.135 3
      vertex 40.7275 -12.135 0
    endloop
  endfacet
  facet normal -0.85262 0.522532 0
    outer loop
      vertex 40.7275 -12.135 3
      vertex 40.5225 -12.4695 0
      vertex 40.5225 -12.4695 3
    endloop
  endfacet
  facet normal -0.382569 0.923927 0
    outer loop
      vertex 39.635 -13.2275 0
      vertex 39.2725 -13.3776 3
      vertex 39.635 -13.2275 3
    endloop
  endfacet
  facet normal -0.382569 0.923927 0
    outer loop
      vertex 39.2725 -13.3776 3
      vertex 39.635 -13.2275 0
      vertex 39.2725 -13.3776 0
    endloop
  endfacet
  facet normal -0.649445 -0.760409 0
    outer loop
      vertex 39.9695 -8.97746 0
      vertex 40.2678 -9.23223 3
      vertex 39.9695 -8.97746 3
    endloop
  endfacet
  facet normal -0.649445 -0.760409 -0
    outer loop
      vertex 40.2678 -9.23223 3
      vertex 39.9695 -8.97746 0
      vertex 40.2678 -9.23223 0
    endloop
  endfacet
  facet normal 0.649445 -0.760409 0
    outer loop
      vertex 36.7322 -9.23223 0
      vertex 37.0305 -8.97746 3
      vertex 36.7322 -9.23223 3
    endloop
  endfacet
  facet normal 0.649445 -0.760409 0
    outer loop
      vertex 37.0305 -8.97746 3
      vertex 36.7322 -9.23223 0
      vertex 37.0305 -8.97746 0
    endloop
  endfacet
  facet normal -0.522495 -0.852642 0
    outer loop
      vertex 39.635 -8.77248 0
      vertex 39.9695 -8.97746 3
      vertex 39.635 -8.77248 3
    endloop
  endfacet
  facet normal -0.522495 -0.852642 -0
    outer loop
      vertex 39.9695 -8.97746 3
      vertex 39.635 -8.77248 0
      vertex 39.9695 -8.97746 0
    endloop
  endfacet
  facet normal 0.233527 0.97235 -0
    outer loop
      vertex 38.1089 -13.4692 0
      vertex 37.7275 -13.3776 3
      vertex 38.1089 -13.4692 3
    endloop
  endfacet
  facet normal 0.233527 0.97235 0
    outer loop
      vertex 37.7275 -13.3776 3
      vertex 38.1089 -13.4692 0
      vertex 37.7275 -13.3776 0
    endloop
  endfacet
  facet normal -0.760508 -0.649329 0
    outer loop
      vertex 40.5225 -9.53054 0
      vertex 40.2678 -9.23223 3
      vertex 40.2678 -9.23223 0
    endloop
  endfacet
  facet normal -0.760508 -0.649329 0
    outer loop
      vertex 40.2678 -9.23223 3
      vertex 40.5225 -9.53054 0
      vertex 40.5225 -9.53054 3
    endloop
  endfacet
  facet normal 0.522532 0.85262 -0
    outer loop
      vertex 37.365 -13.2275 0
      vertex 37.0305 -13.0225 3
      vertex 37.365 -13.2275 3
    endloop
  endfacet
  facet normal 0.522532 0.85262 0
    outer loop
      vertex 37.0305 -13.0225 3
      vertex 37.365 -13.2275 0
      vertex 37.0305 -13.0225 0
    endloop
  endfacet
  facet normal 0.97235 0.233527 0
    outer loop
      vertex 36.1224 -11.7725 3
      vertex 36.0308 -11.3911 0
      vertex 36.0308 -11.3911 3
    endloop
  endfacet
  facet normal 0.97235 0.233527 0
    outer loop
      vertex 36.0308 -11.3911 0
      vertex 36.1224 -11.7725 3
      vertex 36.1224 -11.7725 0
    endloop
  endfacet
  facet normal -0.649342 0.760497 0
    outer loop
      vertex 40.2678 -12.7678 0
      vertex 39.9695 -13.0225 3
      vertex 40.2678 -12.7678 3
    endloop
  endfacet
  facet normal -0.649342 0.760497 0
    outer loop
      vertex 39.9695 -13.0225 3
      vertex 40.2678 -12.7678 0
      vertex 39.9695 -13.0225 0
    endloop
  endfacet
  facet normal 0.0785092 0.996913 -0
    outer loop
      vertex 38.5 -13.5 0
      vertex 38.1089 -13.4692 3
      vertex 38.5 -13.5 3
    endloop
  endfacet
  facet normal 0.0785092 0.996913 0
    outer loop
      vertex 38.1089 -13.4692 3
      vertex 38.5 -13.5 0
      vertex 38.1089 -13.4692 0
    endloop
  endfacet
  facet normal -0.522532 0.85262 0
    outer loop
      vertex 39.9695 -13.0225 0
      vertex 39.635 -13.2275 3
      vertex 39.9695 -13.0225 3
    endloop
  endfacet
  facet normal -0.522532 0.85262 0
    outer loop
      vertex 39.635 -13.2275 3
      vertex 39.9695 -13.0225 0
      vertex 39.635 -13.2275 0
    endloop
  endfacet
  facet normal 0.0784585 -0.996917 0
    outer loop
      vertex 38.1089 -8.53078 0
      vertex 38.5 -8.5 3
      vertex 38.1089 -8.53078 3
    endloop
  endfacet
  facet normal 0.0784585 -0.996917 0
    outer loop
      vertex 38.5 -8.5 3
      vertex 38.1089 -8.53078 0
      vertex 38.5 -8.5 0
    endloop
  endfacet
  facet normal -0.760497 0.649342 0
    outer loop
      vertex 40.2678 -12.7678 0
      vertex 40.5225 -12.4695 3
      vertex 40.5225 -12.4695 0
    endloop
  endfacet
  facet normal -0.760497 0.649342 0
    outer loop
      vertex 40.5225 -12.4695 3
      vertex 40.2678 -12.7678 0
      vertex 40.2678 -12.7678 3
    endloop
  endfacet
  facet normal 0.85262 0.522532 0
    outer loop
      vertex 36.4775 -12.4695 3
      vertex 36.2725 -12.135 0
      vertex 36.2725 -12.135 3
    endloop
  endfacet
  facet normal 0.85262 0.522532 0
    outer loop
      vertex 36.2725 -12.135 0
      vertex 36.4775 -12.4695 3
      vertex 36.4775 -12.4695 0
    endloop
  endfacet
  facet normal 0.649342 0.760497 -0
    outer loop
      vertex 37.0305 -13.0225 0
      vertex 36.7322 -12.7678 3
      vertex 37.0305 -13.0225 3
    endloop
  endfacet
  facet normal 0.649342 0.760497 0
    outer loop
      vertex 36.7322 -12.7678 3
      vertex 37.0305 -13.0225 0
      vertex 36.7322 -12.7678 0
    endloop
  endfacet
  facet normal 0.996913 -0.0785092 0
    outer loop
      vertex 36 -11 3
      vertex 36.0308 -10.6089 0
      vertex 36.0308 -10.6089 3
    endloop
  endfacet
  facet normal 0.996913 -0.0785092 0
    outer loop
      vertex 36.0308 -10.6089 0
      vertex 36 -11 3
      vertex 36 -11 0
    endloop
  endfacet
  facet normal 0.923919 -0.382587 0
    outer loop
      vertex 36.1224 -10.2275 3
      vertex 36.2725 -9.86502 0
      vertex 36.2725 -9.86502 3
    endloop
  endfacet
  facet normal 0.923919 -0.382587 0
    outer loop
      vertex 36.2725 -9.86502 0
      vertex 36.1224 -10.2275 3
      vertex 36.1224 -10.2275 0
    endloop
  endfacet
  facet normal 0.852606 -0.522555 0
    outer loop
      vertex 36.2725 -9.86502 3
      vertex 36.4775 -9.53054 0
      vertex 36.4775 -9.53054 3
    endloop
  endfacet
  facet normal 0.852606 -0.522555 0
    outer loop
      vertex 36.4775 -9.53054 0
      vertex 36.2725 -9.86502 3
      vertex 36.2725 -9.86502 0
    endloop
  endfacet
  facet normal 0.522495 -0.852642 0
    outer loop
      vertex 37.0305 -8.97746 0
      vertex 37.365 -8.77248 3
      vertex 37.0305 -8.97746 3
    endloop
  endfacet
  facet normal 0.522495 -0.852642 0
    outer loop
      vertex 37.365 -8.77248 3
      vertex 37.0305 -8.97746 0
      vertex 37.365 -8.77248 0
    endloop
  endfacet
  facet normal -0.972358 -0.233495 0
    outer loop
      vertex 40.9692 0.391086 0
      vertex 40.8776 0.772542 3
      vertex 40.8776 0.772542 0
    endloop
  endfacet
  facet normal -0.972358 -0.233495 0
    outer loop
      vertex 40.8776 0.772542 3
      vertex 40.9692 0.391086 0
      vertex 40.9692 0.391086 3
    endloop
  endfacet
  facet normal -0.996913 -0.078512 0
    outer loop
      vertex 41 0 0
      vertex 40.9692 0.391086 3
      vertex 40.9692 0.391086 0
    endloop
  endfacet
  facet normal -0.996913 -0.078512 0
    outer loop
      vertex 40.9692 0.391086 3
      vertex 41 0 0
      vertex 41 0 3
    endloop
  endfacet
  facet normal -0.923904 -0.382625 0
    outer loop
      vertex 40.8776 0.772542 0
      vertex 40.7275 1.13498 3
      vertex 40.7275 1.13498 0
    endloop
  endfacet
  facet normal -0.923904 -0.382625 0
    outer loop
      vertex 40.7275 1.13498 3
      vertex 40.8776 0.772542 0
      vertex 40.8776 0.772542 3
    endloop
  endfacet
  facet normal -0.852606 -0.522555 0
    outer loop
      vertex 40.7275 1.13498 0
      vertex 40.5225 1.46946 3
      vertex 40.5225 1.46946 0
    endloop
  endfacet
  facet normal -0.852606 -0.522555 0
    outer loop
      vertex 40.5225 1.46946 3
      vertex 40.7275 1.13498 0
      vertex 40.7275 1.13498 3
    endloop
  endfacet
  facet normal 0.233479 -0.972362 0
    outer loop
      vertex 37.7275 2.37764 0
      vertex 38.1089 2.46922 3
      vertex 37.7275 2.37764 3
    endloop
  endfacet
  facet normal 0.233479 -0.972362 0
    outer loop
      vertex 38.1089 2.46922 3
      vertex 37.7275 2.37764 0
      vertex 38.1089 2.46922 0
    endloop
  endfacet
  facet normal -0.233479 0.972362 0
    outer loop
      vertex 39.2725 -2.37764 0
      vertex 38.8911 -2.46922 3
      vertex 39.2725 -2.37764 3
    endloop
  endfacet
  facet normal -0.233479 0.972362 0
    outer loop
      vertex 38.8911 -2.46922 3
      vertex 39.2725 -2.37764 0
      vertex 38.8911 -2.46922 0
    endloop
  endfacet
  facet normal -0.233479 -0.972362 0
    outer loop
      vertex 38.8911 2.46922 0
      vertex 39.2725 2.37764 3
      vertex 38.8911 2.46922 3
    endloop
  endfacet
  facet normal -0.233479 -0.972362 -0
    outer loop
      vertex 39.2725 2.37764 3
      vertex 38.8911 2.46922 0
      vertex 39.2725 2.37764 0
    endloop
  endfacet
  facet normal -0.972358 0.233495 0
    outer loop
      vertex 40.8776 -0.772542 0
      vertex 40.9692 -0.391086 3
      vertex 40.9692 -0.391086 0
    endloop
  endfacet
  facet normal -0.972358 0.233495 0
    outer loop
      vertex 40.9692 -0.391086 3
      vertex 40.8776 -0.772542 0
      vertex 40.8776 -0.772542 3
    endloop
  endfacet
  facet normal -0.649445 0.760409 0
    outer loop
      vertex 40.2678 -1.76777 0
      vertex 39.9695 -2.02254 3
      vertex 40.2678 -1.76777 3
    endloop
  endfacet
  facet normal -0.649445 0.760409 0
    outer loop
      vertex 39.9695 -2.02254 3
      vertex 40.2678 -1.76777 0
      vertex 39.9695 -2.02254 0
    endloop
  endfacet
  facet normal 0.760508 -0.649329 0
    outer loop
      vertex 36.4775 1.46946 3
      vertex 36.7322 1.76777 0
      vertex 36.7322 1.76777 3
    endloop
  endfacet
  facet normal 0.760508 -0.649329 0
    outer loop
      vertex 36.7322 1.76777 0
      vertex 36.4775 1.46946 3
      vertex 36.4775 1.46946 0
    endloop
  endfacet
  facet normal 0.972358 -0.233495 0
    outer loop
      vertex 36.0308 0.391086 3
      vertex 36.1224 0.772542 0
      vertex 36.1224 0.772542 3
    endloop
  endfacet
  facet normal 0.972358 -0.233495 0
    outer loop
      vertex 36.1224 0.772542 0
      vertex 36.0308 0.391086 3
      vertex 36.0308 0.391086 0
    endloop
  endfacet
  facet normal 0.923904 0.382625 0
    outer loop
      vertex 36.2725 -1.13498 3
      vertex 36.1224 -0.772542 0
      vertex 36.1224 -0.772542 3
    endloop
  endfacet
  facet normal 0.923904 0.382625 0
    outer loop
      vertex 36.1224 -0.772542 0
      vertex 36.2725 -1.13498 3
      vertex 36.2725 -1.13498 0
    endloop
  endfacet
  facet normal 0.382613 0.923909 -0
    outer loop
      vertex 37.7275 -2.37764 0
      vertex 37.365 -2.22752 3
      vertex 37.7275 -2.37764 3
    endloop
  endfacet
  facet normal 0.382613 0.923909 0
    outer loop
      vertex 37.365 -2.22752 3
      vertex 37.7275 -2.37764 0
      vertex 37.365 -2.22752 0
    endloop
  endfacet
  facet normal -0.0784585 -0.996917 0
    outer loop
      vertex 38.5 2.5 0
      vertex 38.8911 2.46922 3
      vertex 38.5 2.5 3
    endloop
  endfacet
  facet normal -0.0784585 -0.996917 -0
    outer loop
      vertex 38.8911 2.46922 3
      vertex 38.5 2.5 0
      vertex 38.8911 2.46922 0
    endloop
  endfacet
  facet normal -0.0784585 0.996917 0
    outer loop
      vertex 38.8911 -2.46922 0
      vertex 38.5 -2.5 3
      vertex 38.8911 -2.46922 3
    endloop
  endfacet
  facet normal -0.0784585 0.996917 0
    outer loop
      vertex 38.5 -2.5 3
      vertex 38.8911 -2.46922 0
      vertex 38.5 -2.5 0
    endloop
  endfacet
  facet normal 0.996913 0.078512 0
    outer loop
      vertex 36.0308 -0.391086 3
      vertex 36 0 0
      vertex 36 0 3
    endloop
  endfacet
  facet normal 0.996913 0.078512 0
    outer loop
      vertex 36 0 0
      vertex 36.0308 -0.391086 3
      vertex 36.0308 -0.391086 0
    endloop
  endfacet
  facet normal 0.382613 -0.923909 0
    outer loop
      vertex 37.365 2.22752 0
      vertex 37.7275 2.37764 3
      vertex 37.365 2.22752 3
    endloop
  endfacet
  facet normal 0.382613 -0.923909 0
    outer loop
      vertex 37.7275 2.37764 3
      vertex 37.365 2.22752 0
      vertex 37.7275 2.37764 0
    endloop
  endfacet
  facet normal -0.996913 0.078512 0
    outer loop
      vertex 40.9692 -0.391086 0
      vertex 41 0 3
      vertex 41 0 0
    endloop
  endfacet
  facet normal -0.996913 0.078512 0
    outer loop
      vertex 41 0 3
      vertex 40.9692 -0.391086 0
      vertex 40.9692 -0.391086 3
    endloop
  endfacet
  facet normal -0.382613 -0.923909 0
    outer loop
      vertex 39.2725 2.37764 0
      vertex 39.635 2.22752 3
      vertex 39.2725 2.37764 3
    endloop
  endfacet
  facet normal -0.382613 -0.923909 -0
    outer loop
      vertex 39.635 2.22752 3
      vertex 39.2725 2.37764 0
      vertex 39.635 2.22752 0
    endloop
  endfacet
  facet normal 0.760508 0.649329 0
    outer loop
      vertex 36.7322 -1.76777 3
      vertex 36.4775 -1.46946 0
      vertex 36.4775 -1.46946 3
    endloop
  endfacet
  facet normal 0.760508 0.649329 0
    outer loop
      vertex 36.4775 -1.46946 0
      vertex 36.7322 -1.76777 3
      vertex 36.7322 -1.76777 0
    endloop
  endfacet
  facet normal -0.923904 0.382625 0
    outer loop
      vertex 40.7275 -1.13498 0
      vertex 40.8776 -0.772542 3
      vertex 40.8776 -0.772542 0
    endloop
  endfacet
  facet normal -0.923904 0.382625 0
    outer loop
      vertex 40.8776 -0.772542 3
      vertex 40.7275 -1.13498 0
      vertex 40.7275 -1.13498 3
    endloop
  endfacet
  facet normal 0.0784585 0.996917 -0
    outer loop
      vertex 38.5 -2.5 0
      vertex 38.1089 -2.46922 3
      vertex 38.5 -2.5 3
    endloop
  endfacet
  facet normal 0.0784585 0.996917 0
    outer loop
      vertex 38.1089 -2.46922 3
      vertex 38.5 -2.5 0
      vertex 38.1089 -2.46922 0
    endloop
  endfacet
  facet normal -0.852606 0.522555 0
    outer loop
      vertex 40.5225 -1.46946 0
      vertex 40.7275 -1.13498 3
      vertex 40.7275 -1.13498 0
    endloop
  endfacet
  facet normal -0.852606 0.522555 0
    outer loop
      vertex 40.7275 -1.13498 3
      vertex 40.5225 -1.46946 0
      vertex 40.5225 -1.46946 3
    endloop
  endfacet
  facet normal -0.382613 0.923909 0
    outer loop
      vertex 39.635 -2.22752 0
      vertex 39.2725 -2.37764 3
      vertex 39.635 -2.22752 3
    endloop
  endfacet
  facet normal -0.382613 0.923909 0
    outer loop
      vertex 39.2725 -2.37764 3
      vertex 39.635 -2.22752 0
      vertex 39.2725 -2.37764 0
    endloop
  endfacet
  facet normal -0.649445 -0.760409 0
    outer loop
      vertex 39.9695 2.02254 0
      vertex 40.2678 1.76777 3
      vertex 39.9695 2.02254 3
    endloop
  endfacet
  facet normal -0.649445 -0.760409 -0
    outer loop
      vertex 40.2678 1.76777 3
      vertex 39.9695 2.02254 0
      vertex 40.2678 1.76777 0
    endloop
  endfacet
  facet normal 0.649445 -0.760409 0
    outer loop
      vertex 36.7322 1.76777 0
      vertex 37.0305 2.02254 3
      vertex 36.7322 1.76777 3
    endloop
  endfacet
  facet normal 0.649445 -0.760409 0
    outer loop
      vertex 37.0305 2.02254 3
      vertex 36.7322 1.76777 0
      vertex 37.0305 2.02254 0
    endloop
  endfacet
  facet normal -0.522495 -0.852642 0
    outer loop
      vertex 39.635 2.22752 0
      vertex 39.9695 2.02254 3
      vertex 39.635 2.22752 3
    endloop
  endfacet
  facet normal -0.522495 -0.852642 -0
    outer loop
      vertex 39.9695 2.02254 3
      vertex 39.635 2.22752 0
      vertex 39.9695 2.02254 0
    endloop
  endfacet
  facet normal 0.0784585 -0.996917 0
    outer loop
      vertex 38.1089 2.46922 0
      vertex 38.5 2.5 3
      vertex 38.1089 2.46922 3
    endloop
  endfacet
  facet normal 0.0784585 -0.996917 0
    outer loop
      vertex 38.5 2.5 3
      vertex 38.1089 2.46922 0
      vertex 38.5 2.5 0
    endloop
  endfacet
  facet normal 0.996913 -0.078512 0
    outer loop
      vertex 36 0 3
      vertex 36.0308 0.391086 0
      vertex 36.0308 0.391086 3
    endloop
  endfacet
  facet normal 0.996913 -0.078512 0
    outer loop
      vertex 36.0308 0.391086 0
      vertex 36 0 3
      vertex 36 0 0
    endloop
  endfacet
  facet normal 0.233479 0.972362 -0
    outer loop
      vertex 38.1089 -2.46922 0
      vertex 37.7275 -2.37764 3
      vertex 38.1089 -2.46922 3
    endloop
  endfacet
  facet normal 0.233479 0.972362 0
    outer loop
      vertex 37.7275 -2.37764 3
      vertex 38.1089 -2.46922 0
      vertex 37.7275 -2.37764 0
    endloop
  endfacet
  facet normal -0.760508 -0.649329 0
    outer loop
      vertex 40.5225 1.46946 0
      vertex 40.2678 1.76777 3
      vertex 40.2678 1.76777 0
    endloop
  endfacet
  facet normal -0.760508 -0.649329 0
    outer loop
      vertex 40.2678 1.76777 3
      vertex 40.5225 1.46946 0
      vertex 40.5225 1.46946 3
    endloop
  endfacet
  facet normal 0.522495 0.852642 -0
    outer loop
      vertex 37.365 -2.22752 0
      vertex 37.0305 -2.02254 3
      vertex 37.365 -2.22752 3
    endloop
  endfacet
  facet normal 0.522495 0.852642 0
    outer loop
      vertex 37.0305 -2.02254 3
      vertex 37.365 -2.22752 0
      vertex 37.0305 -2.02254 0
    endloop
  endfacet
  facet normal 0.972358 0.233495 0
    outer loop
      vertex 36.1224 -0.772542 3
      vertex 36.0308 -0.391086 0
      vertex 36.0308 -0.391086 3
    endloop
  endfacet
  facet normal 0.972358 0.233495 0
    outer loop
      vertex 36.0308 -0.391086 0
      vertex 36.1224 -0.772542 3
      vertex 36.1224 -0.772542 0
    endloop
  endfacet
  facet normal -0.522495 0.852642 0
    outer loop
      vertex 39.9695 -2.02254 0
      vertex 39.635 -2.22752 3
      vertex 39.9695 -2.02254 3
    endloop
  endfacet
  facet normal -0.522495 0.852642 0
    outer loop
      vertex 39.635 -2.22752 3
      vertex 39.9695 -2.02254 0
      vertex 39.635 -2.22752 0
    endloop
  endfacet
  facet normal 0.852606 0.522555 0
    outer loop
      vertex 36.4775 -1.46946 3
      vertex 36.2725 -1.13498 0
      vertex 36.2725 -1.13498 3
    endloop
  endfacet
  facet normal 0.852606 0.522555 0
    outer loop
      vertex 36.2725 -1.13498 0
      vertex 36.4775 -1.46946 3
      vertex 36.4775 -1.46946 0
    endloop
  endfacet
  facet normal 0.923904 -0.382625 0
    outer loop
      vertex 36.1224 0.772542 3
      vertex 36.2725 1.13498 0
      vertex 36.2725 1.13498 3
    endloop
  endfacet
  facet normal 0.923904 -0.382625 0
    outer loop
      vertex 36.2725 1.13498 0
      vertex 36.1224 0.772542 3
      vertex 36.1224 0.772542 0
    endloop
  endfacet
  facet normal -0.760508 0.649329 0
    outer loop
      vertex 40.2678 -1.76777 0
      vertex 40.5225 -1.46946 3
      vertex 40.5225 -1.46946 0
    endloop
  endfacet
  facet normal -0.760508 0.649329 0
    outer loop
      vertex 40.5225 -1.46946 3
      vertex 40.2678 -1.76777 0
      vertex 40.2678 -1.76777 3
    endloop
  endfacet
  facet normal 0.649445 0.760409 -0
    outer loop
      vertex 37.0305 -2.02254 0
      vertex 36.7322 -1.76777 3
      vertex 37.0305 -2.02254 3
    endloop
  endfacet
  facet normal 0.649445 0.760409 0
    outer loop
      vertex 36.7322 -1.76777 3
      vertex 37.0305 -2.02254 0
      vertex 36.7322 -1.76777 0
    endloop
  endfacet
  facet normal 0.852606 -0.522555 0
    outer loop
      vertex 36.2725 1.13498 3
      vertex 36.4775 1.46946 0
      vertex 36.4775 1.46946 3
    endloop
  endfacet
  facet normal 0.852606 -0.522555 0
    outer loop
      vertex 36.4775 1.46946 0
      vertex 36.2725 1.13498 3
      vertex 36.2725 1.13498 0
    endloop
  endfacet
  facet normal 0.522495 -0.852642 0
    outer loop
      vertex 37.0305 2.02254 0
      vertex 37.365 2.22752 3
      vertex 37.0305 2.02254 3
    endloop
  endfacet
  facet normal 0.522495 -0.852642 0
    outer loop
      vertex 37.365 2.22752 3
      vertex 37.0305 2.02254 0
      vertex 37.365 2.22752 0
    endloop
  endfacet
  facet normal -0.233479 0.972362 0
    outer loop
      vertex 39.2725 8.62236 0
      vertex 38.8911 8.53078 3
      vertex 39.2725 8.62236 3
    endloop
  endfacet
  facet normal -0.233479 0.972362 0
    outer loop
      vertex 38.8911 8.53078 3
      vertex 39.2725 8.62236 0
      vertex 38.8911 8.53078 0
    endloop
  endfacet
  facet normal -0.97235 -0.233527 0
    outer loop
      vertex 40.9692 11.3911 0
      vertex 40.8776 11.7725 3
      vertex 40.8776 11.7725 0
    endloop
  endfacet
  facet normal -0.97235 -0.233527 0
    outer loop
      vertex 40.8776 11.7725 3
      vertex 40.9692 11.3911 0
      vertex 40.9692 11.3911 3
    endloop
  endfacet
  facet normal -0.996913 -0.0785092 0
    outer loop
      vertex 41 11 0
      vertex 40.9692 11.3911 3
      vertex 40.9692 11.3911 0
    endloop
  endfacet
  facet normal -0.996913 -0.0785092 0
    outer loop
      vertex 40.9692 11.3911 3
      vertex 41 11 0
      vertex 41 11 3
    endloop
  endfacet
  facet normal -0.923927 -0.382569 0
    outer loop
      vertex 40.8776 11.7725 0
      vertex 40.7275 12.135 3
      vertex 40.7275 12.135 0
    endloop
  endfacet
  facet normal -0.923927 -0.382569 0
    outer loop
      vertex 40.7275 12.135 3
      vertex 40.8776 11.7725 0
      vertex 40.8776 11.7725 3
    endloop
  endfacet
  facet normal -0.0784585 0.996917 0
    outer loop
      vertex 38.8911 8.53078 0
      vertex 38.5 8.5 3
      vertex 38.8911 8.53078 3
    endloop
  endfacet
  facet normal -0.0784585 0.996917 0
    outer loop
      vertex 38.5 8.5 3
      vertex 38.8911 8.53078 0
      vertex 38.5 8.5 0
    endloop
  endfacet
  facet normal 0.760508 0.649329 0
    outer loop
      vertex 36.7322 9.23223 3
      vertex 36.4775 9.53054 0
      vertex 36.4775 9.53054 3
    endloop
  endfacet
  facet normal 0.760508 0.649329 0
    outer loop
      vertex 36.4775 9.53054 0
      vertex 36.7322 9.23223 3
      vertex 36.7322 9.23223 0
    endloop
  endfacet
  facet normal -0.649342 -0.760497 0
    outer loop
      vertex 39.9695 13.0225 0
      vertex 40.2678 12.7678 3
      vertex 39.9695 13.0225 3
    endloop
  endfacet
  facet normal -0.649342 -0.760497 -0
    outer loop
      vertex 40.2678 12.7678 3
      vertex 39.9695 13.0225 0
      vertex 40.2678 12.7678 0
    endloop
  endfacet
  facet normal -0.760508 0.649329 0
    outer loop
      vertex 40.2678 9.23223 0
      vertex 40.5225 9.53054 3
      vertex 40.5225 9.53054 0
    endloop
  endfacet
  facet normal -0.760508 0.649329 0
    outer loop
      vertex 40.5225 9.53054 3
      vertex 40.2678 9.23223 0
      vertex 40.2678 9.23223 3
    endloop
  endfacet
  facet normal 0.382613 0.923909 -0
    outer loop
      vertex 37.7275 8.62236 0
      vertex 37.365 8.77248 3
      vertex 37.7275 8.62236 3
    endloop
  endfacet
  facet normal 0.382613 0.923909 0
    outer loop
      vertex 37.365 8.77248 3
      vertex 37.7275 8.62236 0
      vertex 37.365 8.77248 0
    endloop
  endfacet
  facet normal 0.522495 0.852642 -0
    outer loop
      vertex 37.365 8.77248 0
      vertex 37.0305 8.97746 3
      vertex 37.365 8.77248 3
    endloop
  endfacet
  facet normal 0.522495 0.852642 0
    outer loop
      vertex 37.0305 8.97746 3
      vertex 37.365 8.77248 0
      vertex 37.0305 8.97746 0
    endloop
  endfacet
  facet normal -0.382613 0.923909 0
    outer loop
      vertex 39.635 8.77248 0
      vertex 39.2725 8.62236 3
      vertex 39.635 8.77248 3
    endloop
  endfacet
  facet normal -0.382613 0.923909 0
    outer loop
      vertex 39.2725 8.62236 3
      vertex 39.635 8.77248 0
      vertex 39.2725 8.62236 0
    endloop
  endfacet
  facet normal -0.996913 0.0785092 0
    outer loop
      vertex 40.9692 10.6089 0
      vertex 41 11 3
      vertex 41 11 0
    endloop
  endfacet
  facet normal -0.996913 0.0785092 0
    outer loop
      vertex 41 11 3
      vertex 40.9692 10.6089 0
      vertex 40.9692 10.6089 3
    endloop
  endfacet
  facet normal -0.760497 -0.649342 0
    outer loop
      vertex 40.5225 12.4695 0
      vertex 40.2678 12.7678 3
      vertex 40.2678 12.7678 0
    endloop
  endfacet
  facet normal -0.760497 -0.649342 0
    outer loop
      vertex 40.2678 12.7678 3
      vertex 40.5225 12.4695 0
      vertex 40.5225 12.4695 3
    endloop
  endfacet
  facet normal 0.852606 0.522555 0
    outer loop
      vertex 36.4775 9.53054 3
      vertex 36.2725 9.86502 0
      vertex 36.2725 9.86502 3
    endloop
  endfacet
  facet normal 0.852606 0.522555 0
    outer loop
      vertex 36.2725 9.86502 0
      vertex 36.4775 9.53054 3
      vertex 36.4775 9.53054 0
    endloop
  endfacet
  facet normal 0.97235 0.233527 0
    outer loop
      vertex 36.1224 10.2275 3
      vertex 36.0308 10.6089 0
      vertex 36.0308 10.6089 3
    endloop
  endfacet
  facet normal 0.97235 0.233527 0
    outer loop
      vertex 36.0308 10.6089 0
      vertex 36.1224 10.2275 3
      vertex 36.1224 10.2275 0
    endloop
  endfacet
  facet normal -0.852606 0.522555 0
    outer loop
      vertex 40.5225 9.53054 0
      vertex 40.7275 9.86502 3
      vertex 40.7275 9.86502 0
    endloop
  endfacet
  facet normal -0.852606 0.522555 0
    outer loop
      vertex 40.7275 9.86502 3
      vertex 40.5225 9.53054 0
      vertex 40.5225 9.53054 3
    endloop
  endfacet
  facet normal 0.97235 -0.233527 0
    outer loop
      vertex 36.0308 11.3911 3
      vertex 36.1224 11.7725 0
      vertex 36.1224 11.7725 3
    endloop
  endfacet
  facet normal 0.97235 -0.233527 0
    outer loop
      vertex 36.1224 11.7725 0
      vertex 36.0308 11.3911 3
      vertex 36.0308 11.3911 0
    endloop
  endfacet
  facet normal 0.923927 -0.382569 0
    outer loop
      vertex 36.1224 11.7725 3
      vertex 36.2725 12.135 0
      vertex 36.2725 12.135 3
    endloop
  endfacet
  facet normal 0.923927 -0.382569 0
    outer loop
      vertex 36.2725 12.135 0
      vertex 36.1224 11.7725 3
      vertex 36.1224 11.7725 0
    endloop
  endfacet
  facet normal -0.923919 0.382587 0
    outer loop
      vertex 40.7275 9.86502 0
      vertex 40.8776 10.2275 3
      vertex 40.8776 10.2275 0
    endloop
  endfacet
  facet normal -0.923919 0.382587 0
    outer loop
      vertex 40.8776 10.2275 3
      vertex 40.7275 9.86502 0
      vertex 40.7275 9.86502 3
    endloop
  endfacet
  facet normal -0.382569 -0.923927 0
    outer loop
      vertex 39.2725 13.3776 0
      vertex 39.635 13.2275 3
      vertex 39.2725 13.3776 3
    endloop
  endfacet
  facet normal -0.382569 -0.923927 -0
    outer loop
      vertex 39.635 13.2275 3
      vertex 39.2725 13.3776 0
      vertex 39.635 13.2275 0
    endloop
  endfacet
  facet normal 0.923919 0.382587 0
    outer loop
      vertex 36.2725 9.86502 3
      vertex 36.1224 10.2275 0
      vertex 36.1224 10.2275 3
    endloop
  endfacet
  facet normal 0.923919 0.382587 0
    outer loop
      vertex 36.1224 10.2275 0
      vertex 36.2725 9.86502 3
      vertex 36.2725 9.86502 0
    endloop
  endfacet
  facet normal -0.233527 -0.97235 0
    outer loop
      vertex 38.8911 13.4692 0
      vertex 39.2725 13.3776 3
      vertex 38.8911 13.4692 3
    endloop
  endfacet
  facet normal -0.233527 -0.97235 -0
    outer loop
      vertex 39.2725 13.3776 3
      vertex 38.8911 13.4692 0
      vertex 39.2725 13.3776 0
    endloop
  endfacet
  facet normal 0.996913 -0.0785092 0
    outer loop
      vertex 36 11 3
      vertex 36.0308 11.3911 0
      vertex 36.0308 11.3911 3
    endloop
  endfacet
  facet normal 0.996913 -0.0785092 0
    outer loop
      vertex 36.0308 11.3911 0
      vertex 36 11 3
      vertex 36 11 0
    endloop
  endfacet
  facet normal -0.85262 -0.522532 0
    outer loop
      vertex 40.7275 12.135 0
      vertex 40.5225 12.4695 3
      vertex 40.5225 12.4695 0
    endloop
  endfacet
  facet normal -0.85262 -0.522532 0
    outer loop
      vertex 40.5225 12.4695 3
      vertex 40.7275 12.135 0
      vertex 40.7275 12.135 3
    endloop
  endfacet
  facet normal -0.649445 0.760409 0
    outer loop
      vertex 40.2678 9.23223 0
      vertex 39.9695 8.97746 3
      vertex 40.2678 9.23223 3
    endloop
  endfacet
  facet normal -0.649445 0.760409 0
    outer loop
      vertex 39.9695 8.97746 3
      vertex 40.2678 9.23223 0
      vertex 39.9695 8.97746 0
    endloop
  endfacet
  facet normal 0.760497 -0.649342 0
    outer loop
      vertex 36.4775 12.4695 3
      vertex 36.7322 12.7678 0
      vertex 36.7322 12.7678 3
    endloop
  endfacet
  facet normal 0.760497 -0.649342 0
    outer loop
      vertex 36.7322 12.7678 0
      vertex 36.4775 12.4695 3
      vertex 36.4775 12.4695 0
    endloop
  endfacet
  facet normal 0.649342 -0.760497 0
    outer loop
      vertex 36.7322 12.7678 0
      vertex 37.0305 13.0225 3
      vertex 36.7322 12.7678 3
    endloop
  endfacet
  facet normal 0.649342 -0.760497 0
    outer loop
      vertex 37.0305 13.0225 3
      vertex 36.7322 12.7678 0
      vertex 37.0305 13.0225 0
    endloop
  endfacet
  facet normal -0.522532 -0.85262 0
    outer loop
      vertex 39.635 13.2275 0
      vertex 39.9695 13.0225 3
      vertex 39.635 13.2275 3
    endloop
  endfacet
  facet normal -0.522532 -0.85262 -0
    outer loop
      vertex 39.9695 13.0225 3
      vertex 39.635 13.2275 0
      vertex 39.9695 13.0225 0
    endloop
  endfacet
  facet normal -0.97235 0.233527 0
    outer loop
      vertex 40.8776 10.2275 0
      vertex 40.9692 10.6089 3
      vertex 40.9692 10.6089 0
    endloop
  endfacet
  facet normal -0.97235 0.233527 0
    outer loop
      vertex 40.9692 10.6089 3
      vertex 40.8776 10.2275 0
      vertex 40.8776 10.2275 3
    endloop
  endfacet
  facet normal 0.382569 -0.923927 0
    outer loop
      vertex 37.365 13.2275 0
      vertex 37.7275 13.3776 3
      vertex 37.365 13.2275 3
    endloop
  endfacet
  facet normal 0.382569 -0.923927 0
    outer loop
      vertex 37.7275 13.3776 3
      vertex 37.365 13.2275 0
      vertex 37.7275 13.3776 0
    endloop
  endfacet
  facet normal 0.233527 -0.97235 0
    outer loop
      vertex 37.7275 13.3776 0
      vertex 38.1089 13.4692 3
      vertex 37.7275 13.3776 3
    endloop
  endfacet
  facet normal 0.233527 -0.97235 0
    outer loop
      vertex 38.1089 13.4692 3
      vertex 37.7275 13.3776 0
      vertex 38.1089 13.4692 0
    endloop
  endfacet
  facet normal 0.85262 -0.522532 0
    outer loop
      vertex 36.2725 12.135 3
      vertex 36.4775 12.4695 0
      vertex 36.4775 12.4695 3
    endloop
  endfacet
  facet normal 0.85262 -0.522532 0
    outer loop
      vertex 36.4775 12.4695 0
      vertex 36.2725 12.135 3
      vertex 36.2725 12.135 0
    endloop
  endfacet
  facet normal 0.0784585 0.996917 -0
    outer loop
      vertex 38.5 8.5 0
      vertex 38.1089 8.53078 3
      vertex 38.5 8.5 3
    endloop
  endfacet
  facet normal 0.0784585 0.996917 0
    outer loop
      vertex 38.1089 8.53078 3
      vertex 38.5 8.5 0
      vertex 38.1089 8.53078 0
    endloop
  endfacet
  facet normal 0.649445 0.760409 -0
    outer loop
      vertex 37.0305 8.97746 0
      vertex 36.7322 9.23223 3
      vertex 37.0305 8.97746 3
    endloop
  endfacet
  facet normal 0.649445 0.760409 0
    outer loop
      vertex 36.7322 9.23223 3
      vertex 37.0305 8.97746 0
      vertex 36.7322 9.23223 0
    endloop
  endfacet
  facet normal -0.0785092 -0.996913 0
    outer loop
      vertex 38.5 13.5 0
      vertex 38.8911 13.4692 3
      vertex 38.5 13.5 3
    endloop
  endfacet
  facet normal -0.0785092 -0.996913 -0
    outer loop
      vertex 38.8911 13.4692 3
      vertex 38.5 13.5 0
      vertex 38.8911 13.4692 0
    endloop
  endfacet
  facet normal 0.0785092 -0.996913 0
    outer loop
      vertex 38.1089 13.4692 0
      vertex 38.5 13.5 3
      vertex 38.1089 13.4692 3
    endloop
  endfacet
  facet normal 0.0785092 -0.996913 0
    outer loop
      vertex 38.5 13.5 3
      vertex 38.1089 13.4692 0
      vertex 38.5 13.5 0
    endloop
  endfacet
  facet normal -0.522495 0.852642 0
    outer loop
      vertex 39.9695 8.97746 0
      vertex 39.635 8.77248 3
      vertex 39.9695 8.97746 3
    endloop
  endfacet
  facet normal -0.522495 0.852642 0
    outer loop
      vertex 39.635 8.77248 3
      vertex 39.9695 8.97746 0
      vertex 39.635 8.77248 0
    endloop
  endfacet
  facet normal 0.996913 0.0785092 0
    outer loop
      vertex 36.0308 10.6089 3
      vertex 36 11 0
      vertex 36 11 3
    endloop
  endfacet
  facet normal 0.996913 0.0785092 0
    outer loop
      vertex 36 11 0
      vertex 36.0308 10.6089 3
      vertex 36.0308 10.6089 0
    endloop
  endfacet
  facet normal 0.233479 0.972362 -0
    outer loop
      vertex 38.1089 8.53078 0
      vertex 37.7275 8.62236 3
      vertex 38.1089 8.53078 3
    endloop
  endfacet
  facet normal 0.233479 0.972362 0
    outer loop
      vertex 37.7275 8.62236 3
      vertex 38.1089 8.53078 0
      vertex 37.7275 8.62236 0
    endloop
  endfacet
  facet normal 0.522532 -0.85262 0
    outer loop
      vertex 37.0305 13.0225 0
      vertex 37.365 13.2275 3
      vertex 37.0305 13.0225 3
    endloop
  endfacet
  facet normal 0.522532 -0.85262 0
    outer loop
      vertex 37.365 13.2275 3
      vertex 37.0305 13.0225 0
      vertex 37.365 13.2275 0
    endloop
  endfacet
  facet normal -0.0783775 -0.996924 0
    outer loop
      vertex -52.8129 -26.9754 0
      vertex -52.5 -27 19
      vertex -52.8129 -26.9754 19
    endloop
  endfacet
  facet normal -0.0783775 -0.996924 -0
    outer loop
      vertex -52.5 -27 19
      vertex -52.8129 -26.9754 0
      vertex -52.5 -27 0
    endloop
  endfacet
  facet normal 0.382624 -0.923904 0
    outer loop
      vertex 53.118 -26.9021 0
      vertex 53.408 -26.782 19
      vertex 53.118 -26.9021 19
    endloop
  endfacet
  facet normal 0.382624 -0.923904 0
    outer loop
      vertex 53.408 -26.782 19
      vertex 53.118 -26.9021 0
      vertex 53.408 -26.782 0
    endloop
  endfacet
  facet normal 0 -1 0
    outer loop
      vertex -52.5 -27 19
      vertex -12 -27 13
      vertex 52.5 -27 19
    endloop
  endfacet
  facet normal 0 -1 0
    outer loop
      vertex -52.5 -27 19
      vertex -36.05 -27 11.8
      vertex -12 -27 13
    endloop
  endfacet
  facet normal 0 -1 0
    outer loop
      vertex -52.5 -27 0
      vertex -36.05 -27 11.8
      vertex -52.5 -27 19
    endloop
  endfacet
  facet normal 0 -1 -0
    outer loop
      vertex -36.05 -27 3
      vertex -52.5 -27 0
      vertex 36.05 -27 3
    endloop
  endfacet
  facet normal 0 -1 -0
    outer loop
      vertex -36.05 -27 11.8
      vertex -52.5 -27 0
      vertex -36.05 -27 3
    endloop
  endfacet
  facet normal 0 -1 0
    outer loop
      vertex 12 -27 13
      vertex 52.5 -27 19
      vertex -12 -27 13
    endloop
  endfacet
  facet normal 0 -1 0
    outer loop
      vertex 36.05 -27 11.8
      vertex 12 -27 13
      vertex 12 -27 11.8
    endloop
  endfacet
  facet normal 0 -1 0
    outer loop
      vertex 12 -27 13
      vertex 36.05 -27 11.8
      vertex 52.5 -27 19
    endloop
  endfacet
  facet normal 0 -1 0
    outer loop
      vertex 52.5 -27 0
      vertex 36.05 -27 11.8
      vertex 36.05 -27 3
    endloop
  endfacet
  facet normal 0 -1 0
    outer loop
      vertex 36.05 -27 11.8
      vertex 52.5 -27 0
      vertex 52.5 -27 19
    endloop
  endfacet
  facet normal 0 -1 0
    outer loop
      vertex 52.5 -27 0
      vertex 36.05 -27 3
      vertex -52.5 -27 0
    endloop
  endfacet
  facet normal 0 -1 -0
    outer loop
      vertex -12 -27 13
      vertex -36.05 -27 11.8
      vertex -12 -27 11.8
    endloop
  endfacet
  facet normal 0 -1 0
    outer loop
      vertex -0.469303 -27 11.9631
      vertex 0.469303 -27 11.9631
      vertex 0 -27 12
    endloop
  endfacet
  facet normal 0 -1 0
    outer loop
      vertex -1.05541 -27 11.8
      vertex -0.469303 -27 11.9631
      vertex -0.927051 -27 11.8532
    endloop
  endfacet
  facet normal 0 -1 -0
    outer loop
      vertex -0.469303 -27 11.9631
      vertex -1.05541 -27 11.8
      vertex 0.469303 -27 11.9631
    endloop
  endfacet
  facet normal 0 -1 0
    outer loop
      vertex 1.05541 -27 11.8
      vertex 0.469303 -27 11.9631
      vertex -1.05541 -27 11.8
    endloop
  endfacet
  facet normal 0 -1 0
    outer loop
      vertex 0.469303 -27 11.9631
      vertex 1.05541 -27 11.8
      vertex 0.927051 -27 11.8532
    endloop
  endfacet
  facet normal 0.233602 -0.972332 0
    outer loop
      vertex 52.8129 -26.9754 0
      vertex 53.118 -26.9021 19
      vertex 52.8129 -26.9754 19
    endloop
  endfacet
  facet normal 0.233602 -0.972332 0
    outer loop
      vertex 53.118 -26.9021 19
      vertex 52.8129 -26.9754 0
      vertex 53.118 -26.9021 0
    endloop
  endfacet
  facet normal -0.233602 -0.972332 0
    outer loop
      vertex -53.118 -26.9021 0
      vertex -52.8129 -26.9754 19
      vertex -53.118 -26.9021 19
    endloop
  endfacet
  facet normal -0.233602 -0.972332 -0
    outer loop
      vertex -52.8129 -26.9754 19
      vertex -53.118 -26.9021 0
      vertex -52.8129 -26.9754 0
    endloop
  endfacet
  facet normal -0.972332 0.233602 0
    outer loop
      vertex -54.4754 25.3129 0
      vertex -54.4021 25.618 19
      vertex -54.4021 25.618 0
    endloop
  endfacet
  facet normal -0.972332 0.233602 0
    outer loop
      vertex -54.4021 25.618 19
      vertex -54.4754 25.3129 0
      vertex -54.4754 25.3129 19
    endloop
  endfacet
  facet normal 0.0783775 -0.996924 0
    outer loop
      vertex 52.5 -27 0
      vertex 52.8129 -26.9754 19
      vertex 52.5 -27 19
    endloop
  endfacet
  facet normal 0.0783775 -0.996924 0
    outer loop
      vertex 52.8129 -26.9754 19
      vertex 52.5 -27 0
      vertex 52.8129 -26.9754 0
    endloop
  endfacet
  facet normal -0.85262 0.522532 0
    outer loop
      vertex -54.282 25.908 0
      vertex -54.118 26.1756 19
      vertex -54.118 26.1756 0
    endloop
  endfacet
  facet normal -0.85262 0.522532 0
    outer loop
      vertex -54.118 26.1756 19
      vertex -54.282 25.908 0
      vertex -54.282 25.908 19
    endloop
  endfacet
  facet normal 0.382624 0.923904 -0
    outer loop
      vertex 53.408 26.782 0
      vertex 53.118 26.9021 19
      vertex 53.408 26.782 19
    endloop
  endfacet
  facet normal 0.382624 0.923904 0
    outer loop
      vertex 53.118 26.9021 19
      vertex 53.408 26.782 0
      vertex 53.118 26.9021 0
    endloop
  endfacet
  facet normal -0.0783775 0.996924 0
    outer loop
      vertex -52.5 27 0
      vertex -52.8129 26.9754 19
      vertex -52.5 27 19
    endloop
  endfacet
  facet normal -0.0783775 0.996924 0
    outer loop
      vertex -52.8129 26.9754 19
      vertex -52.5 27 0
      vertex -52.8129 26.9754 0
    endloop
  endfacet
  facet normal -1 0 0
    outer loop
      vertex -54.5 -25 0
      vertex -54.5 25 19
      vertex -54.5 25 0
    endloop
  endfacet
  facet normal -1 -0 0
    outer loop
      vertex -54.5 25 19
      vertex -54.5 -25 0
      vertex -54.5 -25 19
    endloop
  endfacet
  facet normal 0.649478 -0.76038 0
    outer loop
      vertex 53.6756 -26.618 0
      vertex 53.9142 -26.4142 19
      vertex 53.6756 -26.618 19
    endloop
  endfacet
  facet normal 0.649478 -0.76038 0
    outer loop
      vertex 53.9142 -26.4142 19
      vertex 53.6756 -26.618 0
      vertex 53.9142 -26.4142 0
    endloop
  endfacet
  facet normal -0.382624 0.923904 0
    outer loop
      vertex -53.118 26.9021 0
      vertex -53.408 26.782 19
      vertex -53.118 26.9021 19
    endloop
  endfacet
  facet normal -0.382624 0.923904 0
    outer loop
      vertex -53.408 26.782 19
      vertex -53.118 26.9021 0
      vertex -53.408 26.782 0
    endloop
  endfacet
  facet normal 0.923904 -0.382624 0
    outer loop
      vertex 54.282 -25.908 19
      vertex 54.4021 -25.618 0
      vertex 54.4021 -25.618 19
    endloop
  endfacet
  facet normal 0.923904 -0.382624 0
    outer loop
      vertex 54.4021 -25.618 0
      vertex 54.282 -25.908 19
      vertex 54.282 -25.908 0
    endloop
  endfacet
  facet normal 0 1 0
    outer loop
      vertex 52.5 27 19
      vertex 36.05 27 3
      vertex 36.05 27 19
    endloop
  endfacet
  facet normal 0 1 0
    outer loop
      vertex 36.05 27 3
      vertex 52.5 27 0
      vertex -36.05 27 3
    endloop
  endfacet
  facet normal 0 1 -0
    outer loop
      vertex 52.5 27 0
      vertex 36.05 27 3
      vertex 52.5 27 19
    endloop
  endfacet
  facet normal 0 1 -0
    outer loop
      vertex -36.05 27 3
      vertex -52.5 27 19
      vertex -36.05 27 19
    endloop
  endfacet
  facet normal 0 1 0
    outer loop
      vertex -36.05 27 3
      vertex -52.5 27 0
      vertex -52.5 27 19
    endloop
  endfacet
  facet normal 0 1 0
    outer loop
      vertex -52.5 27 0
      vertex -36.05 27 3
      vertex 52.5 27 0
    endloop
  endfacet
  facet normal 0.76038 -0.649478 0
    outer loop
      vertex 53.9142 -26.4142 19
      vertex 54.118 -26.1756 0
      vertex 54.118 -26.1756 19
    endloop
  endfacet
  facet normal 0.76038 -0.649478 0
    outer loop
      vertex 54.118 -26.1756 0
      vertex 53.9142 -26.4142 19
      vertex 53.9142 -26.4142 0
    endloop
  endfacet
  facet normal 0.0783775 0.996924 -0
    outer loop
      vertex 52.8129 26.9754 0
      vertex 52.5 27 19
      vertex 52.8129 26.9754 19
    endloop
  endfacet
  facet normal 0.0783775 0.996924 0
    outer loop
      vertex 52.5 27 19
      vertex 52.8129 26.9754 0
      vertex 52.5 27 0
    endloop
  endfacet
  facet normal -0.382624 -0.923904 0
    outer loop
      vertex -53.408 -26.782 0
      vertex -53.118 -26.9021 19
      vertex -53.408 -26.782 19
    endloop
  endfacet
  facet normal -0.382624 -0.923904 -0
    outer loop
      vertex -53.118 -26.9021 19
      vertex -53.408 -26.782 0
      vertex -53.118 -26.9021 0
    endloop
  endfacet
  facet normal 0.996924 -0.0783775 0
    outer loop
      vertex 54.4754 -25.3129 19
      vertex 54.5 -25 0
      vertex 54.5 -25 19
    endloop
  endfacet
  facet normal 0.996924 -0.0783775 0
    outer loop
      vertex 54.5 -25 0
      vertex 54.4754 -25.3129 19
      vertex 54.4754 -25.3129 0
    endloop
  endfacet
  facet normal -0.649478 -0.76038 0
    outer loop
      vertex -53.9142 -26.4142 0
      vertex -53.6756 -26.618 19
      vertex -53.9142 -26.4142 19
    endloop
  endfacet
  facet normal -0.649478 -0.76038 -0
    outer loop
      vertex -53.6756 -26.618 19
      vertex -53.9142 -26.4142 0
      vertex -53.6756 -26.618 0
    endloop
  endfacet
  facet normal 0.85262 -0.522532 0
    outer loop
      vertex 54.118 -26.1756 19
      vertex 54.282 -25.908 0
      vertex 54.282 -25.908 19
    endloop
  endfacet
  facet normal 0.85262 -0.522532 0
    outer loop
      vertex 54.282 -25.908 0
      vertex 54.118 -26.1756 19
      vertex 54.118 -26.1756 0
    endloop
  endfacet
  facet normal 0.233602 0.972332 -0
    outer loop
      vertex 53.118 26.9021 0
      vertex 52.8129 26.9754 19
      vertex 53.118 26.9021 19
    endloop
  endfacet
  facet normal 0.233602 0.972332 0
    outer loop
      vertex 52.8129 26.9754 19
      vertex 53.118 26.9021 0
      vertex 52.8129 26.9754 0
    endloop
  endfacet
  facet normal 1 -0 0
    outer loop
      vertex 54.5 -25 19
      vertex 54.5 25 0
      vertex 54.5 25 19
    endloop
  endfacet
  facet normal 1 0 0
    outer loop
      vertex 54.5 25 0
      vertex 54.5 -25 19
      vertex 54.5 -25 0
    endloop
  endfacet
  facet normal -0.522532 0.85262 0
    outer loop
      vertex -53.408 26.782 0
      vertex -53.6756 26.618 19
      vertex -53.408 26.782 19
    endloop
  endfacet
  facet normal -0.522532 0.85262 0
    outer loop
      vertex -53.6756 26.618 19
      vertex -53.408 26.782 0
      vertex -53.6756 26.618 0
    endloop
  endfacet
  facet normal 0.522532 0.85262 -0
    outer loop
      vertex 53.6756 26.618 0
      vertex 53.408 26.782 19
      vertex 53.6756 26.618 19
    endloop
  endfacet
  facet normal 0.522532 0.85262 0
    outer loop
      vertex 53.408 26.782 19
      vertex 53.6756 26.618 0
      vertex 53.408 26.782 0
    endloop
  endfacet
  facet normal -0.972332 -0.233602 0
    outer loop
      vertex -54.4021 -25.618 0
      vertex -54.4754 -25.3129 19
      vertex -54.4754 -25.3129 0
    endloop
  endfacet
  facet normal -0.972332 -0.233602 0
    outer loop
      vertex -54.4754 -25.3129 19
      vertex -54.4021 -25.618 0
      vertex -54.4021 -25.618 19
    endloop
  endfacet
  facet normal -0.233602 0.972332 0
    outer loop
      vertex -52.8129 26.9754 0
      vertex -53.118 26.9021 19
      vertex -52.8129 26.9754 19
    endloop
  endfacet
  facet normal -0.233602 0.972332 0
    outer loop
      vertex -53.118 26.9021 19
      vertex -52.8129 26.9754 0
      vertex -53.118 26.9021 0
    endloop
  endfacet
  facet normal -0.76038 -0.649478 0
    outer loop
      vertex -53.9142 -26.4142 0
      vertex -54.118 -26.1756 19
      vertex -54.118 -26.1756 0
    endloop
  endfacet
  facet normal -0.76038 -0.649478 0
    outer loop
      vertex -54.118 -26.1756 19
      vertex -53.9142 -26.4142 0
      vertex -53.9142 -26.4142 19
    endloop
  endfacet
  facet normal -0.923904 0.382624 0
    outer loop
      vertex -54.4021 25.618 0
      vertex -54.282 25.908 19
      vertex -54.282 25.908 0
    endloop
  endfacet
  facet normal -0.923904 0.382624 0
    outer loop
      vertex -54.282 25.908 19
      vertex -54.4021 25.618 0
      vertex -54.4021 25.618 19
    endloop
  endfacet
  facet normal 0.85262 0.522532 0
    outer loop
      vertex 54.282 25.908 19
      vertex 54.118 26.1756 0
      vertex 54.118 26.1756 19
    endloop
  endfacet
  facet normal 0.85262 0.522532 0
    outer loop
      vertex 54.118 26.1756 0
      vertex 54.282 25.908 19
      vertex 54.282 25.908 0
    endloop
  endfacet
  facet normal -0.649478 0.76038 0
    outer loop
      vertex -53.6756 26.618 0
      vertex -53.9142 26.4142 19
      vertex -53.6756 26.618 19
    endloop
  endfacet
  facet normal -0.649478 0.76038 0
    outer loop
      vertex -53.9142 26.4142 19
      vertex -53.6756 26.618 0
      vertex -53.9142 26.4142 0
    endloop
  endfacet
  facet normal -0.923904 -0.382624 0
    outer loop
      vertex -54.282 -25.908 0
      vertex -54.4021 -25.618 19
      vertex -54.4021 -25.618 0
    endloop
  endfacet
  facet normal -0.923904 -0.382624 0
    outer loop
      vertex -54.4021 -25.618 19
      vertex -54.282 -25.908 0
      vertex -54.282 -25.908 19
    endloop
  endfacet
  facet normal -0.76038 0.649478 0
    outer loop
      vertex -54.118 26.1756 0
      vertex -53.9142 26.4142 19
      vertex -53.9142 26.4142 0
    endloop
  endfacet
  facet normal -0.76038 0.649478 0
    outer loop
      vertex -53.9142 26.4142 19
      vertex -54.118 26.1756 0
      vertex -54.118 26.1756 19
    endloop
  endfacet
  facet normal 0.972332 0.233602 0
    outer loop
      vertex 54.4754 25.3129 19
      vertex 54.4021 25.618 0
      vertex 54.4021 25.618 19
    endloop
  endfacet
  facet normal 0.972332 0.233602 0
    outer loop
      vertex 54.4021 25.618 0
      vertex 54.4754 25.3129 19
      vertex 54.4754 25.3129 0
    endloop
  endfacet
  facet normal 0.923904 0.382624 0
    outer loop
      vertex 54.4021 25.618 19
      vertex 54.282 25.908 0
      vertex 54.282 25.908 19
    endloop
  endfacet
  facet normal 0.923904 0.382624 0
    outer loop
      vertex 54.282 25.908 0
      vertex 54.4021 25.618 19
      vertex 54.4021 25.618 0
    endloop
  endfacet
  facet normal -0.522532 -0.85262 0
    outer loop
      vertex -53.6756 -26.618 0
      vertex -53.408 -26.782 19
      vertex -53.6756 -26.618 19
    endloop
  endfacet
  facet normal -0.522532 -0.85262 -0
    outer loop
      vertex -53.408 -26.782 19
      vertex -53.6756 -26.618 0
      vertex -53.408 -26.782 0
    endloop
  endfacet
  facet normal 0.76038 0.649478 0
    outer loop
      vertex 54.118 26.1756 19
      vertex 53.9142 26.4142 0
      vertex 53.9142 26.4142 19
    endloop
  endfacet
  facet normal 0.76038 0.649478 0
    outer loop
      vertex 53.9142 26.4142 0
      vertex 54.118 26.1756 19
      vertex 54.118 26.1756 0
    endloop
  endfacet
  facet normal 0.649478 0.76038 -0
    outer loop
      vertex 53.9142 26.4142 0
      vertex 53.6756 26.618 19
      vertex 53.9142 26.4142 19
    endloop
  endfacet
  facet normal 0.649478 0.76038 0
    outer loop
      vertex 53.6756 26.618 19
      vertex 53.9142 26.4142 0
      vertex 53.6756 26.618 0
    endloop
  endfacet
  facet normal -0.996924 0.0783775 0
    outer loop
      vertex -54.5 25 0
      vertex -54.4754 25.3129 19
      vertex -54.4754 25.3129 0
    endloop
  endfacet
  facet normal -0.996924 0.0783775 0
    outer loop
      vertex -54.4754 25.3129 19
      vertex -54.5 25 0
      vertex -54.5 25 19
    endloop
  endfacet
  facet normal 0.972332 -0.233602 0
    outer loop
      vertex 54.4021 -25.618 19
      vertex 54.4754 -25.3129 0
      vertex 54.4754 -25.3129 19
    endloop
  endfacet
  facet normal 0.972332 -0.233602 0
    outer loop
      vertex 54.4754 -25.3129 0
      vertex 54.4021 -25.618 19
      vertex 54.4021 -25.618 0
    endloop
  endfacet
  facet normal -0.996924 -0.0783775 0
    outer loop
      vertex -54.4754 -25.3129 0
      vertex -54.5 -25 19
      vertex -54.5 -25 0
    endloop
  endfacet
  facet normal -0.996924 -0.0783775 0
    outer loop
      vertex -54.5 -25 19
      vertex -54.4754 -25.3129 0
      vertex -54.4754 -25.3129 19
    endloop
  endfacet
  facet normal 0 0 -1
    outer loop
      vertex -36.4775 1.46946 0
      vertex -29.5225 1.46946 0
      vertex -36.2725 1.13498 0
    endloop
  endfacet
  facet normal 0 0 -1
    outer loop
      vertex -29.2678 9.23223 0
      vertex -36.0308 10.6089 0
      vertex -36 11 0
    endloop
  endfacet
  facet normal 0 0 -1
    outer loop
      vertex -29.5225 1.46946 0
      vertex -36.4775 1.46946 0
      vertex -29.2678 1.76777 0
    endloop
  endfacet
  facet normal 0 0 -1
    outer loop
      vertex -29.2678 9.23223 0
      vertex -36.1224 10.2275 0
      vertex -36.0308 10.6089 0
    endloop
  endfacet
  facet normal 0 0 -1
    outer loop
      vertex -36.7322 1.76777 0
      vertex -29.2678 1.76777 0
      vertex -36.4775 1.46946 0
    endloop
  endfacet
  facet normal 0 0 -1
    outer loop
      vertex -29.2678 9.23223 0
      vertex -36.2725 9.86502 0
      vertex -36.1224 10.2275 0
    endloop
  endfacet
  facet normal 0 0 -1
    outer loop
      vertex -29.2678 1.76777 0
      vertex -36.7322 1.76777 0
      vertex -29.2678 9.23223 0
    endloop
  endfacet
  facet normal 0 0 -1
    outer loop
      vertex -29.2678 9.23223 0
      vertex -36.4775 9.53054 0
      vertex -36.2725 9.86502 0
    endloop
  endfacet
  facet normal 0 0 -1
    outer loop
      vertex -36.7322 9.23223 0
      vertex -29.2678 9.23223 0
      vertex -36.7322 1.76777 0
    endloop
  endfacet
  facet normal 0 0 -1
    outer loop
      vertex -29.2678 9.23223 0
      vertex -36.7322 9.23223 0
      vertex -36.4775 9.53054 0
    endloop
  endfacet
  facet normal 0 0 -1
    outer loop
      vertex -37.0305 2.02254 0
      vertex -36.7322 9.23223 0
      vertex -36.7322 1.76777 0
    endloop
  endfacet
  facet normal 0 0 -1
    outer loop
      vertex -37.0305 2.02254 0
      vertex -37.0305 8.97746 0
      vertex -36.7322 9.23223 0
    endloop
  endfacet
  facet normal 0 0 -1
    outer loop
      vertex -37.365 2.22752 0
      vertex -37.0305 8.97746 0
      vertex -37.0305 2.02254 0
    endloop
  endfacet
  facet normal 0 0 -1
    outer loop
      vertex -37.365 2.22752 0
      vertex -37.365 8.77248 0
      vertex -37.0305 8.97746 0
    endloop
  endfacet
  facet normal 0 0 -1
    outer loop
      vertex -37.7275 2.37764 0
      vertex -37.365 8.77248 0
      vertex -37.365 2.22752 0
    endloop
  endfacet
  facet normal 0 0 -1
    outer loop
      vertex -37.7275 2.37764 0
      vertex -37.7275 8.62236 0
      vertex -37.365 8.77248 0
    endloop
  endfacet
  facet normal 0 0 -1
    outer loop
      vertex -38.1089 2.46922 0
      vertex -37.7275 8.62236 0
      vertex -37.7275 2.37764 0
    endloop
  endfacet
  facet normal 0 0 -1
    outer loop
      vertex -38.1089 2.46922 0
      vertex -38.1089 8.53078 0
      vertex -37.7275 8.62236 0
    endloop
  endfacet
  facet normal 0 0 -1
    outer loop
      vertex -38.5 2.5 0
      vertex -38.1089 8.53078 0
      vertex -38.1089 2.46922 0
    endloop
  endfacet
  facet normal 0 0 -1
    outer loop
      vertex -38.5 2.5 0
      vertex -38.5 8.5 0
      vertex -38.1089 8.53078 0
    endloop
  endfacet
  facet normal 0 0 -1
    outer loop
      vertex -38.8911 2.46922 0
      vertex -38.5 8.5 0
      vertex -38.5 2.5 0
    endloop
  endfacet
  facet normal 0 0 -1
    outer loop
      vertex -38.8911 2.46922 0
      vertex -38.8911 8.53078 0
      vertex -38.5 8.5 0
    endloop
  endfacet
  facet normal 0 0 -1
    outer loop
      vertex -39.2725 2.37764 0
      vertex -38.8911 8.53078 0
      vertex -38.8911 2.46922 0
    endloop
  endfacet
  facet normal 0 0 -1
    outer loop
      vertex -39.2725 2.37764 0
      vertex -39.2725 8.62236 0
      vertex -38.8911 8.53078 0
    endloop
  endfacet
  facet normal 0 0 -1
    outer loop
      vertex -39.635 2.22752 0
      vertex -39.2725 8.62236 0
      vertex -39.2725 2.37764 0
    endloop
  endfacet
  facet normal 0 0 -1
    outer loop
      vertex -39.635 2.22752 0
      vertex -39.635 8.77248 0
      vertex -39.2725 8.62236 0
    endloop
  endfacet
  facet normal 0 0 -1
    outer loop
      vertex -39.9695 2.02254 0
      vertex -39.635 8.77248 0
      vertex -39.635 2.22752 0
    endloop
  endfacet
  facet normal 0 0 -1
    outer loop
      vertex -39.9695 2.02254 0
      vertex -39.9695 8.97746 0
      vertex -39.635 8.77248 0
    endloop
  endfacet
  facet normal 0 0 -1
    outer loop
      vertex -40.2678 1.76777 0
      vertex -39.9695 8.97746 0
      vertex -39.9695 2.02254 0
    endloop
  endfacet
  facet normal 0 0 -1
    outer loop
      vertex -40.2678 1.76777 0
      vertex -40.2678 9.23223 0
      vertex -39.9695 8.97746 0
    endloop
  endfacet
  facet normal 0 0 -1
    outer loop
      vertex -40.5225 1.46946 0
      vertex -40.2678 9.23223 0
      vertex -40.2678 1.76777 0
    endloop
  endfacet
  facet normal 0 0 -1
    outer loop
      vertex -40.5225 1.46946 0
      vertex -40.5225 9.53054 0
      vertex -40.2678 9.23223 0
    endloop
  endfacet
  facet normal 0 0 -1
    outer loop
      vertex -40.7275 1.13498 0
      vertex -40.5225 9.53054 0
      vertex -40.5225 1.46946 0
    endloop
  endfacet
  facet normal 0 0 -1
    outer loop
      vertex -40.7275 1.13498 0
      vertex -40.7275 9.86502 0
      vertex -40.5225 9.53054 0
    endloop
  endfacet
  facet normal 0 0 -1
    outer loop
      vertex -40.8776 0.772542 0
      vertex -40.7275 9.86502 0
      vertex -40.7275 1.13498 0
    endloop
  endfacet
  facet normal 0 0 -1
    outer loop
      vertex -40.8776 0.772542 0
      vertex -40.8776 10.2275 0
      vertex -40.7275 9.86502 0
    endloop
  endfacet
  facet normal 0 0 -1
    outer loop
      vertex -40.9692 0.391086 0
      vertex -40.8776 10.2275 0
      vertex -40.8776 0.772542 0
    endloop
  endfacet
  facet normal 0 0 -1
    outer loop
      vertex -40.9692 0.391086 0
      vertex -40.9692 10.6089 0
      vertex -40.8776 10.2275 0
    endloop
  endfacet
  facet normal 0 0 -1
    outer loop
      vertex -54.5 25 0
      vertex -40.9692 0.391086 0
      vertex -41 0 0
    endloop
  endfacet
  facet normal 0 0 -1
    outer loop
      vertex -40.9692 0.391086 0
      vertex -54.5 25 0
      vertex -40.9692 10.6089 0
    endloop
  endfacet
  facet normal 0 0 -1
    outer loop
      vertex -36.4775 -9.53054 0
      vertex -29.5225 -9.53054 0
      vertex -36.2725 -9.86502 0
    endloop
  endfacet
  facet normal 0 0 -1
    outer loop
      vertex -29.2678 -1.76777 0
      vertex -36.0308 -0.391086 0
      vertex -36 0 0
    endloop
  endfacet
  facet normal 0 0 -1
    outer loop
      vertex -29.5225 -9.53054 0
      vertex -36.4775 -9.53054 0
      vertex -29.2678 -9.23223 0
    endloop
  endfacet
  facet normal 0 0 -1
    outer loop
      vertex -29.2678 -1.76777 0
      vertex -36.1224 -0.772542 0
      vertex -36.0308 -0.391086 0
    endloop
  endfacet
  facet normal 0 0 -1
    outer loop
      vertex -36.7322 -9.23223 0
      vertex -29.2678 -9.23223 0
      vertex -36.4775 -9.53054 0
    endloop
  endfacet
  facet normal 0 0 -1
    outer loop
      vertex -29.2678 -1.76777 0
      vertex -36.2725 -1.13498 0
      vertex -36.1224 -0.772542 0
    endloop
  endfacet
  facet normal 0 0 -1
    outer loop
      vertex -29.2678 -9.23223 0
      vertex -36.7322 -9.23223 0
      vertex -29.2678 -1.76777 0
    endloop
  endfacet
  facet normal 0 0 -1
    outer loop
      vertex -29.2678 -1.76777 0
      vertex -36.4775 -1.46946 0
      vertex -36.2725 -1.13498 0
    endloop
  endfacet
  facet normal 0 0 -1
    outer loop
      vertex -36.7322 -1.76777 0
      vertex -29.2678 -1.76777 0
      vertex -36.7322 -9.23223 0
    endloop
  endfacet
  facet normal 0 0 -1
    outer loop
      vertex -29.2678 -1.76777 0
      vertex -36.7322 -1.76777 0
      vertex -36.4775 -1.46946 0
    endloop
  endfacet
  facet normal 0 0 -1
    outer loop
      vertex -37.0305 -8.97746 0
      vertex -36.7322 -1.76777 0
      vertex -36.7322 -9.23223 0
    endloop
  endfacet
  facet normal 0 0 -1
    outer loop
      vertex -37.0305 -8.97746 0
      vertex -37.0305 -2.02254 0
      vertex -36.7322 -1.76777 0
    endloop
  endfacet
  facet normal 0 0 -1
    outer loop
      vertex -37.365 -8.77248 0
      vertex -37.0305 -2.02254 0
      vertex -37.0305 -8.97746 0
    endloop
  endfacet
  facet normal 0 0 -1
    outer loop
      vertex -37.365 -8.77248 0
      vertex -37.365 -2.22752 0
      vertex -37.0305 -2.02254 0
    endloop
  endfacet
  facet normal 0 0 -1
    outer loop
      vertex -37.7275 -8.62236 0
      vertex -37.365 -2.22752 0
      vertex -37.365 -8.77248 0
    endloop
  endfacet
  facet normal 0 0 -1
    outer loop
      vertex -37.7275 -8.62236 0
      vertex -37.7275 -2.37764 0
      vertex -37.365 -2.22752 0
    endloop
  endfacet
  facet normal 0 0 -1
    outer loop
      vertex -38.1089 -8.53078 0
      vertex -37.7275 -2.37764 0
      vertex -37.7275 -8.62236 0
    endloop
  endfacet
  facet normal 0 0 -1
    outer loop
      vertex -38.1089 -8.53078 0
      vertex -38.1089 -2.46922 0
      vertex -37.7275 -2.37764 0
    endloop
  endfacet
  facet normal 0 0 -1
    outer loop
      vertex -38.5 -8.5 0
      vertex -38.1089 -2.46922 0
      vertex -38.1089 -8.53078 0
    endloop
  endfacet
  facet normal 0 0 -1
    outer loop
      vertex -38.5 -8.5 0
      vertex -38.5 -2.5 0
      vertex -38.1089 -2.46922 0
    endloop
  endfacet
  facet normal 0 0 -1
    outer loop
      vertex -38.8911 -8.53078 0
      vertex -38.5 -2.5 0
      vertex -38.5 -8.5 0
    endloop
  endfacet
  facet normal 0 0 -1
    outer loop
      vertex -38.8911 -8.53078 0
      vertex -38.8911 -2.46922 0
      vertex -38.5 -2.5 0
    endloop
  endfacet
  facet normal 0 0 -1
    outer loop
      vertex -39.2725 -8.62236 0
      vertex -38.8911 -2.46922 0
      vertex -38.8911 -8.53078 0
    endloop
  endfacet
  facet normal 0 0 -1
    outer loop
      vertex -39.2725 -8.62236 0
      vertex -39.2725 -2.37764 0
      vertex -38.8911 -2.46922 0
    endloop
  endfacet
  facet normal 0 0 -1
    outer loop
      vertex -39.635 -8.77248 0
      vertex -39.2725 -2.37764 0
      vertex -39.2725 -8.62236 0
    endloop
  endfacet
  facet normal 0 0 -1
    outer loop
      vertex -39.635 -8.77248 0
      vertex -39.635 -2.22752 0
      vertex -39.2725 -2.37764 0
    endloop
  endfacet
  facet normal 0 0 -1
    outer loop
      vertex -39.9695 -8.97746 0
      vertex -39.635 -2.22752 0
      vertex -39.635 -8.77248 0
    endloop
  endfacet
  facet normal 0 0 -1
    outer loop
      vertex -39.9695 -8.97746 0
      vertex -39.9695 -2.02254 0
      vertex -39.635 -2.22752 0
    endloop
  endfacet
  facet normal 0 0 -1
    outer loop
      vertex -40.2678 -9.23223 0
      vertex -39.9695 -2.02254 0
      vertex -39.9695 -8.97746 0
    endloop
  endfacet
  facet normal 0 0 -1
    outer loop
      vertex -40.2678 -9.23223 0
      vertex -40.2678 -1.76777 0
      vertex -39.9695 -2.02254 0
    endloop
  endfacet
  facet normal 0 0 -1
    outer loop
      vertex -40.5225 -9.53054 0
      vertex -40.2678 -1.76777 0
      vertex -40.2678 -9.23223 0
    endloop
  endfacet
  facet normal 0 0 -1
    outer loop
      vertex -40.5225 -9.53054 0
      vertex -40.5225 -1.46946 0
      vertex -40.2678 -1.76777 0
    endloop
  endfacet
  facet normal 0 0 -1
    outer loop
      vertex -40.7275 -9.86502 0
      vertex -40.5225 -1.46946 0
      vertex -40.5225 -9.53054 0
    endloop
  endfacet
  facet normal 0 0 -1
    outer loop
      vertex -40.7275 -9.86502 0
      vertex -40.7275 -1.13498 0
      vertex -40.5225 -1.46946 0
    endloop
  endfacet
  facet normal 0 0 -1
    outer loop
      vertex -40.8776 -10.2275 0
      vertex -40.7275 -1.13498 0
      vertex -40.7275 -9.86502 0
    endloop
  endfacet
  facet normal 0 0 -1
    outer loop
      vertex -40.8776 -10.2275 0
      vertex -40.8776 -0.772542 0
      vertex -40.7275 -1.13498 0
    endloop
  endfacet
  facet normal 0 0 -1
    outer loop
      vertex -40.9692 -10.6089 0
      vertex -40.8776 -0.772542 0
      vertex -40.8776 -10.2275 0
    endloop
  endfacet
  facet normal 0 0 -1
    outer loop
      vertex -40.9692 -10.6089 0
      vertex -40.9692 -0.391086 0
      vertex -40.8776 -0.772542 0
    endloop
  endfacet
  facet normal 0 0 -1
    outer loop
      vertex -54.5 -25 0
      vertex -40.9692 -10.6089 0
      vertex -41 -11 0
    endloop
  endfacet
  facet normal -0 0 -1
    outer loop
      vertex -40.9692 -10.6089 0
      vertex -54.5 -25 0
      vertex -40.9692 -0.391086 0
    endloop
  endfacet
  facet normal 0 0 -1
    outer loop
      vertex -25.4775 1.46946 0
      vertex -18.5225 1.46946 0
      vertex -25.2725 1.13498 0
    endloop
  endfacet
  facet normal 0 0 -1
    outer loop
      vertex -18.2678 9.23223 0
      vertex -25.0308 10.6089 0
      vertex -25 11 0
    endloop
  endfacet
  facet normal 0 0 -1
    outer loop
      vertex -18.5225 1.46946 0
      vertex -25.4775 1.46946 0
      vertex -18.2678 1.76777 0
    endloop
  endfacet
  facet normal 0 0 -1
    outer loop
      vertex -18.2678 9.23223 0
      vertex -25.1224 10.2275 0
      vertex -25.0308 10.6089 0
    endloop
  endfacet
  facet normal 0 0 -1
    outer loop
      vertex -25.7322 1.76777 0
      vertex -18.2678 1.76777 0
      vertex -25.4775 1.46946 0
    endloop
  endfacet
  facet normal 0 0 -1
    outer loop
      vertex -18.2678 9.23223 0
      vertex -25.2725 9.86502 0
      vertex -25.1224 10.2275 0
    endloop
  endfacet
  facet normal 0 0 -1
    outer loop
      vertex -18.2678 1.76777 0
      vertex -25.7322 1.76777 0
      vertex -18.2678 9.23223 0
    endloop
  endfacet
  facet normal 0 0 -1
    outer loop
      vertex -18.2678 9.23223 0
      vertex -25.4775 9.53054 0
      vertex -25.2725 9.86502 0
    endloop
  endfacet
  facet normal 0 0 -1
    outer loop
      vertex -25.7322 9.23223 0
      vertex -18.2678 9.23223 0
      vertex -25.7322 1.76777 0
    endloop
  endfacet
  facet normal 0 0 -1
    outer loop
      vertex -18.2678 9.23223 0
      vertex -25.7322 9.23223 0
      vertex -25.4775 9.53054 0
    endloop
  endfacet
  facet normal 0 0 -1
    outer loop
      vertex -26.0305 2.02254 0
      vertex -25.7322 9.23223 0
      vertex -25.7322 1.76777 0
    endloop
  endfacet
  facet normal 0 0 -1
    outer loop
      vertex -26.0305 2.02254 0
      vertex -26.0305 8.97746 0
      vertex -25.7322 9.23223 0
    endloop
  endfacet
  facet normal 0 0 -1
    outer loop
      vertex -26.365 2.22752 0
      vertex -26.0305 8.97746 0
      vertex -26.0305 2.02254 0
    endloop
  endfacet
  facet normal 0 0 -1
    outer loop
      vertex -26.365 2.22752 0
      vertex -26.365 8.77248 0
      vertex -26.0305 8.97746 0
    endloop
  endfacet
  facet normal 0 0 -1
    outer loop
      vertex -26.7275 2.37764 0
      vertex -26.365 8.77248 0
      vertex -26.365 2.22752 0
    endloop
  endfacet
  facet normal 0 0 -1
    outer loop
      vertex -26.7275 2.37764 0
      vertex -26.7275 8.62236 0
      vertex -26.365 8.77248 0
    endloop
  endfacet
  facet normal 0 0 -1
    outer loop
      vertex -27.1089 2.46922 0
      vertex -26.7275 8.62236 0
      vertex -26.7275 2.37764 0
    endloop
  endfacet
  facet normal 0 0 -1
    outer loop
      vertex -27.1089 2.46922 0
      vertex -27.1089 8.53078 0
      vertex -26.7275 8.62236 0
    endloop
  endfacet
  facet normal 0 0 -1
    outer loop
      vertex -27.5 2.5 0
      vertex -27.1089 8.53078 0
      vertex -27.1089 2.46922 0
    endloop
  endfacet
  facet normal 0 0 -1
    outer loop
      vertex -27.5 2.5 0
      vertex -27.5 8.5 0
      vertex -27.1089 8.53078 0
    endloop
  endfacet
  facet normal 0 0 -1
    outer loop
      vertex -27.8911 2.46922 0
      vertex -27.5 8.5 0
      vertex -27.5 2.5 0
    endloop
  endfacet
  facet normal 0 0 -1
    outer loop
      vertex -27.8911 2.46922 0
      vertex -27.8911 8.53078 0
      vertex -27.5 8.5 0
    endloop
  endfacet
  facet normal 0 0 -1
    outer loop
      vertex -28.2725 2.37764 0
      vertex -27.8911 8.53078 0
      vertex -27.8911 2.46922 0
    endloop
  endfacet
  facet normal 0 0 -1
    outer loop
      vertex -28.2725 2.37764 0
      vertex -28.2725 8.62236 0
      vertex -27.8911 8.53078 0
    endloop
  endfacet
  facet normal 0 0 -1
    outer loop
      vertex -28.635 2.22752 0
      vertex -28.2725 8.62236 0
      vertex -28.2725 2.37764 0
    endloop
  endfacet
  facet normal 0 0 -1
    outer loop
      vertex -28.635 2.22752 0
      vertex -28.635 8.77248 0
      vertex -28.2725 8.62236 0
    endloop
  endfacet
  facet normal 0 0 -1
    outer loop
      vertex -28.9695 2.02254 0
      vertex -28.635 8.77248 0
      vertex -28.635 2.22752 0
    endloop
  endfacet
  facet normal 0 0 -1
    outer loop
      vertex -28.9695 2.02254 0
      vertex -28.9695 8.97746 0
      vertex -28.635 8.77248 0
    endloop
  endfacet
  facet normal 0 0 -1
    outer loop
      vertex -29.2678 1.76777 0
      vertex -28.9695 8.97746 0
      vertex -28.9695 2.02254 0
    endloop
  endfacet
  facet normal 0 0 -1
    outer loop
      vertex -29.2678 1.76777 0
      vertex -29.2678 9.23223 0
      vertex -28.9695 8.97746 0
    endloop
  endfacet
  facet normal 0 0 -1
    outer loop
      vertex -29.8776 0.772542 0
      vertex -36.1224 0.772542 0
      vertex -29.7275 1.13498 0
    endloop
  endfacet
  facet normal 0 0 -1
    outer loop
      vertex -36.2725 1.13498 0
      vertex -29.7275 1.13498 0
      vertex -36.1224 0.772542 0
    endloop
  endfacet
  facet normal 0 0 -1
    outer loop
      vertex -36.1224 0.772542 0
      vertex -29.8776 0.772542 0
      vertex -36.0308 0.391086 0
    endloop
  endfacet
  facet normal 0 0 -1
    outer loop
      vertex -29.7275 1.13498 0
      vertex -36.2725 1.13498 0
      vertex -29.5225 1.46946 0
    endloop
  endfacet
  facet normal 0 0 -1
    outer loop
      vertex -29.9692 0.391086 0
      vertex -36.0308 0.391086 0
      vertex -29.8776 0.772542 0
    endloop
  endfacet
  facet normal 0 0 -1
    outer loop
      vertex -29.2678 9.23223 0
      vertex -36 11 0
      vertex -29.5225 9.53054 0
    endloop
  endfacet
  facet normal 0 0 -1
    outer loop
      vertex -36.0308 0.391086 0
      vertex -29.9692 0.391086 0
      vertex -36 0 0
    endloop
  endfacet
  facet normal 0 0 -1
    outer loop
      vertex -29.5225 9.53054 0
      vertex -36 11 0
      vertex -29.7275 9.86502 0
    endloop
  endfacet
  facet normal 0 0 -1
    outer loop
      vertex -36 0 0
      vertex -29.9692 0.391086 0
      vertex -30 0 0
    endloop
  endfacet
  facet normal 0 0 -1
    outer loop
      vertex -29.7275 9.86502 0
      vertex -36 11 0
      vertex -29.8776 10.2275 0
    endloop
  endfacet
  facet normal 0 0 -1
    outer loop
      vertex -25.4775 -9.53054 0
      vertex -18.5225 -9.53054 0
      vertex -25.2725 -9.86502 0
    endloop
  endfacet
  facet normal 0 0 -1
    outer loop
      vertex -18.2678 -1.76777 0
      vertex -25.0308 -0.391086 0
      vertex -25 0 0
    endloop
  endfacet
  facet normal 0 0 -1
    outer loop
      vertex -18.5225 -9.53054 0
      vertex -25.4775 -9.53054 0
      vertex -18.2678 -9.23223 0
    endloop
  endfacet
  facet normal 0 0 -1
    outer loop
      vertex -18.2678 -1.76777 0
      vertex -25.1224 -0.772542 0
      vertex -25.0308 -0.391086 0
    endloop
  endfacet
  facet normal 0 0 -1
    outer loop
      vertex -25.7322 -9.23223 0
      vertex -18.2678 -9.23223 0
      vertex -25.4775 -9.53054 0
    endloop
  endfacet
  facet normal 0 0 -1
    outer loop
      vertex -18.2678 -1.76777 0
      vertex -25.2725 -1.13498 0
      vertex -25.1224 -0.772542 0
    endloop
  endfacet
  facet normal 0 0 -1
    outer loop
      vertex -18.2678 -9.23223 0
      vertex -25.7322 -9.23223 0
      vertex -18.2678 -1.76777 0
    endloop
  endfacet
  facet normal 0 0 -1
    outer loop
      vertex -18.2678 -1.76777 0
      vertex -25.4775 -1.46946 0
      vertex -25.2725 -1.13498 0
    endloop
  endfacet
  facet normal 0 0 -1
    outer loop
      vertex -25.7322 -1.76777 0
      vertex -18.2678 -1.76777 0
      vertex -25.7322 -9.23223 0
    endloop
  endfacet
  facet normal 0 0 -1
    outer loop
      vertex -18.2678 -1.76777 0
      vertex -25.7322 -1.76777 0
      vertex -25.4775 -1.46946 0
    endloop
  endfacet
  facet normal 0 0 -1
    outer loop
      vertex -26.0305 -8.97746 0
      vertex -25.7322 -1.76777 0
      vertex -25.7322 -9.23223 0
    endloop
  endfacet
  facet normal 0 0 -1
    outer loop
      vertex -26.0305 -8.97746 0
      vertex -26.0305 -2.02254 0
      vertex -25.7322 -1.76777 0
    endloop
  endfacet
  facet normal 0 0 -1
    outer loop
      vertex -26.365 -8.77248 0
      vertex -26.0305 -2.02254 0
      vertex -26.0305 -8.97746 0
    endloop
  endfacet
  facet normal 0 0 -1
    outer loop
      vertex -26.365 -8.77248 0
      vertex -26.365 -2.22752 0
      vertex -26.0305 -2.02254 0
    endloop
  endfacet
  facet normal 0 0 -1
    outer loop
      vertex -26.7275 -8.62236 0
      vertex -26.365 -2.22752 0
      vertex -26.365 -8.77248 0
    endloop
  endfacet
  facet normal 0 0 -1
    outer loop
      vertex -26.7275 -8.62236 0
      vertex -26.7275 -2.37764 0
      vertex -26.365 -2.22752 0
    endloop
  endfacet
  facet normal 0 0 -1
    outer loop
      vertex -27.1089 -8.53078 0
      vertex -26.7275 -2.37764 0
      vertex -26.7275 -8.62236 0
    endloop
  endfacet
  facet normal 0 0 -1
    outer loop
      vertex -27.1089 -8.53078 0
      vertex -27.1089 -2.46922 0
      vertex -26.7275 -2.37764 0
    endloop
  endfacet
  facet normal 0 0 -1
    outer loop
      vertex -27.5 -8.5 0
      vertex -27.1089 -2.46922 0
      vertex -27.1089 -8.53078 0
    endloop
  endfacet
  facet normal 0 0 -1
    outer loop
      vertex -27.5 -8.5 0
      vertex -27.5 -2.5 0
      vertex -27.1089 -2.46922 0
    endloop
  endfacet
  facet normal 0 0 -1
    outer loop
      vertex -27.8911 -8.53078 0
      vertex -27.5 -2.5 0
      vertex -27.5 -8.5 0
    endloop
  endfacet
  facet normal 0 0 -1
    outer loop
      vertex -27.8911 -8.53078 0
      vertex -27.8911 -2.46922 0
      vertex -27.5 -2.5 0
    endloop
  endfacet
  facet normal 0 0 -1
    outer loop
      vertex -28.2725 -8.62236 0
      vertex -27.8911 -2.46922 0
      vertex -27.8911 -8.53078 0
    endloop
  endfacet
  facet normal 0 0 -1
    outer loop
      vertex -28.2725 -8.62236 0
      vertex -28.2725 -2.37764 0
      vertex -27.8911 -2.46922 0
    endloop
  endfacet
  facet normal 0 0 -1
    outer loop
      vertex -28.635 -8.77248 0
      vertex -28.2725 -2.37764 0
      vertex -28.2725 -8.62236 0
    endloop
  endfacet
  facet normal 0 0 -1
    outer loop
      vertex -28.635 -8.77248 0
      vertex -28.635 -2.22752 0
      vertex -28.2725 -2.37764 0
    endloop
  endfacet
  facet normal 0 0 -1
    outer loop
      vertex -28.9695 -8.97746 0
      vertex -28.635 -2.22752 0
      vertex -28.635 -8.77248 0
    endloop
  endfacet
  facet normal 0 0 -1
    outer loop
      vertex -28.9695 -8.97746 0
      vertex -28.9695 -2.02254 0
      vertex -28.635 -2.22752 0
    endloop
  endfacet
  facet normal 0 0 -1
    outer loop
      vertex -29.2678 -9.23223 0
      vertex -28.9695 -2.02254 0
      vertex -28.9695 -8.97746 0
    endloop
  endfacet
  facet normal 0 0 -1
    outer loop
      vertex -29.2678 -9.23223 0
      vertex -29.2678 -1.76777 0
      vertex -28.9695 -2.02254 0
    endloop
  endfacet
  facet normal 0 0 -1
    outer loop
      vertex -29.8776 -10.2275 0
      vertex -36.1224 -10.2275 0
      vertex -29.7275 -9.86502 0
    endloop
  endfacet
  facet normal 0 0 -1
    outer loop
      vertex -36.2725 -9.86502 0
      vertex -29.7275 -9.86502 0
      vertex -36.1224 -10.2275 0
    endloop
  endfacet
  facet normal 0 0 -1
    outer loop
      vertex -36.1224 -10.2275 0
      vertex -29.8776 -10.2275 0
      vertex -36.0308 -10.6089 0
    endloop
  endfacet
  facet normal 0 0 -1
    outer loop
      vertex -29.7275 -9.86502 0
      vertex -36.2725 -9.86502 0
      vertex -29.5225 -9.53054 0
    endloop
  endfacet
  facet normal 0 0 -1
    outer loop
      vertex -29.9692 -10.6089 0
      vertex -36.0308 -10.6089 0
      vertex -29.8776 -10.2275 0
    endloop
  endfacet
  facet normal 0 0 -1
    outer loop
      vertex -29.2678 -1.76777 0
      vertex -36 0 0
      vertex -29.5225 -1.46946 0
    endloop
  endfacet
  facet normal 0 0 -1
    outer loop
      vertex -36.0308 -10.6089 0
      vertex -29.9692 -10.6089 0
      vertex -36 -11 0
    endloop
  endfacet
  facet normal 0 0 -1
    outer loop
      vertex -29.5225 -1.46946 0
      vertex -36 0 0
      vertex -29.7275 -1.13498 0
    endloop
  endfacet
  facet normal 0 0 -1
    outer loop
      vertex -36 -11 0
      vertex -29.9692 -10.6089 0
      vertex -30 -11 0
    endloop
  endfacet
  facet normal 0 0 -1
    outer loop
      vertex -29.7275 -1.13498 0
      vertex -36 0 0
      vertex -29.8776 -0.772542 0
    endloop
  endfacet
  facet normal 0 0 -1
    outer loop
      vertex -14.4775 1.46946 0
      vertex -7.52254 1.46946 0
      vertex -14.2725 1.13498 0
    endloop
  endfacet
  facet normal 0 0 -1
    outer loop
      vertex -7.26777 9.23223 0
      vertex -14.0308 10.6089 0
      vertex -14 11 0
    endloop
  endfacet
  facet normal 0 0 -1
    outer loop
      vertex -7.52254 1.46946 0
      vertex -14.4775 1.46946 0
      vertex -7.26777 1.76777 0
    endloop
  endfacet
  facet normal 0 0 -1
    outer loop
      vertex -7.26777 9.23223 0
      vertex -14.1224 10.2275 0
      vertex -14.0308 10.6089 0
    endloop
  endfacet
  facet normal 0 0 -1
    outer loop
      vertex -14.7322 1.76777 0
      vertex -7.26777 1.76777 0
      vertex -14.4775 1.46946 0
    endloop
  endfacet
  facet normal 0 0 -1
    outer loop
      vertex -7.26777 9.23223 0
      vertex -14.2725 9.86502 0
      vertex -14.1224 10.2275 0
    endloop
  endfacet
  facet normal 0 0 -1
    outer loop
      vertex -7.26777 1.76777 0
      vertex -14.7322 1.76777 0
      vertex -7.26777 9.23223 0
    endloop
  endfacet
  facet normal 0 0 -1
    outer loop
      vertex -7.26777 9.23223 0
      vertex -14.4775 9.53054 0
      vertex -14.2725 9.86502 0
    endloop
  endfacet
  facet normal 0 0 -1
    outer loop
      vertex -14.7322 9.23223 0
      vertex -7.26777 9.23223 0
      vertex -14.7322 1.76777 0
    endloop
  endfacet
  facet normal 0 0 -1
    outer loop
      vertex -7.26777 9.23223 0
      vertex -14.7322 9.23223 0
      vertex -14.4775 9.53054 0
    endloop
  endfacet
  facet normal 0 0 -1
    outer loop
      vertex -15.0305 2.02254 0
      vertex -14.7322 9.23223 0
      vertex -14.7322 1.76777 0
    endloop
  endfacet
  facet normal 0 0 -1
    outer loop
      vertex -15.0305 2.02254 0
      vertex -15.0305 8.97746 0
      vertex -14.7322 9.23223 0
    endloop
  endfacet
  facet normal 0 0 -1
    outer loop
      vertex -15.365 2.22752 0
      vertex -15.0305 8.97746 0
      vertex -15.0305 2.02254 0
    endloop
  endfacet
  facet normal 0 0 -1
    outer loop
      vertex -15.365 2.22752 0
      vertex -15.365 8.77248 0
      vertex -15.0305 8.97746 0
    endloop
  endfacet
  facet normal 0 0 -1
    outer loop
      vertex -15.7275 2.37764 0
      vertex -15.365 8.77248 0
      vertex -15.365 2.22752 0
    endloop
  endfacet
  facet normal 0 0 -1
    outer loop
      vertex -15.7275 2.37764 0
      vertex -15.7275 8.62236 0
      vertex -15.365 8.77248 0
    endloop
  endfacet
  facet normal 0 0 -1
    outer loop
      vertex -16.1089 2.46922 0
      vertex -15.7275 8.62236 0
      vertex -15.7275 2.37764 0
    endloop
  endfacet
  facet normal 0 0 -1
    outer loop
      vertex -16.1089 2.46922 0
      vertex -16.1089 8.53078 0
      vertex -15.7275 8.62236 0
    endloop
  endfacet
  facet normal 0 0 -1
    outer loop
      vertex -16.5 2.5 0
      vertex -16.1089 8.53078 0
      vertex -16.1089 2.46922 0
    endloop
  endfacet
  facet normal 0 0 -1
    outer loop
      vertex -16.5 2.5 0
      vertex -16.5 8.5 0
      vertex -16.1089 8.53078 0
    endloop
  endfacet
  facet normal 0 0 -1
    outer loop
      vertex -16.8911 2.46922 0
      vertex -16.5 8.5 0
      vertex -16.5 2.5 0
    endloop
  endfacet
  facet normal 0 0 -1
    outer loop
      vertex -16.8911 2.46922 0
      vertex -16.8911 8.53078 0
      vertex -16.5 8.5 0
    endloop
  endfacet
  facet normal 0 0 -1
    outer loop
      vertex -17.2725 2.37764 0
      vertex -16.8911 8.53078 0
      vertex -16.8911 2.46922 0
    endloop
  endfacet
  facet normal 0 0 -1
    outer loop
      vertex -17.2725 2.37764 0
      vertex -17.2725 8.62236 0
      vertex -16.8911 8.53078 0
    endloop
  endfacet
  facet normal 0 0 -1
    outer loop
      vertex -17.635 2.22752 0
      vertex -17.2725 8.62236 0
      vertex -17.2725 2.37764 0
    endloop
  endfacet
  facet normal 0 0 -1
    outer loop
      vertex -17.635 2.22752 0
      vertex -17.635 8.77248 0
      vertex -17.2725 8.62236 0
    endloop
  endfacet
  facet normal 0 0 -1
    outer loop
      vertex -17.9695 2.02254 0
      vertex -17.635 8.77248 0
      vertex -17.635 2.22752 0
    endloop
  endfacet
  facet normal 0 0 -1
    outer loop
      vertex -17.9695 2.02254 0
      vertex -17.9695 8.97746 0
      vertex -17.635 8.77248 0
    endloop
  endfacet
  facet normal 0 0 -1
    outer loop
      vertex -18.2678 1.76777 0
      vertex -17.9695 8.97746 0
      vertex -17.9695 2.02254 0
    endloop
  endfacet
  facet normal 0 0 -1
    outer loop
      vertex -18.2678 1.76777 0
      vertex -18.2678 9.23223 0
      vertex -17.9695 8.97746 0
    endloop
  endfacet
  facet normal 0 0 -1
    outer loop
      vertex -18.8776 0.772542 0
      vertex -25.1224 0.772542 0
      vertex -18.7275 1.13498 0
    endloop
  endfacet
  facet normal 0 0 -1
    outer loop
      vertex -25.2725 1.13498 0
      vertex -18.7275 1.13498 0
      vertex -25.1224 0.772542 0
    endloop
  endfacet
  facet normal 0 0 -1
    outer loop
      vertex -25.1224 0.772542 0
      vertex -18.8776 0.772542 0
      vertex -25.0308 0.391086 0
    endloop
  endfacet
  facet normal 0 0 -1
    outer loop
      vertex -18.7275 1.13498 0
      vertex -25.2725 1.13498 0
      vertex -18.5225 1.46946 0
    endloop
  endfacet
  facet normal 0 0 -1
    outer loop
      vertex -18.9692 0.391086 0
      vertex -25.0308 0.391086 0
      vertex -18.8776 0.772542 0
    endloop
  endfacet
  facet normal 0 0 -1
    outer loop
      vertex -18.2678 9.23223 0
      vertex -25 11 0
      vertex -18.5225 9.53054 0
    endloop
  endfacet
  facet normal 0 0 -1
    outer loop
      vertex -25.0308 0.391086 0
      vertex -18.9692 0.391086 0
      vertex -25 0 0
    endloop
  endfacet
  facet normal 0 0 -1
    outer loop
      vertex -18.5225 9.53054 0
      vertex -25 11 0
      vertex -18.7275 9.86502 0
    endloop
  endfacet
  facet normal 0 0 -1
    outer loop
      vertex -25 0 0
      vertex -18.9692 0.391086 0
      vertex -19 0 0
    endloop
  endfacet
  facet normal 0 0 -1
    outer loop
      vertex -18.7275 9.86502 0
      vertex -25 11 0
      vertex -18.8776 10.2275 0
    endloop
  endfacet
  facet normal 0 0 -1
    outer loop
      vertex -14.4775 -9.53054 0
      vertex -7.52254 -9.53054 0
      vertex -14.2725 -9.86502 0
    endloop
  endfacet
  facet normal 0 0 -1
    outer loop
      vertex -7.26777 -1.76777 0
      vertex -14.0308 -0.391086 0
      vertex -14 0 0
    endloop
  endfacet
  facet normal 0 0 -1
    outer loop
      vertex -7.52254 -9.53054 0
      vertex -14.4775 -9.53054 0
      vertex -7.26777 -9.23223 0
    endloop
  endfacet
  facet normal 0 0 -1
    outer loop
      vertex -7.26777 -1.76777 0
      vertex -14.1224 -0.772542 0
      vertex -14.0308 -0.391086 0
    endloop
  endfacet
  facet normal 0 0 -1
    outer loop
      vertex -14.7322 -9.23223 0
      vertex -7.26777 -9.23223 0
      vertex -14.4775 -9.53054 0
    endloop
  endfacet
  facet normal 0 0 -1
    outer loop
      vertex -7.26777 -1.76777 0
      vertex -14.2725 -1.13498 0
      vertex -14.1224 -0.772542 0
    endloop
  endfacet
  facet normal 0 0 -1
    outer loop
      vertex -7.26777 -9.23223 0
      vertex -14.7322 -9.23223 0
      vertex -7.26777 -1.76777 0
    endloop
  endfacet
  facet normal 0 0 -1
    outer loop
      vertex -7.26777 -1.76777 0
      vertex -14.4775 -1.46946 0
      vertex -14.2725 -1.13498 0
    endloop
  endfacet
  facet normal 0 0 -1
    outer loop
      vertex -14.7322 -1.76777 0
      vertex -7.26777 -1.76777 0
      vertex -14.7322 -9.23223 0
    endloop
  endfacet
  facet normal 0 0 -1
    outer loop
      vertex -7.26777 -1.76777 0
      vertex -14.7322 -1.76777 0
      vertex -14.4775 -1.46946 0
    endloop
  endfacet
  facet normal 0 0 -1
    outer loop
      vertex -15.0305 -8.97746 0
      vertex -14.7322 -1.76777 0
      vertex -14.7322 -9.23223 0
    endloop
  endfacet
  facet normal 0 0 -1
    outer loop
      vertex -15.0305 -8.97746 0
      vertex -15.0305 -2.02254 0
      vertex -14.7322 -1.76777 0
    endloop
  endfacet
  facet normal 0 0 -1
    outer loop
      vertex -15.365 -8.77248 0
      vertex -15.0305 -2.02254 0
      vertex -15.0305 -8.97746 0
    endloop
  endfacet
  facet normal 0 0 -1
    outer loop
      vertex -15.365 -8.77248 0
      vertex -15.365 -2.22752 0
      vertex -15.0305 -2.02254 0
    endloop
  endfacet
  facet normal 0 0 -1
    outer loop
      vertex -15.7275 -8.62236 0
      vertex -15.365 -2.22752 0
      vertex -15.365 -8.77248 0
    endloop
  endfacet
  facet normal 0 0 -1
    outer loop
      vertex -15.7275 -8.62236 0
      vertex -15.7275 -2.37764 0
      vertex -15.365 -2.22752 0
    endloop
  endfacet
  facet normal 0 0 -1
    outer loop
      vertex -16.1089 -8.53078 0
      vertex -15.7275 -2.37764 0
      vertex -15.7275 -8.62236 0
    endloop
  endfacet
  facet normal 0 0 -1
    outer loop
      vertex -16.1089 -8.53078 0
      vertex -16.1089 -2.46922 0
      vertex -15.7275 -2.37764 0
    endloop
  endfacet
  facet normal 0 0 -1
    outer loop
      vertex -16.5 -8.5 0
      vertex -16.1089 -2.46922 0
      vertex -16.1089 -8.53078 0
    endloop
  endfacet
  facet normal 0 0 -1
    outer loop
      vertex -16.5 -8.5 0
      vertex -16.5 -2.5 0
      vertex -16.1089 -2.46922 0
    endloop
  endfacet
  facet normal 0 0 -1
    outer loop
      vertex -16.8911 -8.53078 0
      vertex -16.5 -2.5 0
      vertex -16.5 -8.5 0
    endloop
  endfacet
  facet normal 0 0 -1
    outer loop
      vertex -16.8911 -8.53078 0
      vertex -16.8911 -2.46922 0
      vertex -16.5 -2.5 0
    endloop
  endfacet
  facet normal 0 0 -1
    outer loop
      vertex -17.2725 -8.62236 0
      vertex -16.8911 -2.46922 0
      vertex -16.8911 -8.53078 0
    endloop
  endfacet
  facet normal 0 0 -1
    outer loop
      vertex -17.2725 -8.62236 0
      vertex -17.2725 -2.37764 0
      vertex -16.8911 -2.46922 0
    endloop
  endfacet
  facet normal 0 0 -1
    outer loop
      vertex -17.635 -8.77248 0
      vertex -17.2725 -2.37764 0
      vertex -17.2725 -8.62236 0
    endloop
  endfacet
  facet normal 0 0 -1
    outer loop
      vertex -17.635 -8.77248 0
      vertex -17.635 -2.22752 0
      vertex -17.2725 -2.37764 0
    endloop
  endfacet
  facet normal 0 0 -1
    outer loop
      vertex -17.9695 -8.97746 0
      vertex -17.635 -2.22752 0
      vertex -17.635 -8.77248 0
    endloop
  endfacet
  facet normal 0 0 -1
    outer loop
      vertex -17.9695 -8.97746 0
      vertex -17.9695 -2.02254 0
      vertex -17.635 -2.22752 0
    endloop
  endfacet
  facet normal 0 0 -1
    outer loop
      vertex -18.2678 -9.23223 0
      vertex -17.9695 -2.02254 0
      vertex -17.9695 -8.97746 0
    endloop
  endfacet
  facet normal 0 0 -1
    outer loop
      vertex -18.2678 -9.23223 0
      vertex -18.2678 -1.76777 0
      vertex -17.9695 -2.02254 0
    endloop
  endfacet
  facet normal 0 0 -1
    outer loop
      vertex -18.8776 -10.2275 0
      vertex -25.1224 -10.2275 0
      vertex -18.7275 -9.86502 0
    endloop
  endfacet
  facet normal 0 0 -1
    outer loop
      vertex -25.2725 -9.86502 0
      vertex -18.7275 -9.86502 0
      vertex -25.1224 -10.2275 0
    endloop
  endfacet
  facet normal 0 0 -1
    outer loop
      vertex -25.1224 -10.2275 0
      vertex -18.8776 -10.2275 0
      vertex -25.0308 -10.6089 0
    endloop
  endfacet
  facet normal 0 0 -1
    outer loop
      vertex -18.7275 -9.86502 0
      vertex -25.2725 -9.86502 0
      vertex -18.5225 -9.53054 0
    endloop
  endfacet
  facet normal 0 0 -1
    outer loop
      vertex -18.9692 -10.6089 0
      vertex -25.0308 -10.6089 0
      vertex -18.8776 -10.2275 0
    endloop
  endfacet
  facet normal 0 0 -1
    outer loop
      vertex -18.2678 -1.76777 0
      vertex -25 0 0
      vertex -18.5225 -1.46946 0
    endloop
  endfacet
  facet normal 0 0 -1
    outer loop
      vertex -25.0308 -10.6089 0
      vertex -18.9692 -10.6089 0
      vertex -25 -11 0
    endloop
  endfacet
  facet normal 0 0 -1
    outer loop
      vertex -18.5225 -1.46946 0
      vertex -25 0 0
      vertex -18.7275 -1.13498 0
    endloop
  endfacet
  facet normal 0 0 -1
    outer loop
      vertex -25 -11 0
      vertex -18.9692 -10.6089 0
      vertex -19 -11 0
    endloop
  endfacet
  facet normal 0 0 -1
    outer loop
      vertex -18.7275 -1.13498 0
      vertex -25 0 0
      vertex -18.8776 -0.772542 0
    endloop
  endfacet
  facet normal 0 0 -1
    outer loop
      vertex -3.47746 1.46946 0
      vertex 3.47746 1.46946 0
      vertex -3.27248 1.13498 0
    endloop
  endfacet
  facet normal 0 0 -1
    outer loop
      vertex 3.73223 9.23223 0
      vertex -3.03078 10.6089 0
      vertex -3 11 0
    endloop
  endfacet
  facet normal 0 0 -1
    outer loop
      vertex 3.47746 1.46946 0
      vertex -3.47746 1.46946 0
      vertex 3.73223 1.76777 0
    endloop
  endfacet
  facet normal 0 0 -1
    outer loop
      vertex 3.73223 9.23223 0
      vertex -3.12236 10.2275 0
      vertex -3.03078 10.6089 0
    endloop
  endfacet
  facet normal 0 0 -1
    outer loop
      vertex -3.73223 1.76777 0
      vertex 3.73223 1.76777 0
      vertex -3.47746 1.46946 0
    endloop
  endfacet
  facet normal 0 0 -1
    outer loop
      vertex 3.73223 9.23223 0
      vertex -3.27248 9.86502 0
      vertex -3.12236 10.2275 0
    endloop
  endfacet
  facet normal 0 0 -1
    outer loop
      vertex 3.73223 1.76777 0
      vertex -3.73223 1.76777 0
      vertex 3.73223 9.23223 0
    endloop
  endfacet
  facet normal 0 0 -1
    outer loop
      vertex 3.73223 9.23223 0
      vertex -3.47746 9.53054 0
      vertex -3.27248 9.86502 0
    endloop
  endfacet
  facet normal 0 0 -1
    outer loop
      vertex -3.73223 9.23223 0
      vertex 3.73223 9.23223 0
      vertex -3.73223 1.76777 0
    endloop
  endfacet
  facet normal 0 0 -1
    outer loop
      vertex 3.73223 9.23223 0
      vertex -3.73223 9.23223 0
      vertex -3.47746 9.53054 0
    endloop
  endfacet
  facet normal 0 0 -1
    outer loop
      vertex -4.03054 2.02254 0
      vertex -3.73223 9.23223 0
      vertex -3.73223 1.76777 0
    endloop
  endfacet
  facet normal 0 0 -1
    outer loop
      vertex -4.03054 2.02254 0
      vertex -4.03054 8.97746 0
      vertex -3.73223 9.23223 0
    endloop
  endfacet
  facet normal 0 0 -1
    outer loop
      vertex -4.36502 2.22752 0
      vertex -4.03054 8.97746 0
      vertex -4.03054 2.02254 0
    endloop
  endfacet
  facet normal 0 0 -1
    outer loop
      vertex -4.36502 2.22752 0
      vertex -4.36502 8.77248 0
      vertex -4.03054 8.97746 0
    endloop
  endfacet
  facet normal 0 0 -1
    outer loop
      vertex -4.72746 2.37764 0
      vertex -4.36502 8.77248 0
      vertex -4.36502 2.22752 0
    endloop
  endfacet
  facet normal 0 0 -1
    outer loop
      vertex -4.72746 2.37764 0
      vertex -4.72746 8.62236 0
      vertex -4.36502 8.77248 0
    endloop
  endfacet
  facet normal 0 0 -1
    outer loop
      vertex -5.10891 2.46922 0
      vertex -4.72746 8.62236 0
      vertex -4.72746 2.37764 0
    endloop
  endfacet
  facet normal 0 0 -1
    outer loop
      vertex -5.10891 2.46922 0
      vertex -5.10891 8.53078 0
      vertex -4.72746 8.62236 0
    endloop
  endfacet
  facet normal 0 0 -1
    outer loop
      vertex -5.5 2.5 0
      vertex -5.10891 8.53078 0
      vertex -5.10891 2.46922 0
    endloop
  endfacet
  facet normal 0 0 -1
    outer loop
      vertex -5.5 2.5 0
      vertex -5.5 8.5 0
      vertex -5.10891 8.53078 0
    endloop
  endfacet
  facet normal 0 0 -1
    outer loop
      vertex -5.89109 2.46922 0
      vertex -5.5 8.5 0
      vertex -5.5 2.5 0
    endloop
  endfacet
  facet normal 0 0 -1
    outer loop
      vertex -5.89109 2.46922 0
      vertex -5.89109 8.53078 0
      vertex -5.5 8.5 0
    endloop
  endfacet
  facet normal 0 0 -1
    outer loop
      vertex -6.27254 2.37764 0
      vertex -5.89109 8.53078 0
      vertex -5.89109 2.46922 0
    endloop
  endfacet
  facet normal 0 0 -1
    outer loop
      vertex -6.27254 2.37764 0
      vertex -6.27254 8.62236 0
      vertex -5.89109 8.53078 0
    endloop
  endfacet
  facet normal 0 0 -1
    outer loop
      vertex -6.63498 2.22752 0
      vertex -6.27254 8.62236 0
      vertex -6.27254 2.37764 0
    endloop
  endfacet
  facet normal 0 0 -1
    outer loop
      vertex -6.63498 2.22752 0
      vertex -6.63498 8.77248 0
      vertex -6.27254 8.62236 0
    endloop
  endfacet
  facet normal 0 0 -1
    outer loop
      vertex -6.96946 2.02254 0
      vertex -6.63498 8.77248 0
      vertex -6.63498 2.22752 0
    endloop
  endfacet
  facet normal 0 0 -1
    outer loop
      vertex -6.96946 2.02254 0
      vertex -6.96946 8.97746 0
      vertex -6.63498 8.77248 0
    endloop
  endfacet
  facet normal 0 0 -1
    outer loop
      vertex -7.26777 1.76777 0
      vertex -6.96946 8.97746 0
      vertex -6.96946 2.02254 0
    endloop
  endfacet
  facet normal 0 0 -1
    outer loop
      vertex -7.26777 1.76777 0
      vertex -7.26777 9.23223 0
      vertex -6.96946 8.97746 0
    endloop
  endfacet
  facet normal 0 0 -1
    outer loop
      vertex -7.87764 0.772542 0
      vertex -14.1224 0.772542 0
      vertex -7.72752 1.13498 0
    endloop
  endfacet
  facet normal 0 0 -1
    outer loop
      vertex -14.2725 1.13498 0
      vertex -7.72752 1.13498 0
      vertex -14.1224 0.772542 0
    endloop
  endfacet
  facet normal 0 0 -1
    outer loop
      vertex -14.1224 0.772542 0
      vertex -7.87764 0.772542 0
      vertex -14.0308 0.391086 0
    endloop
  endfacet
  facet normal 0 0 -1
    outer loop
      vertex -7.72752 1.13498 0
      vertex -14.2725 1.13498 0
      vertex -7.52254 1.46946 0
    endloop
  endfacet
  facet normal 0 0 -1
    outer loop
      vertex -7.96922 0.391086 0
      vertex -14.0308 0.391086 0
      vertex -7.87764 0.772542 0
    endloop
  endfacet
  facet normal 0 0 -1
    outer loop
      vertex -7.26777 9.23223 0
      vertex -14 11 0
      vertex -7.52254 9.53054 0
    endloop
  endfacet
  facet normal 0 0 -1
    outer loop
      vertex -14.0308 0.391086 0
      vertex -7.96922 0.391086 0
      vertex -14 0 0
    endloop
  endfacet
  facet normal 0 0 -1
    outer loop
      vertex -7.52254 9.53054 0
      vertex -14 11 0
      vertex -7.72752 9.86502 0
    endloop
  endfacet
  facet normal 0 0 -1
    outer loop
      vertex -14 0 0
      vertex -7.96922 0.391086 0
      vertex -8 0 0
    endloop
  endfacet
  facet normal 0 0 -1
    outer loop
      vertex -7.72752 9.86502 0
      vertex -14 11 0
      vertex -7.87764 10.2275 0
    endloop
  endfacet
  facet normal 0 0 -1
    outer loop
      vertex -3.47746 -9.53054 0
      vertex 3.47746 -9.53054 0
      vertex -3.27248 -9.86502 0
    endloop
  endfacet
  facet normal 0 0 -1
    outer loop
      vertex 3.73223 -1.76777 0
      vertex -3.03078 -0.391086 0
      vertex -3 0 0
    endloop
  endfacet
  facet normal 0 0 -1
    outer loop
      vertex 3.47746 -9.53054 0
      vertex -3.47746 -9.53054 0
      vertex 3.73223 -9.23223 0
    endloop
  endfacet
  facet normal 0 0 -1
    outer loop
      vertex 3.73223 -1.76777 0
      vertex -3.12236 -0.772542 0
      vertex -3.03078 -0.391086 0
    endloop
  endfacet
  facet normal 0 0 -1
    outer loop
      vertex -3.73223 -9.23223 0
      vertex 3.73223 -9.23223 0
      vertex -3.47746 -9.53054 0
    endloop
  endfacet
  facet normal 0 0 -1
    outer loop
      vertex 3.73223 -1.76777 0
      vertex -3.27248 -1.13498 0
      vertex -3.12236 -0.772542 0
    endloop
  endfacet
  facet normal 0 0 -1
    outer loop
      vertex 3.73223 -9.23223 0
      vertex -3.73223 -9.23223 0
      vertex 3.73223 -1.76777 0
    endloop
  endfacet
  facet normal 0 0 -1
    outer loop
      vertex 3.73223 -1.76777 0
      vertex -3.47746 -1.46946 0
      vertex -3.27248 -1.13498 0
    endloop
  endfacet
  facet normal 0 0 -1
    outer loop
      vertex -3.73223 -1.76777 0
      vertex 3.73223 -1.76777 0
      vertex -3.73223 -9.23223 0
    endloop
  endfacet
  facet normal 0 0 -1
    outer loop
      vertex 3.73223 -1.76777 0
      vertex -3.73223 -1.76777 0
      vertex -3.47746 -1.46946 0
    endloop
  endfacet
  facet normal 0 0 -1
    outer loop
      vertex -4.03054 -8.97746 0
      vertex -3.73223 -1.76777 0
      vertex -3.73223 -9.23223 0
    endloop
  endfacet
  facet normal 0 0 -1
    outer loop
      vertex -4.03054 -8.97746 0
      vertex -4.03054 -2.02254 0
      vertex -3.73223 -1.76777 0
    endloop
  endfacet
  facet normal 0 0 -1
    outer loop
      vertex -4.36502 -8.77248 0
      vertex -4.03054 -2.02254 0
      vertex -4.03054 -8.97746 0
    endloop
  endfacet
  facet normal 0 0 -1
    outer loop
      vertex -4.36502 -8.77248 0
      vertex -4.36502 -2.22752 0
      vertex -4.03054 -2.02254 0
    endloop
  endfacet
  facet normal 0 0 -1
    outer loop
      vertex -4.72746 -8.62236 0
      vertex -4.36502 -2.22752 0
      vertex -4.36502 -8.77248 0
    endloop
  endfacet
  facet normal 0 0 -1
    outer loop
      vertex -4.72746 -8.62236 0
      vertex -4.72746 -2.37764 0
      vertex -4.36502 -2.22752 0
    endloop
  endfacet
  facet normal 0 0 -1
    outer loop
      vertex -5.10891 -8.53078 0
      vertex -4.72746 -2.37764 0
      vertex -4.72746 -8.62236 0
    endloop
  endfacet
  facet normal 0 0 -1
    outer loop
      vertex -5.10891 -8.53078 0
      vertex -5.10891 -2.46922 0
      vertex -4.72746 -2.37764 0
    endloop
  endfacet
  facet normal 0 0 -1
    outer loop
      vertex -5.5 -8.5 0
      vertex -5.10891 -2.46922 0
      vertex -5.10891 -8.53078 0
    endloop
  endfacet
  facet normal 0 0 -1
    outer loop
      vertex -5.5 -8.5 0
      vertex -5.5 -2.5 0
      vertex -5.10891 -2.46922 0
    endloop
  endfacet
  facet normal 0 0 -1
    outer loop
      vertex -5.89109 -8.53078 0
      vertex -5.5 -2.5 0
      vertex -5.5 -8.5 0
    endloop
  endfacet
  facet normal 0 0 -1
    outer loop
      vertex -5.89109 -8.53078 0
      vertex -5.89109 -2.46922 0
      vertex -5.5 -2.5 0
    endloop
  endfacet
  facet normal 0 0 -1
    outer loop
      vertex -6.27254 -8.62236 0
      vertex -5.89109 -2.46922 0
      vertex -5.89109 -8.53078 0
    endloop
  endfacet
  facet normal 0 0 -1
    outer loop
      vertex -6.27254 -8.62236 0
      vertex -6.27254 -2.37764 0
      vertex -5.89109 -2.46922 0
    endloop
  endfacet
  facet normal 0 0 -1
    outer loop
      vertex -6.63498 -8.77248 0
      vertex -6.27254 -2.37764 0
      vertex -6.27254 -8.62236 0
    endloop
  endfacet
  facet normal 0 0 -1
    outer loop
      vertex -6.63498 -8.77248 0
      vertex -6.63498 -2.22752 0
      vertex -6.27254 -2.37764 0
    endloop
  endfacet
  facet normal 0 0 -1
    outer loop
      vertex -6.96946 -8.97746 0
      vertex -6.63498 -2.22752 0
      vertex -6.63498 -8.77248 0
    endloop
  endfacet
  facet normal 0 0 -1
    outer loop
      vertex -6.96946 -8.97746 0
      vertex -6.96946 -2.02254 0
      vertex -6.63498 -2.22752 0
    endloop
  endfacet
  facet normal 0 0 -1
    outer loop
      vertex -7.26777 -9.23223 0
      vertex -6.96946 -2.02254 0
      vertex -6.96946 -8.97746 0
    endloop
  endfacet
  facet normal 0 0 -1
    outer loop
      vertex -7.26777 -9.23223 0
      vertex -7.26777 -1.76777 0
      vertex -6.96946 -2.02254 0
    endloop
  endfacet
  facet normal 0 0 -1
    outer loop
      vertex -7.87764 -10.2275 0
      vertex -14.1224 -10.2275 0
      vertex -7.72752 -9.86502 0
    endloop
  endfacet
  facet normal 0 0 -1
    outer loop
      vertex -14.2725 -9.86502 0
      vertex -7.72752 -9.86502 0
      vertex -14.1224 -10.2275 0
    endloop
  endfacet
  facet normal 0 0 -1
    outer loop
      vertex -14.1224 -10.2275 0
      vertex -7.87764 -10.2275 0
      vertex -14.0308 -10.6089 0
    endloop
  endfacet
  facet normal 0 0 -1
    outer loop
      vertex -7.72752 -9.86502 0
      vertex -14.2725 -9.86502 0
      vertex -7.52254 -9.53054 0
    endloop
  endfacet
  facet normal 0 0 -1
    outer loop
      vertex -7.96922 -10.6089 0
      vertex -14.0308 -10.6089 0
      vertex -7.87764 -10.2275 0
    endloop
  endfacet
  facet normal 0 0 -1
    outer loop
      vertex -7.26777 -1.76777 0
      vertex -14 0 0
      vertex -7.52254 -1.46946 0
    endloop
  endfacet
  facet normal 0 0 -1
    outer loop
      vertex -14.0308 -10.6089 0
      vertex -7.96922 -10.6089 0
      vertex -14 -11 0
    endloop
  endfacet
  facet normal 0 0 -1
    outer loop
      vertex -7.52254 -1.46946 0
      vertex -14 0 0
      vertex -7.72752 -1.13498 0
    endloop
  endfacet
  facet normal 0 0 -1
    outer loop
      vertex -14 -11 0
      vertex -7.96922 -10.6089 0
      vertex -8 -11 0
    endloop
  endfacet
  facet normal 0 0 -1
    outer loop
      vertex -7.72752 -1.13498 0
      vertex -14 0 0
      vertex -7.87764 -0.772542 0
    endloop
  endfacet
  facet normal 0 0 -1
    outer loop
      vertex 7.52254 1.46946 0
      vertex 14.4775 1.46946 0
      vertex 7.72752 1.13498 0
    endloop
  endfacet
  facet normal 0 0 -1
    outer loop
      vertex 14.7322 9.23223 0
      vertex 7.96922 10.6089 0
      vertex 8 11 0
    endloop
  endfacet
  facet normal 0 0 -1
    outer loop
      vertex 14.4775 1.46946 0
      vertex 7.52254 1.46946 0
      vertex 14.7322 1.76777 0
    endloop
  endfacet
  facet normal 0 0 -1
    outer loop
      vertex 14.7322 9.23223 0
      vertex 7.87764 10.2275 0
      vertex 7.96922 10.6089 0
    endloop
  endfacet
  facet normal 0 0 -1
    outer loop
      vertex 7.26777 1.76777 0
      vertex 14.7322 1.76777 0
      vertex 7.52254 1.46946 0
    endloop
  endfacet
  facet normal 0 0 -1
    outer loop
      vertex 14.7322 9.23223 0
      vertex 7.72752 9.86502 0
      vertex 7.87764 10.2275 0
    endloop
  endfacet
  facet normal 0 0 -1
    outer loop
      vertex 14.7322 1.76777 0
      vertex 7.26777 1.76777 0
      vertex 14.7322 9.23223 0
    endloop
  endfacet
  facet normal 0 0 -1
    outer loop
      vertex 14.7322 9.23223 0
      vertex 7.52254 9.53054 0
      vertex 7.72752 9.86502 0
    endloop
  endfacet
  facet normal 0 0 -1
    outer loop
      vertex 7.26777 9.23223 0
      vertex 14.7322 9.23223 0
      vertex 7.26777 1.76777 0
    endloop
  endfacet
  facet normal 0 0 -1
    outer loop
      vertex 14.7322 9.23223 0
      vertex 7.26777 9.23223 0
      vertex 7.52254 9.53054 0
    endloop
  endfacet
  facet normal 0 0 -1
    outer loop
      vertex 6.96946 2.02254 0
      vertex 7.26777 9.23223 0
      vertex 7.26777 1.76777 0
    endloop
  endfacet
  facet normal 0 0 -1
    outer loop
      vertex 6.96946 2.02254 0
      vertex 6.96946 8.97746 0
      vertex 7.26777 9.23223 0
    endloop
  endfacet
  facet normal 0 0 -1
    outer loop
      vertex 6.63498 2.22752 0
      vertex 6.96946 8.97746 0
      vertex 6.96946 2.02254 0
    endloop
  endfacet
  facet normal 0 0 -1
    outer loop
      vertex 6.63498 2.22752 0
      vertex 6.63498 8.77248 0
      vertex 6.96946 8.97746 0
    endloop
  endfacet
  facet normal 0 0 -1
    outer loop
      vertex 6.27254 2.37764 0
      vertex 6.63498 8.77248 0
      vertex 6.63498 2.22752 0
    endloop
  endfacet
  facet normal 0 0 -1
    outer loop
      vertex 6.27254 2.37764 0
      vertex 6.27254 8.62236 0
      vertex 6.63498 8.77248 0
    endloop
  endfacet
  facet normal 0 0 -1
    outer loop
      vertex 5.89109 2.46922 0
      vertex 6.27254 8.62236 0
      vertex 6.27254 2.37764 0
    endloop
  endfacet
  facet normal 0 0 -1
    outer loop
      vertex 5.89109 2.46922 0
      vertex 5.89109 8.53078 0
      vertex 6.27254 8.62236 0
    endloop
  endfacet
  facet normal 0 0 -1
    outer loop
      vertex 5.5 2.5 0
      vertex 5.89109 8.53078 0
      vertex 5.89109 2.46922 0
    endloop
  endfacet
  facet normal 0 0 -1
    outer loop
      vertex 5.5 2.5 0
      vertex 5.5 8.5 0
      vertex 5.89109 8.53078 0
    endloop
  endfacet
  facet normal 0 0 -1
    outer loop
      vertex 5.10891 2.46922 0
      vertex 5.5 8.5 0
      vertex 5.5 2.5 0
    endloop
  endfacet
  facet normal 0 0 -1
    outer loop
      vertex 5.10891 2.46922 0
      vertex 5.10891 8.53078 0
      vertex 5.5 8.5 0
    endloop
  endfacet
  facet normal 0 0 -1
    outer loop
      vertex 4.72746 2.37764 0
      vertex 5.10891 8.53078 0
      vertex 5.10891 2.46922 0
    endloop
  endfacet
  facet normal 0 0 -1
    outer loop
      vertex 4.72746 2.37764 0
      vertex 4.72746 8.62236 0
      vertex 5.10891 8.53078 0
    endloop
  endfacet
  facet normal 0 0 -1
    outer loop
      vertex 4.36502 2.22752 0
      vertex 4.72746 8.62236 0
      vertex 4.72746 2.37764 0
    endloop
  endfacet
  facet normal 0 0 -1
    outer loop
      vertex 4.36502 2.22752 0
      vertex 4.36502 8.77248 0
      vertex 4.72746 8.62236 0
    endloop
  endfacet
  facet normal 0 0 -1
    outer loop
      vertex 4.03054 2.02254 0
      vertex 4.36502 8.77248 0
      vertex 4.36502 2.22752 0
    endloop
  endfacet
  facet normal 0 0 -1
    outer loop
      vertex 4.03054 2.02254 0
      vertex 4.03054 8.97746 0
      vertex 4.36502 8.77248 0
    endloop
  endfacet
  facet normal 0 0 -1
    outer loop
      vertex 3.73223 1.76777 0
      vertex 4.03054 8.97746 0
      vertex 4.03054 2.02254 0
    endloop
  endfacet
  facet normal 0 0 -1
    outer loop
      vertex 3.73223 1.76777 0
      vertex 3.73223 9.23223 0
      vertex 4.03054 8.97746 0
    endloop
  endfacet
  facet normal 0 0 -1
    outer loop
      vertex 3.12236 0.772542 0
      vertex -3.12236 0.772542 0
      vertex 3.27248 1.13498 0
    endloop
  endfacet
  facet normal 0 0 -1
    outer loop
      vertex -3.27248 1.13498 0
      vertex 3.27248 1.13498 0
      vertex -3.12236 0.772542 0
    endloop
  endfacet
  facet normal 0 0 -1
    outer loop
      vertex -3.12236 0.772542 0
      vertex 3.12236 0.772542 0
      vertex -3.03078 0.391086 0
    endloop
  endfacet
  facet normal 0 0 -1
    outer loop
      vertex 3.27248 1.13498 0
      vertex -3.27248 1.13498 0
      vertex 3.47746 1.46946 0
    endloop
  endfacet
  facet normal 0 0 -1
    outer loop
      vertex 3.03078 0.391086 0
      vertex -3.03078 0.391086 0
      vertex 3.12236 0.772542 0
    endloop
  endfacet
  facet normal 0 0 -1
    outer loop
      vertex 3.73223 9.23223 0
      vertex -3 11 0
      vertex 3.47746 9.53054 0
    endloop
  endfacet
  facet normal 0 0 -1
    outer loop
      vertex -3.03078 0.391086 0
      vertex 3.03078 0.391086 0
      vertex -3 0 0
    endloop
  endfacet
  facet normal 0 0 -1
    outer loop
      vertex 3.47746 9.53054 0
      vertex -3 11 0
      vertex 3.27248 9.86502 0
    endloop
  endfacet
  facet normal 0 0 -1
    outer loop
      vertex -3 0 0
      vertex 3.03078 0.391086 0
      vertex 3 0 0
    endloop
  endfacet
  facet normal 0 0 -1
    outer loop
      vertex 3.27248 9.86502 0
      vertex -3 11 0
      vertex 3.12236 10.2275 0
    endloop
  endfacet
  facet normal 0 0 -1
    outer loop
      vertex 7.52254 -9.53054 0
      vertex 14.4775 -9.53054 0
      vertex 7.72752 -9.86502 0
    endloop
  endfacet
  facet normal 0 0 -1
    outer loop
      vertex 14.7322 -1.76777 0
      vertex 7.96922 -0.391086 0
      vertex 8 0 0
    endloop
  endfacet
  facet normal 0 0 -1
    outer loop
      vertex 14.4775 -9.53054 0
      vertex 7.52254 -9.53054 0
      vertex 14.7322 -9.23223 0
    endloop
  endfacet
  facet normal 0 0 -1
    outer loop
      vertex 14.7322 -1.76777 0
      vertex 7.87764 -0.772542 0
      vertex 7.96922 -0.391086 0
    endloop
  endfacet
  facet normal 0 0 -1
    outer loop
      vertex 7.26777 -9.23223 0
      vertex 14.7322 -9.23223 0
      vertex 7.52254 -9.53054 0
    endloop
  endfacet
  facet normal 0 0 -1
    outer loop
      vertex 14.7322 -1.76777 0
      vertex 7.72752 -1.13498 0
      vertex 7.87764 -0.772542 0
    endloop
  endfacet
  facet normal 0 0 -1
    outer loop
      vertex 14.7322 -9.23223 0
      vertex 7.26777 -9.23223 0
      vertex 14.7322 -1.76777 0
    endloop
  endfacet
  facet normal 0 0 -1
    outer loop
      vertex 14.7322 -1.76777 0
      vertex 7.52254 -1.46946 0
      vertex 7.72752 -1.13498 0
    endloop
  endfacet
  facet normal 0 0 -1
    outer loop
      vertex 7.26777 -1.76777 0
      vertex 14.7322 -1.76777 0
      vertex 7.26777 -9.23223 0
    endloop
  endfacet
  facet normal 0 0 -1
    outer loop
      vertex 14.7322 -1.76777 0
      vertex 7.26777 -1.76777 0
      vertex 7.52254 -1.46946 0
    endloop
  endfacet
  facet normal 0 0 -1
    outer loop
      vertex 6.96946 -8.97746 0
      vertex 7.26777 -1.76777 0
      vertex 7.26777 -9.23223 0
    endloop
  endfacet
  facet normal 0 0 -1
    outer loop
      vertex 6.96946 -8.97746 0
      vertex 6.96946 -2.02254 0
      vertex 7.26777 -1.76777 0
    endloop
  endfacet
  facet normal 0 0 -1
    outer loop
      vertex 6.63498 -8.77248 0
      vertex 6.96946 -2.02254 0
      vertex 6.96946 -8.97746 0
    endloop
  endfacet
  facet normal 0 0 -1
    outer loop
      vertex 6.63498 -8.77248 0
      vertex 6.63498 -2.22752 0
      vertex 6.96946 -2.02254 0
    endloop
  endfacet
  facet normal 0 0 -1
    outer loop
      vertex 6.27254 -8.62236 0
      vertex 6.63498 -2.22752 0
      vertex 6.63498 -8.77248 0
    endloop
  endfacet
  facet normal 0 0 -1
    outer loop
      vertex 6.27254 -8.62236 0
      vertex 6.27254 -2.37764 0
      vertex 6.63498 -2.22752 0
    endloop
  endfacet
  facet normal 0 0 -1
    outer loop
      vertex 5.89109 -8.53078 0
      vertex 6.27254 -2.37764 0
      vertex 6.27254 -8.62236 0
    endloop
  endfacet
  facet normal 0 0 -1
    outer loop
      vertex 5.89109 -8.53078 0
      vertex 5.89109 -2.46922 0
      vertex 6.27254 -2.37764 0
    endloop
  endfacet
  facet normal 0 0 -1
    outer loop
      vertex 5.5 -8.5 0
      vertex 5.89109 -2.46922 0
      vertex 5.89109 -8.53078 0
    endloop
  endfacet
  facet normal 0 0 -1
    outer loop
      vertex 5.5 -8.5 0
      vertex 5.5 -2.5 0
      vertex 5.89109 -2.46922 0
    endloop
  endfacet
  facet normal 0 0 -1
    outer loop
      vertex 5.10891 -8.53078 0
      vertex 5.5 -2.5 0
      vertex 5.5 -8.5 0
    endloop
  endfacet
  facet normal 0 0 -1
    outer loop
      vertex 5.10891 -8.53078 0
      vertex 5.10891 -2.46922 0
      vertex 5.5 -2.5 0
    endloop
  endfacet
  facet normal 0 0 -1
    outer loop
      vertex 4.72746 -8.62236 0
      vertex 5.10891 -2.46922 0
      vertex 5.10891 -8.53078 0
    endloop
  endfacet
  facet normal 0 0 -1
    outer loop
      vertex 4.72746 -8.62236 0
      vertex 4.72746 -2.37764 0
      vertex 5.10891 -2.46922 0
    endloop
  endfacet
  facet normal 0 0 -1
    outer loop
      vertex 4.36502 -8.77248 0
      vertex 4.72746 -2.37764 0
      vertex 4.72746 -8.62236 0
    endloop
  endfacet
  facet normal 0 0 -1
    outer loop
      vertex 4.36502 -8.77248 0
      vertex 4.36502 -2.22752 0
      vertex 4.72746 -2.37764 0
    endloop
  endfacet
  facet normal 0 0 -1
    outer loop
      vertex 4.03054 -8.97746 0
      vertex 4.36502 -2.22752 0
      vertex 4.36502 -8.77248 0
    endloop
  endfacet
  facet normal 0 0 -1
    outer loop
      vertex 4.03054 -8.97746 0
      vertex 4.03054 -2.02254 0
      vertex 4.36502 -2.22752 0
    endloop
  endfacet
  facet normal 0 0 -1
    outer loop
      vertex 3.73223 -9.23223 0
      vertex 4.03054 -2.02254 0
      vertex 4.03054 -8.97746 0
    endloop
  endfacet
  facet normal 0 0 -1
    outer loop
      vertex 3.73223 -9.23223 0
      vertex 3.73223 -1.76777 0
      vertex 4.03054 -2.02254 0
    endloop
  endfacet
  facet normal 0 0 -1
    outer loop
      vertex 3.12236 -10.2275 0
      vertex -3.12236 -10.2275 0
      vertex 3.27248 -9.86502 0
    endloop
  endfacet
  facet normal 0 0 -1
    outer loop
      vertex -3.27248 -9.86502 0
      vertex 3.27248 -9.86502 0
      vertex -3.12236 -10.2275 0
    endloop
  endfacet
  facet normal 0 0 -1
    outer loop
      vertex -3.12236 -10.2275 0
      vertex 3.12236 -10.2275 0
      vertex -3.03078 -10.6089 0
    endloop
  endfacet
  facet normal 0 0 -1
    outer loop
      vertex 3.27248 -9.86502 0
      vertex -3.27248 -9.86502 0
      vertex 3.47746 -9.53054 0
    endloop
  endfacet
  facet normal 0 0 -1
    outer loop
      vertex 3.03078 -10.6089 0
      vertex -3.03078 -10.6089 0
      vertex 3.12236 -10.2275 0
    endloop
  endfacet
  facet normal 0 0 -1
    outer loop
      vertex 3.73223 -1.76777 0
      vertex -3 0 0
      vertex 3.47746 -1.46946 0
    endloop
  endfacet
  facet normal 0 0 -1
    outer loop
      vertex -3.03078 -10.6089 0
      vertex 3.03078 -10.6089 0
      vertex -3 -11 0
    endloop
  endfacet
  facet normal 0 0 -1
    outer loop
      vertex 3.47746 -1.46946 0
      vertex -3 0 0
      vertex 3.27248 -1.13498 0
    endloop
  endfacet
  facet normal 0 0 -1
    outer loop
      vertex -3 -11 0
      vertex 3.03078 -10.6089 0
      vertex 3 -11 0
    endloop
  endfacet
  facet normal 0 0 -1
    outer loop
      vertex 3.27248 -1.13498 0
      vertex -3 0 0
      vertex 3.12236 -0.772542 0
    endloop
  endfacet
  facet normal 0 0 -1
    outer loop
      vertex 18.5225 1.46946 0
      vertex 25.4775 1.46946 0
      vertex 18.7275 1.13498 0
    endloop
  endfacet
  facet normal 0 0 -1
    outer loop
      vertex 25.7322 9.23223 0
      vertex 18.9692 10.6089 0
      vertex 19 11 0
    endloop
  endfacet
  facet normal 0 0 -1
    outer loop
      vertex 25.4775 1.46946 0
      vertex 18.5225 1.46946 0
      vertex 25.7322 1.76777 0
    endloop
  endfacet
  facet normal 0 0 -1
    outer loop
      vertex 25.7322 9.23223 0
      vertex 18.8776 10.2275 0
      vertex 18.9692 10.6089 0
    endloop
  endfacet
  facet normal 0 0 -1
    outer loop
      vertex 18.2678 1.76777 0
      vertex 25.7322 1.76777 0
      vertex 18.5225 1.46946 0
    endloop
  endfacet
  facet normal 0 0 -1
    outer loop
      vertex 25.7322 9.23223 0
      vertex 18.7275 9.86502 0
      vertex 18.8776 10.2275 0
    endloop
  endfacet
  facet normal 0 0 -1
    outer loop
      vertex 25.7322 1.76777 0
      vertex 18.2678 1.76777 0
      vertex 25.7322 9.23223 0
    endloop
  endfacet
  facet normal 0 0 -1
    outer loop
      vertex 25.7322 9.23223 0
      vertex 18.5225 9.53054 0
      vertex 18.7275 9.86502 0
    endloop
  endfacet
  facet normal 0 0 -1
    outer loop
      vertex 18.2678 9.23223 0
      vertex 25.7322 9.23223 0
      vertex 18.2678 1.76777 0
    endloop
  endfacet
  facet normal 0 0 -1
    outer loop
      vertex 25.7322 9.23223 0
      vertex 18.2678 9.23223 0
      vertex 18.5225 9.53054 0
    endloop
  endfacet
  facet normal 0 0 -1
    outer loop
      vertex 17.9695 2.02254 0
      vertex 18.2678 9.23223 0
      vertex 18.2678 1.76777 0
    endloop
  endfacet
  facet normal 0 0 -1
    outer loop
      vertex 17.9695 2.02254 0
      vertex 17.9695 8.97746 0
      vertex 18.2678 9.23223 0
    endloop
  endfacet
  facet normal 0 0 -1
    outer loop
      vertex 17.635 2.22752 0
      vertex 17.9695 8.97746 0
      vertex 17.9695 2.02254 0
    endloop
  endfacet
  facet normal 0 0 -1
    outer loop
      vertex 17.635 2.22752 0
      vertex 17.635 8.77248 0
      vertex 17.9695 8.97746 0
    endloop
  endfacet
  facet normal 0 0 -1
    outer loop
      vertex 17.2725 2.37764 0
      vertex 17.635 8.77248 0
      vertex 17.635 2.22752 0
    endloop
  endfacet
  facet normal 0 0 -1
    outer loop
      vertex 17.2725 2.37764 0
      vertex 17.2725 8.62236 0
      vertex 17.635 8.77248 0
    endloop
  endfacet
  facet normal 0 0 -1
    outer loop
      vertex 16.8911 2.46922 0
      vertex 17.2725 8.62236 0
      vertex 17.2725 2.37764 0
    endloop
  endfacet
  facet normal 0 0 -1
    outer loop
      vertex 16.8911 2.46922 0
      vertex 16.8911 8.53078 0
      vertex 17.2725 8.62236 0
    endloop
  endfacet
  facet normal 0 0 -1
    outer loop
      vertex 16.5 2.5 0
      vertex 16.8911 8.53078 0
      vertex 16.8911 2.46922 0
    endloop
  endfacet
  facet normal 0 0 -1
    outer loop
      vertex 16.5 2.5 0
      vertex 16.5 8.5 0
      vertex 16.8911 8.53078 0
    endloop
  endfacet
  facet normal 0 0 -1
    outer loop
      vertex 16.1089 2.46922 0
      vertex 16.5 8.5 0
      vertex 16.5 2.5 0
    endloop
  endfacet
  facet normal 0 0 -1
    outer loop
      vertex 16.1089 2.46922 0
      vertex 16.1089 8.53078 0
      vertex 16.5 8.5 0
    endloop
  endfacet
  facet normal 0 0 -1
    outer loop
      vertex 15.7275 2.37764 0
      vertex 16.1089 8.53078 0
      vertex 16.1089 2.46922 0
    endloop
  endfacet
  facet normal 0 0 -1
    outer loop
      vertex 15.7275 2.37764 0
      vertex 15.7275 8.62236 0
      vertex 16.1089 8.53078 0
    endloop
  endfacet
  facet normal 0 0 -1
    outer loop
      vertex 15.365 2.22752 0
      vertex 15.7275 8.62236 0
      vertex 15.7275 2.37764 0
    endloop
  endfacet
  facet normal 0 0 -1
    outer loop
      vertex 15.365 2.22752 0
      vertex 15.365 8.77248 0
      vertex 15.7275 8.62236 0
    endloop
  endfacet
  facet normal 0 0 -1
    outer loop
      vertex 15.0305 2.02254 0
      vertex 15.365 8.77248 0
      vertex 15.365 2.22752 0
    endloop
  endfacet
  facet normal 0 0 -1
    outer loop
      vertex 15.0305 2.02254 0
      vertex 15.0305 8.97746 0
      vertex 15.365 8.77248 0
    endloop
  endfacet
  facet normal 0 0 -1
    outer loop
      vertex 14.7322 1.76777 0
      vertex 15.0305 8.97746 0
      vertex 15.0305 2.02254 0
    endloop
  endfacet
  facet normal 0 0 -1
    outer loop
      vertex 14.7322 1.76777 0
      vertex 14.7322 9.23223 0
      vertex 15.0305 8.97746 0
    endloop
  endfacet
  facet normal 0 0 -1
    outer loop
      vertex 14.1224 0.772542 0
      vertex 7.87764 0.772542 0
      vertex 14.2725 1.13498 0
    endloop
  endfacet
  facet normal 0 0 -1
    outer loop
      vertex 7.72752 1.13498 0
      vertex 14.2725 1.13498 0
      vertex 7.87764 0.772542 0
    endloop
  endfacet
  facet normal 0 0 -1
    outer loop
      vertex 7.87764 0.772542 0
      vertex 14.1224 0.772542 0
      vertex 7.96922 0.391086 0
    endloop
  endfacet
  facet normal 0 0 -1
    outer loop
      vertex 14.2725 1.13498 0
      vertex 7.72752 1.13498 0
      vertex 14.4775 1.46946 0
    endloop
  endfacet
  facet normal 0 0 -1
    outer loop
      vertex 14.0308 0.391086 0
      vertex 7.96922 0.391086 0
      vertex 14.1224 0.772542 0
    endloop
  endfacet
  facet normal 0 0 -1
    outer loop
      vertex 14.7322 9.23223 0
      vertex 8 11 0
      vertex 14.4775 9.53054 0
    endloop
  endfacet
  facet normal 0 0 -1
    outer loop
      vertex 7.96922 0.391086 0
      vertex 14.0308 0.391086 0
      vertex 8 0 0
    endloop
  endfacet
  facet normal 0 0 -1
    outer loop
      vertex 14.4775 9.53054 0
      vertex 8 11 0
      vertex 14.2725 9.86502 0
    endloop
  endfacet
  facet normal 0 0 -1
    outer loop
      vertex 8 0 0
      vertex 14.0308 0.391086 0
      vertex 14 0 0
    endloop
  endfacet
  facet normal 0 0 -1
    outer loop
      vertex 14.2725 9.86502 0
      vertex 8 11 0
      vertex 14.1224 10.2275 0
    endloop
  endfacet
  facet normal 0 0 -1
    outer loop
      vertex 18.5225 -9.53054 0
      vertex 25.4775 -9.53054 0
      vertex 18.7275 -9.86502 0
    endloop
  endfacet
  facet normal 0 0 -1
    outer loop
      vertex 25.7322 -1.76777 0
      vertex 18.9692 -0.391086 0
      vertex 19 0 0
    endloop
  endfacet
  facet normal 0 0 -1
    outer loop
      vertex 25.4775 -9.53054 0
      vertex 18.5225 -9.53054 0
      vertex 25.7322 -9.23223 0
    endloop
  endfacet
  facet normal 0 0 -1
    outer loop
      vertex 25.7322 -1.76777 0
      vertex 18.8776 -0.772542 0
      vertex 18.9692 -0.391086 0
    endloop
  endfacet
  facet normal 0 0 -1
    outer loop
      vertex 18.2678 -9.23223 0
      vertex 25.7322 -9.23223 0
      vertex 18.5225 -9.53054 0
    endloop
  endfacet
  facet normal 0 0 -1
    outer loop
      vertex 25.7322 -1.76777 0
      vertex 18.7275 -1.13498 0
      vertex 18.8776 -0.772542 0
    endloop
  endfacet
  facet normal 0 0 -1
    outer loop
      vertex 25.7322 -9.23223 0
      vertex 18.2678 -9.23223 0
      vertex 25.7322 -1.76777 0
    endloop
  endfacet
  facet normal 0 0 -1
    outer loop
      vertex 25.7322 -1.76777 0
      vertex 18.5225 -1.46946 0
      vertex 18.7275 -1.13498 0
    endloop
  endfacet
  facet normal 0 0 -1
    outer loop
      vertex 18.2678 -1.76777 0
      vertex 25.7322 -1.76777 0
      vertex 18.2678 -9.23223 0
    endloop
  endfacet
  facet normal 0 0 -1
    outer loop
      vertex 25.7322 -1.76777 0
      vertex 18.2678 -1.76777 0
      vertex 18.5225 -1.46946 0
    endloop
  endfacet
  facet normal 0 0 -1
    outer loop
      vertex 17.9695 -8.97746 0
      vertex 18.2678 -1.76777 0
      vertex 18.2678 -9.23223 0
    endloop
  endfacet
  facet normal 0 0 -1
    outer loop
      vertex 17.9695 -8.97746 0
      vertex 17.9695 -2.02254 0
      vertex 18.2678 -1.76777 0
    endloop
  endfacet
  facet normal 0 0 -1
    outer loop
      vertex 17.635 -8.77248 0
      vertex 17.9695 -2.02254 0
      vertex 17.9695 -8.97746 0
    endloop
  endfacet
  facet normal 0 0 -1
    outer loop
      vertex 17.635 -8.77248 0
      vertex 17.635 -2.22752 0
      vertex 17.9695 -2.02254 0
    endloop
  endfacet
  facet normal 0 0 -1
    outer loop
      vertex 17.2725 -8.62236 0
      vertex 17.635 -2.22752 0
      vertex 17.635 -8.77248 0
    endloop
  endfacet
  facet normal 0 0 -1
    outer loop
      vertex 17.2725 -8.62236 0
      vertex 17.2725 -2.37764 0
      vertex 17.635 -2.22752 0
    endloop
  endfacet
  facet normal 0 0 -1
    outer loop
      vertex 16.8911 -8.53078 0
      vertex 17.2725 -2.37764 0
      vertex 17.2725 -8.62236 0
    endloop
  endfacet
  facet normal 0 0 -1
    outer loop
      vertex 16.8911 -8.53078 0
      vertex 16.8911 -2.46922 0
      vertex 17.2725 -2.37764 0
    endloop
  endfacet
  facet normal 0 0 -1
    outer loop
      vertex 16.5 -8.5 0
      vertex 16.8911 -2.46922 0
      vertex 16.8911 -8.53078 0
    endloop
  endfacet
  facet normal 0 0 -1
    outer loop
      vertex 16.5 -8.5 0
      vertex 16.5 -2.5 0
      vertex 16.8911 -2.46922 0
    endloop
  endfacet
  facet normal 0 0 -1
    outer loop
      vertex 16.1089 -8.53078 0
      vertex 16.5 -2.5 0
      vertex 16.5 -8.5 0
    endloop
  endfacet
  facet normal 0 0 -1
    outer loop
      vertex 16.1089 -8.53078 0
      vertex 16.1089 -2.46922 0
      vertex 16.5 -2.5 0
    endloop
  endfacet
  facet normal 0 0 -1
    outer loop
      vertex 15.7275 -8.62236 0
      vertex 16.1089 -2.46922 0
      vertex 16.1089 -8.53078 0
    endloop
  endfacet
  facet normal 0 0 -1
    outer loop
      vertex 15.7275 -8.62236 0
      vertex 15.7275 -2.37764 0
      vertex 16.1089 -2.46922 0
    endloop
  endfacet
  facet normal 0 0 -1
    outer loop
      vertex 15.365 -8.77248 0
      vertex 15.7275 -2.37764 0
      vertex 15.7275 -8.62236 0
    endloop
  endfacet
  facet normal 0 0 -1
    outer loop
      vertex 15.365 -8.77248 0
      vertex 15.365 -2.22752 0
      vertex 15.7275 -2.37764 0
    endloop
  endfacet
  facet normal 0 0 -1
    outer loop
      vertex 15.0305 -8.97746 0
      vertex 15.365 -2.22752 0
      vertex 15.365 -8.77248 0
    endloop
  endfacet
  facet normal 0 0 -1
    outer loop
      vertex 15.0305 -8.97746 0
      vertex 15.0305 -2.02254 0
      vertex 15.365 -2.22752 0
    endloop
  endfacet
  facet normal 0 0 -1
    outer loop
      vertex 14.7322 -9.23223 0
      vertex 15.0305 -2.02254 0
      vertex 15.0305 -8.97746 0
    endloop
  endfacet
  facet normal 0 0 -1
    outer loop
      vertex 14.7322 -9.23223 0
      vertex 14.7322 -1.76777 0
      vertex 15.0305 -2.02254 0
    endloop
  endfacet
  facet normal 0 0 -1
    outer loop
      vertex 14.1224 -10.2275 0
      vertex 7.87764 -10.2275 0
      vertex 14.2725 -9.86502 0
    endloop
  endfacet
  facet normal 0 0 -1
    outer loop
      vertex 7.72752 -9.86502 0
      vertex 14.2725 -9.86502 0
      vertex 7.87764 -10.2275 0
    endloop
  endfacet
  facet normal 0 0 -1
    outer loop
      vertex 7.87764 -10.2275 0
      vertex 14.1224 -10.2275 0
      vertex 7.96922 -10.6089 0
    endloop
  endfacet
  facet normal 0 0 -1
    outer loop
      vertex 14.2725 -9.86502 0
      vertex 7.72752 -9.86502 0
      vertex 14.4775 -9.53054 0
    endloop
  endfacet
  facet normal 0 0 -1
    outer loop
      vertex 14.0308 -10.6089 0
      vertex 7.96922 -10.6089 0
      vertex 14.1224 -10.2275 0
    endloop
  endfacet
  facet normal 0 0 -1
    outer loop
      vertex 14.7322 -1.76777 0
      vertex 8 0 0
      vertex 14.4775 -1.46946 0
    endloop
  endfacet
  facet normal 0 0 -1
    outer loop
      vertex 7.96922 -10.6089 0
      vertex 14.0308 -10.6089 0
      vertex 8 -11 0
    endloop
  endfacet
  facet normal 0 0 -1
    outer loop
      vertex 14.4775 -1.46946 0
      vertex 8 0 0
      vertex 14.2725 -1.13498 0
    endloop
  endfacet
  facet normal 0 0 -1
    outer loop
      vertex 8 -11 0
      vertex 14.0308 -10.6089 0
      vertex 14 -11 0
    endloop
  endfacet
  facet normal 0 0 -1
    outer loop
      vertex 14.2725 -1.13498 0
      vertex 8 0 0
      vertex 14.1224 -0.772542 0
    endloop
  endfacet
  facet normal 0 0 -1
    outer loop
      vertex 29.5225 1.46946 0
      vertex 36.4775 1.46946 0
      vertex 29.7275 1.13498 0
    endloop
  endfacet
  facet normal 0 0 -1
    outer loop
      vertex 36.7322 9.23223 0
      vertex 29.9692 10.6089 0
      vertex 30 11 0
    endloop
  endfacet
  facet normal 0 0 -1
    outer loop
      vertex 36.4775 1.46946 0
      vertex 29.5225 1.46946 0
      vertex 36.7322 1.76777 0
    endloop
  endfacet
  facet normal 0 0 -1
    outer loop
      vertex 36.7322 9.23223 0
      vertex 29.8776 10.2275 0
      vertex 29.9692 10.6089 0
    endloop
  endfacet
  facet normal 0 0 -1
    outer loop
      vertex 29.2678 1.76777 0
      vertex 36.7322 1.76777 0
      vertex 29.5225 1.46946 0
    endloop
  endfacet
  facet normal 0 0 -1
    outer loop
      vertex 36.7322 9.23223 0
      vertex 29.7275 9.86502 0
      vertex 29.8776 10.2275 0
    endloop
  endfacet
  facet normal 0 0 -1
    outer loop
      vertex 36.7322 1.76777 0
      vertex 29.2678 1.76777 0
      vertex 36.7322 9.23223 0
    endloop
  endfacet
  facet normal 0 0 -1
    outer loop
      vertex 36.7322 9.23223 0
      vertex 29.5225 9.53054 0
      vertex 29.7275 9.86502 0
    endloop
  endfacet
  facet normal 0 0 -1
    outer loop
      vertex 29.2678 9.23223 0
      vertex 36.7322 9.23223 0
      vertex 29.2678 1.76777 0
    endloop
  endfacet
  facet normal 0 0 -1
    outer loop
      vertex 36.7322 9.23223 0
      vertex 29.2678 9.23223 0
      vertex 29.5225 9.53054 0
    endloop
  endfacet
  facet normal 0 0 -1
    outer loop
      vertex 28.9695 2.02254 0
      vertex 29.2678 9.23223 0
      vertex 29.2678 1.76777 0
    endloop
  endfacet
  facet normal 0 0 -1
    outer loop
      vertex 28.9695 2.02254 0
      vertex 28.9695 8.97746 0
      vertex 29.2678 9.23223 0
    endloop
  endfacet
  facet normal 0 0 -1
    outer loop
      vertex 28.635 2.22752 0
      vertex 28.9695 8.97746 0
      vertex 28.9695 2.02254 0
    endloop
  endfacet
  facet normal 0 0 -1
    outer loop
      vertex 28.635 2.22752 0
      vertex 28.635 8.77248 0
      vertex 28.9695 8.97746 0
    endloop
  endfacet
  facet normal 0 0 -1
    outer loop
      vertex 28.2725 2.37764 0
      vertex 28.635 8.77248 0
      vertex 28.635 2.22752 0
    endloop
  endfacet
  facet normal 0 0 -1
    outer loop
      vertex 28.2725 2.37764 0
      vertex 28.2725 8.62236 0
      vertex 28.635 8.77248 0
    endloop
  endfacet
  facet normal 0 0 -1
    outer loop
      vertex 27.8911 2.46922 0
      vertex 28.2725 8.62236 0
      vertex 28.2725 2.37764 0
    endloop
  endfacet
  facet normal 0 0 -1
    outer loop
      vertex 27.8911 2.46922 0
      vertex 27.8911 8.53078 0
      vertex 28.2725 8.62236 0
    endloop
  endfacet
  facet normal 0 0 -1
    outer loop
      vertex 27.5 2.5 0
      vertex 27.8911 8.53078 0
      vertex 27.8911 2.46922 0
    endloop
  endfacet
  facet normal 0 0 -1
    outer loop
      vertex 27.5 2.5 0
      vertex 27.5 8.5 0
      vertex 27.8911 8.53078 0
    endloop
  endfacet
  facet normal 0 0 -1
    outer loop
      vertex 27.1089 2.46922 0
      vertex 27.5 8.5 0
      vertex 27.5 2.5 0
    endloop
  endfacet
  facet normal 0 0 -1
    outer loop
      vertex 27.1089 2.46922 0
      vertex 27.1089 8.53078 0
      vertex 27.5 8.5 0
    endloop
  endfacet
  facet normal 0 0 -1
    outer loop
      vertex 26.7275 2.37764 0
      vertex 27.1089 8.53078 0
      vertex 27.1089 2.46922 0
    endloop
  endfacet
  facet normal 0 0 -1
    outer loop
      vertex 26.7275 2.37764 0
      vertex 26.7275 8.62236 0
      vertex 27.1089 8.53078 0
    endloop
  endfacet
  facet normal 0 0 -1
    outer loop
      vertex 26.365 2.22752 0
      vertex 26.7275 8.62236 0
      vertex 26.7275 2.37764 0
    endloop
  endfacet
  facet normal 0 0 -1
    outer loop
      vertex 26.365 2.22752 0
      vertex 26.365 8.77248 0
      vertex 26.7275 8.62236 0
    endloop
  endfacet
  facet normal 0 0 -1
    outer loop
      vertex 26.0305 2.02254 0
      vertex 26.365 8.77248 0
      vertex 26.365 2.22752 0
    endloop
  endfacet
  facet normal 0 0 -1
    outer loop
      vertex 26.0305 2.02254 0
      vertex 26.0305 8.97746 0
      vertex 26.365 8.77248 0
    endloop
  endfacet
  facet normal 0 0 -1
    outer loop
      vertex 25.7322 1.76777 0
      vertex 26.0305 8.97746 0
      vertex 26.0305 2.02254 0
    endloop
  endfacet
  facet normal 0 0 -1
    outer loop
      vertex 25.7322 1.76777 0
      vertex 25.7322 9.23223 0
      vertex 26.0305 8.97746 0
    endloop
  endfacet
  facet normal 0 0 -1
    outer loop
      vertex 25.1224 0.772542 0
      vertex 18.8776 0.772542 0
      vertex 25.2725 1.13498 0
    endloop
  endfacet
  facet normal 0 0 -1
    outer loop
      vertex 18.7275 1.13498 0
      vertex 25.2725 1.13498 0
      vertex 18.8776 0.772542 0
    endloop
  endfacet
  facet normal 0 0 -1
    outer loop
      vertex 18.8776 0.772542 0
      vertex 25.1224 0.772542 0
      vertex 18.9692 0.391086 0
    endloop
  endfacet
  facet normal 0 0 -1
    outer loop
      vertex 25.2725 1.13498 0
      vertex 18.7275 1.13498 0
      vertex 25.4775 1.46946 0
    endloop
  endfacet
  facet normal 0 0 -1
    outer loop
      vertex 25.0308 0.391086 0
      vertex 18.9692 0.391086 0
      vertex 25.1224 0.772542 0
    endloop
  endfacet
  facet normal 0 0 -1
    outer loop
      vertex 25.7322 9.23223 0
      vertex 19 11 0
      vertex 25.4775 9.53054 0
    endloop
  endfacet
  facet normal 0 0 -1
    outer loop
      vertex 18.9692 0.391086 0
      vertex 25.0308 0.391086 0
      vertex 19 0 0
    endloop
  endfacet
  facet normal 0 0 -1
    outer loop
      vertex 25.4775 9.53054 0
      vertex 19 11 0
      vertex 25.2725 9.86502 0
    endloop
  endfacet
  facet normal 0 0 -1
    outer loop
      vertex 19 0 0
      vertex 25.0308 0.391086 0
      vertex 25 0 0
    endloop
  endfacet
  facet normal 0 0 -1
    outer loop
      vertex 25.2725 9.86502 0
      vertex 19 11 0
      vertex 25.1224 10.2275 0
    endloop
  endfacet
  facet normal 0 0 -1
    outer loop
      vertex 29.5225 -9.53054 0
      vertex 36.4775 -9.53054 0
      vertex 29.7275 -9.86502 0
    endloop
  endfacet
  facet normal 0 0 -1
    outer loop
      vertex 36.7322 -1.76777 0
      vertex 29.9692 -0.391086 0
      vertex 30 0 0
    endloop
  endfacet
  facet normal 0 0 -1
    outer loop
      vertex 36.4775 -9.53054 0
      vertex 29.5225 -9.53054 0
      vertex 36.7322 -9.23223 0
    endloop
  endfacet
  facet normal 0 0 -1
    outer loop
      vertex 36.7322 -1.76777 0
      vertex 29.8776 -0.772542 0
      vertex 29.9692 -0.391086 0
    endloop
  endfacet
  facet normal 0 0 -1
    outer loop
      vertex 29.2678 -9.23223 0
      vertex 36.7322 -9.23223 0
      vertex 29.5225 -9.53054 0
    endloop
  endfacet
  facet normal 0 0 -1
    outer loop
      vertex 36.7322 -1.76777 0
      vertex 29.7275 -1.13498 0
      vertex 29.8776 -0.772542 0
    endloop
  endfacet
  facet normal 0 0 -1
    outer loop
      vertex 36.7322 -9.23223 0
      vertex 29.2678 -9.23223 0
      vertex 36.7322 -1.76777 0
    endloop
  endfacet
  facet normal 0 0 -1
    outer loop
      vertex 36.7322 -1.76777 0
      vertex 29.5225 -1.46946 0
      vertex 29.7275 -1.13498 0
    endloop
  endfacet
  facet normal 0 0 -1
    outer loop
      vertex 29.2678 -1.76777 0
      vertex 36.7322 -1.76777 0
      vertex 29.2678 -9.23223 0
    endloop
  endfacet
  facet normal 0 0 -1
    outer loop
      vertex 36.7322 -1.76777 0
      vertex 29.2678 -1.76777 0
      vertex 29.5225 -1.46946 0
    endloop
  endfacet
  facet normal 0 0 -1
    outer loop
      vertex 28.9695 -8.97746 0
      vertex 29.2678 -1.76777 0
      vertex 29.2678 -9.23223 0
    endloop
  endfacet
  facet normal 0 0 -1
    outer loop
      vertex 28.9695 -8.97746 0
      vertex 28.9695 -2.02254 0
      vertex 29.2678 -1.76777 0
    endloop
  endfacet
  facet normal 0 0 -1
    outer loop
      vertex 28.635 -8.77248 0
      vertex 28.9695 -2.02254 0
      vertex 28.9695 -8.97746 0
    endloop
  endfacet
  facet normal 0 0 -1
    outer loop
      vertex 28.635 -8.77248 0
      vertex 28.635 -2.22752 0
      vertex 28.9695 -2.02254 0
    endloop
  endfacet
  facet normal 0 0 -1
    outer loop
      vertex 28.2725 -8.62236 0
      vertex 28.635 -2.22752 0
      vertex 28.635 -8.77248 0
    endloop
  endfacet
  facet normal 0 0 -1
    outer loop
      vertex 28.2725 -8.62236 0
      vertex 28.2725 -2.37764 0
      vertex 28.635 -2.22752 0
    endloop
  endfacet
  facet normal 0 0 -1
    outer loop
      vertex 27.8911 -8.53078 0
      vertex 28.2725 -2.37764 0
      vertex 28.2725 -8.62236 0
    endloop
  endfacet
  facet normal 0 0 -1
    outer loop
      vertex 27.8911 -8.53078 0
      vertex 27.8911 -2.46922 0
      vertex 28.2725 -2.37764 0
    endloop
  endfacet
  facet normal 0 0 -1
    outer loop
      vertex 27.5 -8.5 0
      vertex 27.8911 -2.46922 0
      vertex 27.8911 -8.53078 0
    endloop
  endfacet
  facet normal 0 0 -1
    outer loop
      vertex 27.5 -8.5 0
      vertex 27.5 -2.5 0
      vertex 27.8911 -2.46922 0
    endloop
  endfacet
  facet normal 0 0 -1
    outer loop
      vertex 27.1089 -8.53078 0
      vertex 27.5 -2.5 0
      vertex 27.5 -8.5 0
    endloop
  endfacet
  facet normal 0 0 -1
    outer loop
      vertex 27.1089 -8.53078 0
      vertex 27.1089 -2.46922 0
      vertex 27.5 -2.5 0
    endloop
  endfacet
  facet normal 0 0 -1
    outer loop
      vertex 26.7275 -8.62236 0
      vertex 27.1089 -2.46922 0
      vertex 27.1089 -8.53078 0
    endloop
  endfacet
  facet normal 0 0 -1
    outer loop
      vertex 26.7275 -8.62236 0
      vertex 26.7275 -2.37764 0
      vertex 27.1089 -2.46922 0
    endloop
  endfacet
  facet normal 0 0 -1
    outer loop
      vertex 26.365 -8.77248 0
      vertex 26.7275 -2.37764 0
      vertex 26.7275 -8.62236 0
    endloop
  endfacet
  facet normal 0 0 -1
    outer loop
      vertex 26.365 -8.77248 0
      vertex 26.365 -2.22752 0
      vertex 26.7275 -2.37764 0
    endloop
  endfacet
  facet normal 0 0 -1
    outer loop
      vertex 26.0305 -8.97746 0
      vertex 26.365 -2.22752 0
      vertex 26.365 -8.77248 0
    endloop
  endfacet
  facet normal 0 0 -1
    outer loop
      vertex 26.0305 -8.97746 0
      vertex 26.0305 -2.02254 0
      vertex 26.365 -2.22752 0
    endloop
  endfacet
  facet normal 0 0 -1
    outer loop
      vertex 25.7322 -9.23223 0
      vertex 26.0305 -2.02254 0
      vertex 26.0305 -8.97746 0
    endloop
  endfacet
  facet normal 0 0 -1
    outer loop
      vertex 25.7322 -9.23223 0
      vertex 25.7322 -1.76777 0
      vertex 26.0305 -2.02254 0
    endloop
  endfacet
  facet normal 0 0 -1
    outer loop
      vertex 25.1224 -10.2275 0
      vertex 18.8776 -10.2275 0
      vertex 25.2725 -9.86502 0
    endloop
  endfacet
  facet normal 0 0 -1
    outer loop
      vertex 18.7275 -9.86502 0
      vertex 25.2725 -9.86502 0
      vertex 18.8776 -10.2275 0
    endloop
  endfacet
  facet normal 0 0 -1
    outer loop
      vertex 18.8776 -10.2275 0
      vertex 25.1224 -10.2275 0
      vertex 18.9692 -10.6089 0
    endloop
  endfacet
  facet normal 0 0 -1
    outer loop
      vertex 25.2725 -9.86502 0
      vertex 18.7275 -9.86502 0
      vertex 25.4775 -9.53054 0
    endloop
  endfacet
  facet normal 0 0 -1
    outer loop
      vertex 25.0308 -10.6089 0
      vertex 18.9692 -10.6089 0
      vertex 25.1224 -10.2275 0
    endloop
  endfacet
  facet normal 0 0 -1
    outer loop
      vertex 25.7322 -1.76777 0
      vertex 19 0 0
      vertex 25.4775 -1.46946 0
    endloop
  endfacet
  facet normal 0 0 -1
    outer loop
      vertex 18.9692 -10.6089 0
      vertex 25.0308 -10.6089 0
      vertex 19 -11 0
    endloop
  endfacet
  facet normal 0 0 -1
    outer loop
      vertex 25.4775 -1.46946 0
      vertex 19 0 0
      vertex 25.2725 -1.13498 0
    endloop
  endfacet
  facet normal 0 0 -1
    outer loop
      vertex 19 -11 0
      vertex 25.0308 -10.6089 0
      vertex 25 -11 0
    endloop
  endfacet
  facet normal 0 0 -1
    outer loop
      vertex 25.2725 -1.13498 0
      vertex 19 0 0
      vertex 25.1224 -0.772542 0
    endloop
  endfacet
  facet normal 0 0 -1
    outer loop
      vertex 40.9692 10.6089 0
      vertex 54.5 25 0
      vertex 40.9692 0.391086 0
    endloop
  endfacet
  facet normal 0 0 -1
    outer loop
      vertex 54.5 25 0
      vertex 40.9692 10.6089 0
      vertex 41 11 0
    endloop
  endfacet
  facet normal 0 0 -1
    outer loop
      vertex 40.8776 0.772542 0
      vertex 40.9692 10.6089 0
      vertex 40.9692 0.391086 0
    endloop
  endfacet
  facet normal 0 0 -1
    outer loop
      vertex 40.8776 0.772542 0
      vertex 40.8776 10.2275 0
      vertex 40.9692 10.6089 0
    endloop
  endfacet
  facet normal 0 0 -1
    outer loop
      vertex 40.7275 1.13498 0
      vertex 40.8776 10.2275 0
      vertex 40.8776 0.772542 0
    endloop
  endfacet
  facet normal 0 0 -1
    outer loop
      vertex 40.7275 1.13498 0
      vertex 40.7275 9.86502 0
      vertex 40.8776 10.2275 0
    endloop
  endfacet
  facet normal 0 0 -1
    outer loop
      vertex 40.5225 1.46946 0
      vertex 40.7275 9.86502 0
      vertex 40.7275 1.13498 0
    endloop
  endfacet
  facet normal 0 0 -1
    outer loop
      vertex 40.5225 1.46946 0
      vertex 40.5225 9.53054 0
      vertex 40.7275 9.86502 0
    endloop
  endfacet
  facet normal 0 0 -1
    outer loop
      vertex 40.2678 1.76777 0
      vertex 40.5225 9.53054 0
      vertex 40.5225 1.46946 0
    endloop
  endfacet
  facet normal 0 0 -1
    outer loop
      vertex 40.2678 1.76777 0
      vertex 40.2678 9.23223 0
      vertex 40.5225 9.53054 0
    endloop
  endfacet
  facet normal 0 0 -1
    outer loop
      vertex 39.9695 2.02254 0
      vertex 40.2678 9.23223 0
      vertex 40.2678 1.76777 0
    endloop
  endfacet
  facet normal 0 0 -1
    outer loop
      vertex 39.9695 2.02254 0
      vertex 39.9695 8.97746 0
      vertex 40.2678 9.23223 0
    endloop
  endfacet
  facet normal 0 0 -1
    outer loop
      vertex 39.635 2.22752 0
      vertex 39.9695 8.97746 0
      vertex 39.9695 2.02254 0
    endloop
  endfacet
  facet normal 0 0 -1
    outer loop
      vertex 39.635 2.22752 0
      vertex 39.635 8.77248 0
      vertex 39.9695 8.97746 0
    endloop
  endfacet
  facet normal 0 0 -1
    outer loop
      vertex 39.2725 2.37764 0
      vertex 39.635 8.77248 0
      vertex 39.635 2.22752 0
    endloop
  endfacet
  facet normal 0 0 -1
    outer loop
      vertex 39.2725 2.37764 0
      vertex 39.2725 8.62236 0
      vertex 39.635 8.77248 0
    endloop
  endfacet
  facet normal 0 0 -1
    outer loop
      vertex 38.8911 2.46922 0
      vertex 39.2725 8.62236 0
      vertex 39.2725 2.37764 0
    endloop
  endfacet
  facet normal 0 0 -1
    outer loop
      vertex 38.8911 2.46922 0
      vertex 38.8911 8.53078 0
      vertex 39.2725 8.62236 0
    endloop
  endfacet
  facet normal 0 0 -1
    outer loop
      vertex 38.5 2.5 0
      vertex 38.8911 8.53078 0
      vertex 38.8911 2.46922 0
    endloop
  endfacet
  facet normal 0 0 -1
    outer loop
      vertex 38.5 2.5 0
      vertex 38.5 8.5 0
      vertex 38.8911 8.53078 0
    endloop
  endfacet
  facet normal 0 0 -1
    outer loop
      vertex 38.1089 2.46922 0
      vertex 38.5 8.5 0
      vertex 38.5 2.5 0
    endloop
  endfacet
  facet normal 0 0 -1
    outer loop
      vertex 38.1089 2.46922 0
      vertex 38.1089 8.53078 0
      vertex 38.5 8.5 0
    endloop
  endfacet
  facet normal 0 0 -1
    outer loop
      vertex 37.7275 2.37764 0
      vertex 38.1089 8.53078 0
      vertex 38.1089 2.46922 0
    endloop
  endfacet
  facet normal 0 0 -1
    outer loop
      vertex 37.7275 2.37764 0
      vertex 37.7275 8.62236 0
      vertex 38.1089 8.53078 0
    endloop
  endfacet
  facet normal 0 0 -1
    outer loop
      vertex 37.365 2.22752 0
      vertex 37.7275 8.62236 0
      vertex 37.7275 2.37764 0
    endloop
  endfacet
  facet normal 0 0 -1
    outer loop
      vertex 37.365 2.22752 0
      vertex 37.365 8.77248 0
      vertex 37.7275 8.62236 0
    endloop
  endfacet
  facet normal 0 0 -1
    outer loop
      vertex 37.0305 2.02254 0
      vertex 37.365 8.77248 0
      vertex 37.365 2.22752 0
    endloop
  endfacet
  facet normal 0 0 -1
    outer loop
      vertex 37.0305 2.02254 0
      vertex 37.0305 8.97746 0
      vertex 37.365 8.77248 0
    endloop
  endfacet
  facet normal 0 0 -1
    outer loop
      vertex 36.7322 1.76777 0
      vertex 37.0305 8.97746 0
      vertex 37.0305 2.02254 0
    endloop
  endfacet
  facet normal 0 0 -1
    outer loop
      vertex 36.7322 1.76777 0
      vertex 36.7322 9.23223 0
      vertex 37.0305 8.97746 0
    endloop
  endfacet
  facet normal 0 0 -1
    outer loop
      vertex 36.1224 0.772542 0
      vertex 29.8776 0.772542 0
      vertex 36.2725 1.13498 0
    endloop
  endfacet
  facet normal 0 0 -1
    outer loop
      vertex 29.7275 1.13498 0
      vertex 36.2725 1.13498 0
      vertex 29.8776 0.772542 0
    endloop
  endfacet
  facet normal 0 0 -1
    outer loop
      vertex 29.8776 0.772542 0
      vertex 36.1224 0.772542 0
      vertex 29.9692 0.391086 0
    endloop
  endfacet
  facet normal 0 0 -1
    outer loop
      vertex 36.2725 1.13498 0
      vertex 29.7275 1.13498 0
      vertex 36.4775 1.46946 0
    endloop
  endfacet
  facet normal 0 0 -1
    outer loop
      vertex 36.0308 0.391086 0
      vertex 29.9692 0.391086 0
      vertex 36.1224 0.772542 0
    endloop
  endfacet
  facet normal 0 0 -1
    outer loop
      vertex 36.7322 9.23223 0
      vertex 30 11 0
      vertex 36.4775 9.53054 0
    endloop
  endfacet
  facet normal 0 0 -1
    outer loop
      vertex 29.9692 0.391086 0
      vertex 36.0308 0.391086 0
      vertex 30 0 0
    endloop
  endfacet
  facet normal 0 0 -1
    outer loop
      vertex 36.4775 9.53054 0
      vertex 30 11 0
      vertex 36.2725 9.86502 0
    endloop
  endfacet
  facet normal 0 0 -1
    outer loop
      vertex 30 0 0
      vertex 36.0308 0.391086 0
      vertex 36 0 0
    endloop
  endfacet
  facet normal 0 0 -1
    outer loop
      vertex 36.2725 9.86502 0
      vertex 30 11 0
      vertex 36.1224 10.2275 0
    endloop
  endfacet
  facet normal 0 0 -1
    outer loop
      vertex 40.9692 -0.391086 0
      vertex 54.5 -25 0
      vertex 40.9692 -10.6089 0
    endloop
  endfacet
  facet normal 0 0 -1
    outer loop
      vertex 54.5 -25 0
      vertex 40.9692 -0.391086 0
      vertex 41 0 0
    endloop
  endfacet
  facet normal 0 0 -1
    outer loop
      vertex 40.8776 -10.2275 0
      vertex 40.9692 -0.391086 0
      vertex 40.9692 -10.6089 0
    endloop
  endfacet
  facet normal 0 0 -1
    outer loop
      vertex 40.8776 -10.2275 0
      vertex 40.8776 -0.772542 0
      vertex 40.9692 -0.391086 0
    endloop
  endfacet
  facet normal 0 0 -1
    outer loop
      vertex 40.7275 -9.86502 0
      vertex 40.8776 -0.772542 0
      vertex 40.8776 -10.2275 0
    endloop
  endfacet
  facet normal 0 0 -1
    outer loop
      vertex 40.7275 -9.86502 0
      vertex 40.7275 -1.13498 0
      vertex 40.8776 -0.772542 0
    endloop
  endfacet
  facet normal 0 0 -1
    outer loop
      vertex 40.5225 -9.53054 0
      vertex 40.7275 -1.13498 0
      vertex 40.7275 -9.86502 0
    endloop
  endfacet
  facet normal 0 0 -1
    outer loop
      vertex 40.5225 -9.53054 0
      vertex 40.5225 -1.46946 0
      vertex 40.7275 -1.13498 0
    endloop
  endfacet
  facet normal 0 0 -1
    outer loop
      vertex 40.2678 -9.23223 0
      vertex 40.5225 -1.46946 0
      vertex 40.5225 -9.53054 0
    endloop
  endfacet
  facet normal 0 0 -1
    outer loop
      vertex 40.2678 -9.23223 0
      vertex 40.2678 -1.76777 0
      vertex 40.5225 -1.46946 0
    endloop
  endfacet
  facet normal 0 0 -1
    outer loop
      vertex 39.9695 -8.97746 0
      vertex 40.2678 -1.76777 0
      vertex 40.2678 -9.23223 0
    endloop
  endfacet
  facet normal 0 0 -1
    outer loop
      vertex 39.9695 -8.97746 0
      vertex 39.9695 -2.02254 0
      vertex 40.2678 -1.76777 0
    endloop
  endfacet
  facet normal 0 0 -1
    outer loop
      vertex 39.635 -8.77248 0
      vertex 39.9695 -2.02254 0
      vertex 39.9695 -8.97746 0
    endloop
  endfacet
  facet normal 0 0 -1
    outer loop
      vertex 39.635 -8.77248 0
      vertex 39.635 -2.22752 0
      vertex 39.9695 -2.02254 0
    endloop
  endfacet
  facet normal 0 0 -1
    outer loop
      vertex 39.2725 -8.62236 0
      vertex 39.635 -2.22752 0
      vertex 39.635 -8.77248 0
    endloop
  endfacet
  facet normal 0 0 -1
    outer loop
      vertex 39.2725 -8.62236 0
      vertex 39.2725 -2.37764 0
      vertex 39.635 -2.22752 0
    endloop
  endfacet
  facet normal 0 0 -1
    outer loop
      vertex 38.8911 -8.53078 0
      vertex 39.2725 -2.37764 0
      vertex 39.2725 -8.62236 0
    endloop
  endfacet
  facet normal 0 0 -1
    outer loop
      vertex 38.8911 -8.53078 0
      vertex 38.8911 -2.46922 0
      vertex 39.2725 -2.37764 0
    endloop
  endfacet
  facet normal 0 0 -1
    outer loop
      vertex 38.5 -8.5 0
      vertex 38.8911 -2.46922 0
      vertex 38.8911 -8.53078 0
    endloop
  endfacet
  facet normal 0 0 -1
    outer loop
      vertex 38.5 -8.5 0
      vertex 38.5 -2.5 0
      vertex 38.8911 -2.46922 0
    endloop
  endfacet
  facet normal 0 0 -1
    outer loop
      vertex 38.1089 -8.53078 0
      vertex 38.5 -2.5 0
      vertex 38.5 -8.5 0
    endloop
  endfacet
  facet normal 0 0 -1
    outer loop
      vertex 38.1089 -8.53078 0
      vertex 38.1089 -2.46922 0
      vertex 38.5 -2.5 0
    endloop
  endfacet
  facet normal 0 0 -1
    outer loop
      vertex 37.7275 -8.62236 0
      vertex 38.1089 -2.46922 0
      vertex 38.1089 -8.53078 0
    endloop
  endfacet
  facet normal 0 0 -1
    outer loop
      vertex 37.7275 -8.62236 0
      vertex 37.7275 -2.37764 0
      vertex 38.1089 -2.46922 0
    endloop
  endfacet
  facet normal 0 0 -1
    outer loop
      vertex 37.365 -8.77248 0
      vertex 37.7275 -2.37764 0
      vertex 37.7275 -8.62236 0
    endloop
  endfacet
  facet normal 0 0 -1
    outer loop
      vertex 37.365 -8.77248 0
      vertex 37.365 -2.22752 0
      vertex 37.7275 -2.37764 0
    endloop
  endfacet
  facet normal 0 0 -1
    outer loop
      vertex 37.0305 -8.97746 0
      vertex 37.365 -2.22752 0
      vertex 37.365 -8.77248 0
    endloop
  endfacet
  facet normal 0 0 -1
    outer loop
      vertex 37.0305 -8.97746 0
      vertex 37.0305 -2.02254 0
      vertex 37.365 -2.22752 0
    endloop
  endfacet
  facet normal 0 0 -1
    outer loop
      vertex 36.7322 -9.23223 0
      vertex 37.0305 -2.02254 0
      vertex 37.0305 -8.97746 0
    endloop
  endfacet
  facet normal 0 0 -1
    outer loop
      vertex 36.7322 -9.23223 0
      vertex 36.7322 -1.76777 0
      vertex 37.0305 -2.02254 0
    endloop
  endfacet
  facet normal 0 0 -1
    outer loop
      vertex 36.1224 -10.2275 0
      vertex 29.8776 -10.2275 0
      vertex 36.2725 -9.86502 0
    endloop
  endfacet
  facet normal 0 0 -1
    outer loop
      vertex 29.7275 -9.86502 0
      vertex 36.2725 -9.86502 0
      vertex 29.8776 -10.2275 0
    endloop
  endfacet
  facet normal 0 0 -1
    outer loop
      vertex 29.8776 -10.2275 0
      vertex 36.1224 -10.2275 0
      vertex 29.9692 -10.6089 0
    endloop
  endfacet
  facet normal 0 0 -1
    outer loop
      vertex 36.2725 -9.86502 0
      vertex 29.7275 -9.86502 0
      vertex 36.4775 -9.53054 0
    endloop
  endfacet
  facet normal 0 0 -1
    outer loop
      vertex 36.0308 -10.6089 0
      vertex 29.9692 -10.6089 0
      vertex 36.1224 -10.2275 0
    endloop
  endfacet
  facet normal 0 0 -1
    outer loop
      vertex 36.7322 -1.76777 0
      vertex 30 0 0
      vertex 36.4775 -1.46946 0
    endloop
  endfacet
  facet normal 0 0 -1
    outer loop
      vertex 29.9692 -10.6089 0
      vertex 36.0308 -10.6089 0
      vertex 30 -11 0
    endloop
  endfacet
  facet normal 0 0 -1
    outer loop
      vertex 36.4775 -1.46946 0
      vertex 30 0 0
      vertex 36.2725 -1.13498 0
    endloop
  endfacet
  facet normal 0 0 -1
    outer loop
      vertex 30 -11 0
      vertex 36.0308 -10.6089 0
      vertex 36 -11 0
    endloop
  endfacet
  facet normal 0 0 -1
    outer loop
      vertex 36.2725 -1.13498 0
      vertex 30 0 0
      vertex 36.1224 -0.772542 0
    endloop
  endfacet
  facet normal 0 0 -1
    outer loop
      vertex 52.5 -27 0
      vertex 54.5 -25 0
      vertex 54.4754 -25.3129 0
    endloop
  endfacet
  facet normal 0 0 -1
    outer loop
      vertex 54.5 -25 0
      vertex 41 0 0
      vertex 54.5 25 0
    endloop
  endfacet
  facet normal 0 0 -1
    outer loop
      vertex 52.5 -27 0
      vertex 54.4754 -25.3129 0
      vertex 54.4021 -25.618 0
    endloop
  endfacet
  facet normal 0 0 -1
    outer loop
      vertex 40.9692 0.391086 0
      vertex 54.5 25 0
      vertex 41 0 0
    endloop
  endfacet
  facet normal 0 0 -1
    outer loop
      vertex 52.5 -27 0
      vertex 54.4021 -25.618 0
      vertex 54.282 -25.908 0
    endloop
  endfacet
  facet normal 0 0 -1
    outer loop
      vertex 40.9692 11.3911 0
      vertex 54.5 25 0
      vertex 41 11 0
    endloop
  endfacet
  facet normal 0 0 -1
    outer loop
      vertex 52.5 -27 0
      vertex 54.282 -25.908 0
      vertex 54.118 -26.1756 0
    endloop
  endfacet
  facet normal 0 0 -1
    outer loop
      vertex 40.8776 11.7725 0
      vertex 54.5 25 0
      vertex 40.9692 11.3911 0
    endloop
  endfacet
  facet normal 0 0 -1
    outer loop
      vertex 52.5 -27 0
      vertex 54.118 -26.1756 0
      vertex 53.9142 -26.4142 0
    endloop
  endfacet
  facet normal 0 0 -1
    outer loop
      vertex 40.7275 12.135 0
      vertex 54.5 25 0
      vertex 40.8776 11.7725 0
    endloop
  endfacet
  facet normal 0 0 -1
    outer loop
      vertex 52.5 -27 0
      vertex 53.9142 -26.4142 0
      vertex 53.6756 -26.618 0
    endloop
  endfacet
  facet normal 0 0 -1
    outer loop
      vertex 40.5225 12.4695 0
      vertex 54.5 25 0
      vertex 40.7275 12.135 0
    endloop
  endfacet
  facet normal 0 0 -1
    outer loop
      vertex 52.5 -27 0
      vertex 53.6756 -26.618 0
      vertex 53.408 -26.782 0
    endloop
  endfacet
  facet normal 0 0 -1
    outer loop
      vertex 40.2678 12.7678 0
      vertex 54.5 25 0
      vertex 40.5225 12.4695 0
    endloop
  endfacet
  facet normal 0 0 -1
    outer loop
      vertex 52.5 -27 0
      vertex 53.408 -26.782 0
      vertex 53.118 -26.9021 0
    endloop
  endfacet
  facet normal 0 -0 -1
    outer loop
      vertex 52.5 27 0
      vertex 54.5 25 0
      vertex 40.2678 12.7678 0
    endloop
  endfacet
  facet normal 0 0 -1
    outer loop
      vertex 52.5 -27 0
      vertex 53.118 -26.9021 0
      vertex 52.8129 -26.9754 0
    endloop
  endfacet
  facet normal 0 0 -1
    outer loop
      vertex 54.4754 25.3129 0
      vertex 52.5 27 0
      vertex 54.4021 25.618 0
    endloop
  endfacet
  facet normal -0 0 -1
    outer loop
      vertex 54.5 -25 0
      vertex 52.5 -27 0
      vertex 40.2678 -12.7678 0
    endloop
  endfacet
  facet normal 0 0 -1
    outer loop
      vertex 54.4021 25.618 0
      vertex 52.5 27 0
      vertex 54.282 25.908 0
    endloop
  endfacet
  facet normal 0 0 -1
    outer loop
      vertex 40.9692 -10.6089 0
      vertex 54.5 -25 0
      vertex 41 -11 0
    endloop
  endfacet
  facet normal 0 0 -1
    outer loop
      vertex 54.5 -25 0
      vertex 40.9692 -11.3911 0
      vertex 41 -11 0
    endloop
  endfacet
  facet normal 0 0 -1
    outer loop
      vertex 54.5 -25 0
      vertex 40.8776 -11.7725 0
      vertex 40.9692 -11.3911 0
    endloop
  endfacet
  facet normal 0 0 -1
    outer loop
      vertex 54.5 -25 0
      vertex 40.7275 -12.135 0
      vertex 40.8776 -11.7725 0
    endloop
  endfacet
  facet normal 0 0 -1
    outer loop
      vertex 54.5 -25 0
      vertex 40.5225 -12.4695 0
      vertex 40.7275 -12.135 0
    endloop
  endfacet
  facet normal 0 0 -1
    outer loop
      vertex 54.5 -25 0
      vertex 40.2678 -12.7678 0
      vertex 40.5225 -12.4695 0
    endloop
  endfacet
  facet normal 0 0 -1
    outer loop
      vertex 52.5 -27 0
      vertex 39.9695 -13.0225 0
      vertex 40.2678 -12.7678 0
    endloop
  endfacet
  facet normal 0 0 -1
    outer loop
      vertex 52.5 -27 0
      vertex 39.635 -13.2275 0
      vertex 39.9695 -13.0225 0
    endloop
  endfacet
  facet normal 0 0 -1
    outer loop
      vertex 52.5 -27 0
      vertex 39.2725 -13.3776 0
      vertex 39.635 -13.2275 0
    endloop
  endfacet
  facet normal 0 0 -1
    outer loop
      vertex 52.5 -27 0
      vertex 38.8911 -13.4692 0
      vertex 39.2725 -13.3776 0
    endloop
  endfacet
  facet normal 0 0 -1
    outer loop
      vertex 52.5 -27 0
      vertex 38.5 -13.5 0
      vertex 38.8911 -13.4692 0
    endloop
  endfacet
  facet normal 0 0 -1
    outer loop
      vertex 52.5 -27 0
      vertex 38.1089 -13.4692 0
      vertex 38.5 -13.5 0
    endloop
  endfacet
  facet normal 0 0 -1
    outer loop
      vertex 52.5 -27 0
      vertex 37.7275 -13.3776 0
      vertex 38.1089 -13.4692 0
    endloop
  endfacet
  facet normal 0 0 -1
    outer loop
      vertex 28.2725 -13.3776 0
      vertex 37.7275 -13.3776 0
      vertex 52.5 -27 0
    endloop
  endfacet
  facet normal 0 0 -1
    outer loop
      vertex 37.7275 -13.3776 0
      vertex 28.2725 -13.3776 0
      vertex 37.365 -13.2275 0
    endloop
  endfacet
  facet normal 0 -0 -1
    outer loop
      vertex 28.635 -13.2275 0
      vertex 37.365 -13.2275 0
      vertex 28.2725 -13.3776 0
    endloop
  endfacet
  facet normal 0 0 -1
    outer loop
      vertex 36.0308 -0.391086 0
      vertex 30 0 0
      vertex 36 0 0
    endloop
  endfacet
  facet normal 0 0 -1
    outer loop
      vertex 36.1224 -0.772542 0
      vertex 30 0 0
      vertex 36.0308 -0.391086 0
    endloop
  endfacet
  facet normal 0 0 -1
    outer loop
      vertex 36.0308 -11.3911 0
      vertex 30 -11 0
      vertex 36 -11 0
    endloop
  endfacet
  facet normal 0 0 -1
    outer loop
      vertex 29.9692 -11.3911 0
      vertex 36.0308 -11.3911 0
      vertex 36.1224 -11.7725 0
    endloop
  endfacet
  facet normal 0 0 -1
    outer loop
      vertex 29.8776 -11.7725 0
      vertex 36.1224 -11.7725 0
      vertex 36.2725 -12.135 0
    endloop
  endfacet
  facet normal 0 0 -1
    outer loop
      vertex 29.7275 -12.135 0
      vertex 36.2725 -12.135 0
      vertex 36.4775 -12.4695 0
    endloop
  endfacet
  facet normal 0 0 -1
    outer loop
      vertex 29.5225 -12.4695 0
      vertex 36.4775 -12.4695 0
      vertex 36.7322 -12.7678 0
    endloop
  endfacet
  facet normal 0 0 -1
    outer loop
      vertex 37.365 -13.2275 0
      vertex 28.635 -13.2275 0
      vertex 37.0305 -13.0225 0
    endloop
  endfacet
  facet normal 0 0 -1
    outer loop
      vertex 36.0308 -11.3911 0
      vertex 29.9692 -11.3911 0
      vertex 30 -11 0
    endloop
  endfacet
  facet normal 0 0 -1
    outer loop
      vertex 36.1224 -11.7725 0
      vertex 29.8776 -11.7725 0
      vertex 29.9692 -11.3911 0
    endloop
  endfacet
  facet normal 0 0 -1
    outer loop
      vertex 36.2725 -12.135 0
      vertex 29.7275 -12.135 0
      vertex 29.8776 -11.7725 0
    endloop
  endfacet
  facet normal 0 0 -1
    outer loop
      vertex 36.4775 -12.4695 0
      vertex 29.5225 -12.4695 0
      vertex 29.7275 -12.135 0
    endloop
  endfacet
  facet normal 0 0 -1
    outer loop
      vertex 36.7322 -12.7678 0
      vertex 29.2678 -12.7678 0
      vertex 29.5225 -12.4695 0
    endloop
  endfacet
  facet normal -0 0 -1
    outer loop
      vertex 36.7322 -12.7678 0
      vertex 28.9695 -13.0225 0
      vertex 29.2678 -12.7678 0
    endloop
  endfacet
  facet normal 0 0 -1
    outer loop
      vertex 37.0305 -13.0225 0
      vertex 28.9695 -13.0225 0
      vertex 36.7322 -12.7678 0
    endloop
  endfacet
  facet normal 0 -0 -1
    outer loop
      vertex 28.9695 -13.0225 0
      vertex 37.0305 -13.0225 0
      vertex 28.635 -13.2275 0
    endloop
  endfacet
  facet normal 0 0 -1
    outer loop
      vertex 52.5 -27 0
      vertex 27.8911 -13.4692 0
      vertex 28.2725 -13.3776 0
    endloop
  endfacet
  facet normal 0 0 -1
    outer loop
      vertex 52.5 -27 0
      vertex 27.5 -13.5 0
      vertex 27.8911 -13.4692 0
    endloop
  endfacet
  facet normal 0 0 -1
    outer loop
      vertex 52.5 -27 0
      vertex 27.1089 -13.4692 0
      vertex 27.5 -13.5 0
    endloop
  endfacet
  facet normal 0 0 -1
    outer loop
      vertex 16.8911 -13.4692 0
      vertex 27.1089 -13.4692 0
      vertex 52.5 -27 0
    endloop
  endfacet
  facet normal 0 0 -1
    outer loop
      vertex 27.1089 -13.4692 0
      vertex 16.8911 -13.4692 0
      vertex 26.7275 -13.3776 0
    endloop
  endfacet
  facet normal 0 0 -1
    outer loop
      vertex 25.0308 -0.391086 0
      vertex 19 0 0
      vertex 25 0 0
    endloop
  endfacet
  facet normal 0 0 -1
    outer loop
      vertex 25.1224 -0.772542 0
      vertex 19 0 0
      vertex 25.0308 -0.391086 0
    endloop
  endfacet
  facet normal 0 0 -1
    outer loop
      vertex 25.0308 -11.3911 0
      vertex 19 -11 0
      vertex 25 -11 0
    endloop
  endfacet
  facet normal 0 0 -1
    outer loop
      vertex 18.9692 -11.3911 0
      vertex 25.0308 -11.3911 0
      vertex 25.1224 -11.7725 0
    endloop
  endfacet
  facet normal 0 0 -1
    outer loop
      vertex 18.8776 -11.7725 0
      vertex 25.1224 -11.7725 0
      vertex 25.2725 -12.135 0
    endloop
  endfacet
  facet normal 0 0 -1
    outer loop
      vertex 18.7275 -12.135 0
      vertex 25.2725 -12.135 0
      vertex 25.4775 -12.4695 0
    endloop
  endfacet
  facet normal 0 0 -1
    outer loop
      vertex 18.5225 -12.4695 0
      vertex 25.4775 -12.4695 0
      vertex 25.7322 -12.7678 0
    endloop
  endfacet
  facet normal 0 0 -1
    outer loop
      vertex 18.2678 -12.7678 0
      vertex 25.7322 -12.7678 0
      vertex 26.0305 -13.0225 0
    endloop
  endfacet
  facet normal 0 0 -1
    outer loop
      vertex 17.9695 -13.0225 0
      vertex 26.0305 -13.0225 0
      vertex 26.365 -13.2275 0
    endloop
  endfacet
  facet normal 0 -0 -1
    outer loop
      vertex 17.2725 -13.3776 0
      vertex 26.7275 -13.3776 0
      vertex 16.8911 -13.4692 0
    endloop
  endfacet
  facet normal 0 0 -1
    outer loop
      vertex 25.0308 -11.3911 0
      vertex 18.9692 -11.3911 0
      vertex 19 -11 0
    endloop
  endfacet
  facet normal 0 0 -1
    outer loop
      vertex 25.1224 -11.7725 0
      vertex 18.8776 -11.7725 0
      vertex 18.9692 -11.3911 0
    endloop
  endfacet
  facet normal 0 0 -1
    outer loop
      vertex 25.2725 -12.135 0
      vertex 18.7275 -12.135 0
      vertex 18.8776 -11.7725 0
    endloop
  endfacet
  facet normal 0 0 -1
    outer loop
      vertex 25.4775 -12.4695 0
      vertex 18.5225 -12.4695 0
      vertex 18.7275 -12.135 0
    endloop
  endfacet
  facet normal 0 0 -1
    outer loop
      vertex 25.7322 -12.7678 0
      vertex 18.2678 -12.7678 0
      vertex 18.5225 -12.4695 0
    endloop
  endfacet
  facet normal 0 0 -1
    outer loop
      vertex 26.0305 -13.0225 0
      vertex 17.9695 -13.0225 0
      vertex 18.2678 -12.7678 0
    endloop
  endfacet
  facet normal 0 0 -1
    outer loop
      vertex 26.365 -13.2275 0
      vertex 17.635 -13.2275 0
      vertex 17.9695 -13.0225 0
    endloop
  endfacet
  facet normal -0 0 -1
    outer loop
      vertex 26.365 -13.2275 0
      vertex 17.2725 -13.3776 0
      vertex 17.635 -13.2275 0
    endloop
  endfacet
  facet normal 0 0 -1
    outer loop
      vertex 26.7275 -13.3776 0
      vertex 17.2725 -13.3776 0
      vertex 26.365 -13.2275 0
    endloop
  endfacet
  facet normal 0 0 -1
    outer loop
      vertex 52.5 -27 0
      vertex 16.5 -13.5 0
      vertex 16.8911 -13.4692 0
    endloop
  endfacet
  facet normal 0 0 -1
    outer loop
      vertex 52.5 -27 0
      vertex 16.1089 -13.4692 0
      vertex 16.5 -13.5 0
    endloop
  endfacet
  facet normal 0 0 -1
    outer loop
      vertex 5.89109 -13.4692 0
      vertex 16.1089 -13.4692 0
      vertex 52.5 -27 0
    endloop
  endfacet
  facet normal 0 0 -1
    outer loop
      vertex 14.0308 -0.391086 0
      vertex 8 0 0
      vertex 14 0 0
    endloop
  endfacet
  facet normal 0 0 -1
    outer loop
      vertex 14.1224 -0.772542 0
      vertex 8 0 0
      vertex 14.0308 -0.391086 0
    endloop
  endfacet
  facet normal 0 0 -1
    outer loop
      vertex 14.0308 -11.3911 0
      vertex 8 -11 0
      vertex 14 -11 0
    endloop
  endfacet
  facet normal 0 0 -1
    outer loop
      vertex 7.96922 -11.3911 0
      vertex 14.0308 -11.3911 0
      vertex 14.1224 -11.7725 0
    endloop
  endfacet
  facet normal 0 0 -1
    outer loop
      vertex 7.87764 -11.7725 0
      vertex 14.1224 -11.7725 0
      vertex 14.2725 -12.135 0
    endloop
  endfacet
  facet normal 0 0 -1
    outer loop
      vertex 7.72752 -12.135 0
      vertex 14.2725 -12.135 0
      vertex 14.4775 -12.4695 0
    endloop
  endfacet
  facet normal 0 0 -1
    outer loop
      vertex 7.52254 -12.4695 0
      vertex 14.4775 -12.4695 0
      vertex 14.7322 -12.7678 0
    endloop
  endfacet
  facet normal 0 0 -1
    outer loop
      vertex 7.26777 -12.7678 0
      vertex 14.7322 -12.7678 0
      vertex 15.0305 -13.0225 0
    endloop
  endfacet
  facet normal 0 0 -1
    outer loop
      vertex 6.96946 -13.0225 0
      vertex 15.0305 -13.0225 0
      vertex 15.365 -13.2275 0
    endloop
  endfacet
  facet normal 0 0 -1
    outer loop
      vertex 6.63498 -13.2275 0
      vertex 15.365 -13.2275 0
      vertex 15.7275 -13.3776 0
    endloop
  endfacet
  facet normal 0 0 -1
    outer loop
      vertex 16.1089 -13.4692 0
      vertex 5.89109 -13.4692 0
      vertex 15.7275 -13.3776 0
    endloop
  endfacet
  facet normal 0 0 -1
    outer loop
      vertex 14.0308 -11.3911 0
      vertex 7.96922 -11.3911 0
      vertex 8 -11 0
    endloop
  endfacet
  facet normal 0 0 -1
    outer loop
      vertex 14.1224 -11.7725 0
      vertex 7.87764 -11.7725 0
      vertex 7.96922 -11.3911 0
    endloop
  endfacet
  facet normal 0 0 -1
    outer loop
      vertex 14.2725 -12.135 0
      vertex 7.72752 -12.135 0
      vertex 7.87764 -11.7725 0
    endloop
  endfacet
  facet normal 0 0 -1
    outer loop
      vertex 14.4775 -12.4695 0
      vertex 7.52254 -12.4695 0
      vertex 7.72752 -12.135 0
    endloop
  endfacet
  facet normal 0 0 -1
    outer loop
      vertex 14.7322 -12.7678 0
      vertex 7.26777 -12.7678 0
      vertex 7.52254 -12.4695 0
    endloop
  endfacet
  facet normal 0 0 -1
    outer loop
      vertex 15.0305 -13.0225 0
      vertex 6.96946 -13.0225 0
      vertex 7.26777 -12.7678 0
    endloop
  endfacet
  facet normal 0 0 -1
    outer loop
      vertex 15.365 -13.2275 0
      vertex 6.63498 -13.2275 0
      vertex 6.96946 -13.0225 0
    endloop
  endfacet
  facet normal 0 0 -1
    outer loop
      vertex 15.7275 -13.3776 0
      vertex 6.27254 -13.3776 0
      vertex 6.63498 -13.2275 0
    endloop
  endfacet
  facet normal -0 0 -1
    outer loop
      vertex 15.7275 -13.3776 0
      vertex 5.89109 -13.4692 0
      vertex 6.27254 -13.3776 0
    endloop
  endfacet
  facet normal 0 0 -1
    outer loop
      vertex 52.5 -27 0
      vertex 5.5 -13.5 0
      vertex 5.89109 -13.4692 0
    endloop
  endfacet
  facet normal 0 0 -1
    outer loop
      vertex -5.5 -13.5 0
      vertex 5.5 -13.5 0
      vertex 52.5 -27 0
    endloop
  endfacet
  facet normal 0 0 -1
    outer loop
      vertex 5.5 -13.5 0
      vertex -5.5 -13.5 0
      vertex 5.10891 -13.4692 0
    endloop
  endfacet
  facet normal 0 0 -1
    outer loop
      vertex 3.03078 -0.391086 0
      vertex -3 0 0
      vertex 3 0 0
    endloop
  endfacet
  facet normal 0 0 -1
    outer loop
      vertex 3.12236 -0.772542 0
      vertex -3 0 0
      vertex 3.03078 -0.391086 0
    endloop
  endfacet
  facet normal 0 0 -1
    outer loop
      vertex 3.03078 -11.3911 0
      vertex -3 -11 0
      vertex 3 -11 0
    endloop
  endfacet
  facet normal 0 0 -1
    outer loop
      vertex -3.03078 -11.3911 0
      vertex 3.03078 -11.3911 0
      vertex 3.12236 -11.7725 0
    endloop
  endfacet
  facet normal 0 0 -1
    outer loop
      vertex -3.12236 -11.7725 0
      vertex 3.12236 -11.7725 0
      vertex 3.27248 -12.135 0
    endloop
  endfacet
  facet normal 0 0 -1
    outer loop
      vertex -3.27248 -12.135 0
      vertex 3.27248 -12.135 0
      vertex 3.47746 -12.4695 0
    endloop
  endfacet
  facet normal 0 0 -1
    outer loop
      vertex -3.47746 -12.4695 0
      vertex 3.47746 -12.4695 0
      vertex 3.73223 -12.7678 0
    endloop
  endfacet
  facet normal 0 0 -1
    outer loop
      vertex -3.73223 -12.7678 0
      vertex 3.73223 -12.7678 0
      vertex 4.03054 -13.0225 0
    endloop
  endfacet
  facet normal 0 0 -1
    outer loop
      vertex -4.03054 -13.0225 0
      vertex 4.03054 -13.0225 0
      vertex 4.36502 -13.2275 0
    endloop
  endfacet
  facet normal 0 0 -1
    outer loop
      vertex -4.36502 -13.2275 0
      vertex 4.36502 -13.2275 0
      vertex 4.72746 -13.3776 0
    endloop
  endfacet
  facet normal 0 0 -1
    outer loop
      vertex 3.03078 -11.3911 0
      vertex -3.03078 -11.3911 0
      vertex -3 -11 0
    endloop
  endfacet
  facet normal 0 -0 -1
    outer loop
      vertex -5.10891 -13.4692 0
      vertex 5.10891 -13.4692 0
      vertex -5.5 -13.5 0
    endloop
  endfacet
  facet normal 0 0 -1
    outer loop
      vertex 3.12236 -11.7725 0
      vertex -3.12236 -11.7725 0
      vertex -3.03078 -11.3911 0
    endloop
  endfacet
  facet normal 0 0 -1
    outer loop
      vertex 3.27248 -12.135 0
      vertex -3.27248 -12.135 0
      vertex -3.12236 -11.7725 0
    endloop
  endfacet
  facet normal 0 0 -1
    outer loop
      vertex 3.47746 -12.4695 0
      vertex -3.47746 -12.4695 0
      vertex -3.27248 -12.135 0
    endloop
  endfacet
  facet normal 0 0 -1
    outer loop
      vertex 3.73223 -12.7678 0
      vertex -3.73223 -12.7678 0
      vertex -3.47746 -12.4695 0
    endloop
  endfacet
  facet normal 0 0 -1
    outer loop
      vertex 4.03054 -13.0225 0
      vertex -4.03054 -13.0225 0
      vertex -3.73223 -12.7678 0
    endloop
  endfacet
  facet normal 0 0 -1
    outer loop
      vertex 4.36502 -13.2275 0
      vertex -4.36502 -13.2275 0
      vertex -4.03054 -13.0225 0
    endloop
  endfacet
  facet normal 0 0 -1
    outer loop
      vertex 4.72746 -13.3776 0
      vertex -4.72746 -13.3776 0
      vertex -4.36502 -13.2275 0
    endloop
  endfacet
  facet normal -0 0 -1
    outer loop
      vertex 4.72746 -13.3776 0
      vertex -5.10891 -13.4692 0
      vertex -4.72746 -13.3776 0
    endloop
  endfacet
  facet normal 0 0 -1
    outer loop
      vertex 5.10891 -13.4692 0
      vertex -5.10891 -13.4692 0
      vertex 4.72746 -13.3776 0
    endloop
  endfacet
  facet normal 0 0 -1
    outer loop
      vertex -52.5 -27 0
      vertex -5.5 -13.5 0
      vertex 52.5 -27 0
    endloop
  endfacet
  facet normal 0 0 -1
    outer loop
      vertex -7.96922 -0.391086 0
      vertex -14 0 0
      vertex -8 0 0
    endloop
  endfacet
  facet normal 0 0 -1
    outer loop
      vertex -7.87764 -0.772542 0
      vertex -14 0 0
      vertex -7.96922 -0.391086 0
    endloop
  endfacet
  facet normal 0 0 -1
    outer loop
      vertex -7.96922 -11.3911 0
      vertex -14 -11 0
      vertex -8 -11 0
    endloop
  endfacet
  facet normal 0 0 -1
    outer loop
      vertex -14.0308 -11.3911 0
      vertex -7.96922 -11.3911 0
      vertex -7.87764 -11.7725 0
    endloop
  endfacet
  facet normal 0 0 -1
    outer loop
      vertex -14.1224 -11.7725 0
      vertex -7.87764 -11.7725 0
      vertex -7.72752 -12.135 0
    endloop
  endfacet
  facet normal 0 0 -1
    outer loop
      vertex -14.2725 -12.135 0
      vertex -7.72752 -12.135 0
      vertex -7.52254 -12.4695 0
    endloop
  endfacet
  facet normal 0 0 -1
    outer loop
      vertex -14.4775 -12.4695 0
      vertex -7.52254 -12.4695 0
      vertex -7.26777 -12.7678 0
    endloop
  endfacet
  facet normal 0 0 -1
    outer loop
      vertex -14.7322 -12.7678 0
      vertex -7.26777 -12.7678 0
      vertex -6.96946 -13.0225 0
    endloop
  endfacet
  facet normal 0 0 -1
    outer loop
      vertex -15.0305 -13.0225 0
      vertex -6.96946 -13.0225 0
      vertex -6.63498 -13.2275 0
    endloop
  endfacet
  facet normal 0 0 -1
    outer loop
      vertex -15.365 -13.2275 0
      vertex -6.63498 -13.2275 0
      vertex -6.27254 -13.3776 0
    endloop
  endfacet
  facet normal 0 0 -1
    outer loop
      vertex -7.96922 -11.3911 0
      vertex -14.0308 -11.3911 0
      vertex -14 -11 0
    endloop
  endfacet
  facet normal 0 0 -1
    outer loop
      vertex -7.87764 -11.7725 0
      vertex -14.1224 -11.7725 0
      vertex -14.0308 -11.3911 0
    endloop
  endfacet
  facet normal 0 0 -1
    outer loop
      vertex -15.7275 -13.3776 0
      vertex -6.27254 -13.3776 0
      vertex -5.89109 -13.4692 0
    endloop
  endfacet
  facet normal -0 0 -1
    outer loop
      vertex -5.5 -13.5 0
      vertex -52.5 -27 0
      vertex -5.89109 -13.4692 0
    endloop
  endfacet
  facet normal 0 0 -1
    outer loop
      vertex -7.72752 -12.135 0
      vertex -14.2725 -12.135 0
      vertex -14.1224 -11.7725 0
    endloop
  endfacet
  facet normal 0 0 -1
    outer loop
      vertex -7.52254 -12.4695 0
      vertex -14.4775 -12.4695 0
      vertex -14.2725 -12.135 0
    endloop
  endfacet
  facet normal 0 0 -1
    outer loop
      vertex -7.26777 -12.7678 0
      vertex -14.7322 -12.7678 0
      vertex -14.4775 -12.4695 0
    endloop
  endfacet
  facet normal 0 0 -1
    outer loop
      vertex -6.96946 -13.0225 0
      vertex -15.0305 -13.0225 0
      vertex -14.7322 -12.7678 0
    endloop
  endfacet
  facet normal 0 0 -1
    outer loop
      vertex -6.63498 -13.2275 0
      vertex -15.365 -13.2275 0
      vertex -15.0305 -13.0225 0
    endloop
  endfacet
  facet normal 0 0 -1
    outer loop
      vertex -6.27254 -13.3776 0
      vertex -15.7275 -13.3776 0
      vertex -15.365 -13.2275 0
    endloop
  endfacet
  facet normal 0 0 -1
    outer loop
      vertex -5.89109 -13.4692 0
      vertex -16.1089 -13.4692 0
      vertex -15.7275 -13.3776 0
    endloop
  endfacet
  facet normal -0 0 -1
    outer loop
      vertex -5.89109 -13.4692 0
      vertex -52.5 -27 0
      vertex -16.1089 -13.4692 0
    endloop
  endfacet
  facet normal 0 0 -1
    outer loop
      vertex -16.1089 -13.4692 0
      vertex -52.5 -27 0
      vertex -16.5 -13.5 0
    endloop
  endfacet
  facet normal 0 0 -1
    outer loop
      vertex -18.9692 -0.391086 0
      vertex -25 0 0
      vertex -19 0 0
    endloop
  endfacet
  facet normal 0 0 -1
    outer loop
      vertex -18.8776 -0.772542 0
      vertex -25 0 0
      vertex -18.9692 -0.391086 0
    endloop
  endfacet
  facet normal 0 0 -1
    outer loop
      vertex -18.9692 -11.3911 0
      vertex -25 -11 0
      vertex -19 -11 0
    endloop
  endfacet
  facet normal 0 0 -1
    outer loop
      vertex -25.0308 -11.3911 0
      vertex -18.9692 -11.3911 0
      vertex -18.8776 -11.7725 0
    endloop
  endfacet
  facet normal 0 0 -1
    outer loop
      vertex -25.1224 -11.7725 0
      vertex -18.8776 -11.7725 0
      vertex -18.7275 -12.135 0
    endloop
  endfacet
  facet normal 0 0 -1
    outer loop
      vertex -25.2725 -12.135 0
      vertex -18.7275 -12.135 0
      vertex -18.5225 -12.4695 0
    endloop
  endfacet
  facet normal 0 0 -1
    outer loop
      vertex -25.4775 -12.4695 0
      vertex -18.5225 -12.4695 0
      vertex -18.2678 -12.7678 0
    endloop
  endfacet
  facet normal 0 0 -1
    outer loop
      vertex -25.7322 -12.7678 0
      vertex -18.2678 -12.7678 0
      vertex -17.9695 -13.0225 0
    endloop
  endfacet
  facet normal 0 0 -1
    outer loop
      vertex -26.0305 -13.0225 0
      vertex -17.9695 -13.0225 0
      vertex -17.635 -13.2275 0
    endloop
  endfacet
  facet normal 0 0 -1
    outer loop
      vertex -26.365 -13.2275 0
      vertex -17.635 -13.2275 0
      vertex -17.2725 -13.3776 0
    endloop
  endfacet
  facet normal 0 0 -1
    outer loop
      vertex -18.9692 -11.3911 0
      vertex -25.0308 -11.3911 0
      vertex -25 -11 0
    endloop
  endfacet
  facet normal 0 0 -1
    outer loop
      vertex -18.8776 -11.7725 0
      vertex -25.1224 -11.7725 0
      vertex -25.0308 -11.3911 0
    endloop
  endfacet
  facet normal 0 0 -1
    outer loop
      vertex -26.7275 -13.3776 0
      vertex -17.2725 -13.3776 0
      vertex -16.8911 -13.4692 0
    endloop
  endfacet
  facet normal 0 0 -1
    outer loop
      vertex -18.7275 -12.135 0
      vertex -25.2725 -12.135 0
      vertex -25.1224 -11.7725 0
    endloop
  endfacet
  facet normal -0 0 -1
    outer loop
      vertex -16.5 -13.5 0
      vertex -52.5 -27 0
      vertex -16.8911 -13.4692 0
    endloop
  endfacet
  facet normal 0 0 -1
    outer loop
      vertex -18.5225 -12.4695 0
      vertex -25.4775 -12.4695 0
      vertex -25.2725 -12.135 0
    endloop
  endfacet
  facet normal 0 0 -1
    outer loop
      vertex -18.2678 -12.7678 0
      vertex -25.7322 -12.7678 0
      vertex -25.4775 -12.4695 0
    endloop
  endfacet
  facet normal 0 0 -1
    outer loop
      vertex -17.9695 -13.0225 0
      vertex -26.0305 -13.0225 0
      vertex -25.7322 -12.7678 0
    endloop
  endfacet
  facet normal 0 0 -1
    outer loop
      vertex -17.635 -13.2275 0
      vertex -26.365 -13.2275 0
      vertex -26.0305 -13.0225 0
    endloop
  endfacet
  facet normal 0 0 -1
    outer loop
      vertex -17.2725 -13.3776 0
      vertex -26.7275 -13.3776 0
      vertex -26.365 -13.2275 0
    endloop
  endfacet
  facet normal 0 -0 -1
    outer loop
      vertex -27.1089 -13.4692 0
      vertex -16.8911 -13.4692 0
      vertex -52.5 -27 0
    endloop
  endfacet
  facet normal 0 0 -1
    outer loop
      vertex -16.8911 -13.4692 0
      vertex -27.1089 -13.4692 0
      vertex -26.7275 -13.3776 0
    endloop
  endfacet
  facet normal 0 0 -1
    outer loop
      vertex -27.1089 -13.4692 0
      vertex -52.5 -27 0
      vertex -27.5 -13.5 0
    endloop
  endfacet
  facet normal 0 0 -1
    outer loop
      vertex -29.9692 -0.391086 0
      vertex -36 0 0
      vertex -30 0 0
    endloop
  endfacet
  facet normal 0 0 -1
    outer loop
      vertex -29.8776 -0.772542 0
      vertex -36 0 0
      vertex -29.9692 -0.391086 0
    endloop
  endfacet
  facet normal 0 0 -1
    outer loop
      vertex -29.9692 -11.3911 0
      vertex -36 -11 0
      vertex -30 -11 0
    endloop
  endfacet
  facet normal 0 0 -1
    outer loop
      vertex -36.0308 -11.3911 0
      vertex -29.9692 -11.3911 0
      vertex -29.8776 -11.7725 0
    endloop
  endfacet
  facet normal 0 0 -1
    outer loop
      vertex -36.1224 -11.7725 0
      vertex -29.8776 -11.7725 0
      vertex -29.7275 -12.135 0
    endloop
  endfacet
  facet normal 0 0 -1
    outer loop
      vertex -36.2725 -12.135 0
      vertex -29.7275 -12.135 0
      vertex -29.5225 -12.4695 0
    endloop
  endfacet
  facet normal 0 0 -1
    outer loop
      vertex -36.4775 -12.4695 0
      vertex -29.5225 -12.4695 0
      vertex -29.2678 -12.7678 0
    endloop
  endfacet
  facet normal 0 0 -1
    outer loop
      vertex -36.7322 -12.7678 0
      vertex -29.2678 -12.7678 0
      vertex -28.9695 -13.0225 0
    endloop
  endfacet
  facet normal 0 0 -1
    outer loop
      vertex -37.0305 -13.0225 0
      vertex -28.9695 -13.0225 0
      vertex -28.635 -13.2275 0
    endloop
  endfacet
  facet normal 0 0 -1
    outer loop
      vertex -37.365 -13.2275 0
      vertex -28.635 -13.2275 0
      vertex -28.2725 -13.3776 0
    endloop
  endfacet
  facet normal 0 0 -1
    outer loop
      vertex -29.9692 -11.3911 0
      vertex -36.0308 -11.3911 0
      vertex -36 -11 0
    endloop
  endfacet
  facet normal 0 0 -1
    outer loop
      vertex -29.8776 -11.7725 0
      vertex -36.1224 -11.7725 0
      vertex -36.0308 -11.3911 0
    endloop
  endfacet
  facet normal 0 0 -1
    outer loop
      vertex -37.7275 -13.3776 0
      vertex -28.2725 -13.3776 0
      vertex -27.8911 -13.4692 0
    endloop
  endfacet
  facet normal 0 0 -1
    outer loop
      vertex -29.7275 -12.135 0
      vertex -36.2725 -12.135 0
      vertex -36.1224 -11.7725 0
    endloop
  endfacet
  facet normal -0 0 -1
    outer loop
      vertex -27.5 -13.5 0
      vertex -52.5 -27 0
      vertex -27.8911 -13.4692 0
    endloop
  endfacet
  facet normal 0 0 -1
    outer loop
      vertex -29.5225 -12.4695 0
      vertex -36.4775 -12.4695 0
      vertex -36.2725 -12.135 0
    endloop
  endfacet
  facet normal 0 0 -1
    outer loop
      vertex -29.2678 -12.7678 0
      vertex -36.7322 -12.7678 0
      vertex -36.4775 -12.4695 0
    endloop
  endfacet
  facet normal 0 0 -1
    outer loop
      vertex -28.9695 -13.0225 0
      vertex -37.0305 -13.0225 0
      vertex -36.7322 -12.7678 0
    endloop
  endfacet
  facet normal 0 -0 -1
    outer loop
      vertex -37.7275 -13.3776 0
      vertex -27.8911 -13.4692 0
      vertex -52.5 -27 0
    endloop
  endfacet
  facet normal 0 0 -1
    outer loop
      vertex -28.635 -13.2275 0
      vertex -37.365 -13.2275 0
      vertex -37.0305 -13.0225 0
    endloop
  endfacet
  facet normal 0 0 -1
    outer loop
      vertex -28.2725 -13.3776 0
      vertex -37.7275 -13.3776 0
      vertex -37.365 -13.2275 0
    endloop
  endfacet
  facet normal 0 0 -1
    outer loop
      vertex -37.7275 -13.3776 0
      vertex -52.5 -27 0
      vertex -38.1089 -13.4692 0
    endloop
  endfacet
  facet normal 0 0 -1
    outer loop
      vertex -38.1089 -13.4692 0
      vertex -52.5 -27 0
      vertex -38.5 -13.5 0
    endloop
  endfacet
  facet normal -0 0 -1
    outer loop
      vertex -40.9692 -0.391086 0
      vertex -54.5 -25 0
      vertex -41 0 0
    endloop
  endfacet
  facet normal -0 0 -1
    outer loop
      vertex -40.9692 -11.3911 0
      vertex -54.5 -25 0
      vertex -41 -11 0
    endloop
  endfacet
  facet normal -0 0 -1
    outer loop
      vertex -40.8776 -11.7725 0
      vertex -54.5 -25 0
      vertex -40.9692 -11.3911 0
    endloop
  endfacet
  facet normal -0 0 -1
    outer loop
      vertex -40.7275 -12.135 0
      vertex -54.5 -25 0
      vertex -40.8776 -11.7725 0
    endloop
  endfacet
  facet normal -0 0 -1
    outer loop
      vertex -40.5225 -12.4695 0
      vertex -54.5 -25 0
      vertex -40.7275 -12.135 0
    endloop
  endfacet
  facet normal -0 0 -1
    outer loop
      vertex -40.2678 -12.7678 0
      vertex -54.5 -25 0
      vertex -40.5225 -12.4695 0
    endloop
  endfacet
  facet normal 0 0 -1
    outer loop
      vertex -54.5 -25 0
      vertex -40.2678 -12.7678 0
      vertex -52.5 -27 0
    endloop
  endfacet
  facet normal -0 0 -1
    outer loop
      vertex -39.9695 -13.0225 0
      vertex -52.5 -27 0
      vertex -40.2678 -12.7678 0
    endloop
  endfacet
  facet normal -0 0 -1
    outer loop
      vertex -39.635 -13.2275 0
      vertex -52.5 -27 0
      vertex -39.9695 -13.0225 0
    endloop
  endfacet
  facet normal -0 0 -1
    outer loop
      vertex -39.2725 -13.3776 0
      vertex -52.5 -27 0
      vertex -39.635 -13.2275 0
    endloop
  endfacet
  facet normal -0 0 -1
    outer loop
      vertex -38.8911 -13.4692 0
      vertex -52.5 -27 0
      vertex -39.2725 -13.3776 0
    endloop
  endfacet
  facet normal -0 0 -1
    outer loop
      vertex -38.5 -13.5 0
      vertex -52.5 -27 0
      vertex -38.8911 -13.4692 0
    endloop
  endfacet
  facet normal 0 0 -1
    outer loop
      vertex 54.118 26.1756 0
      vertex 52.5 27 0
      vertex 53.9142 26.4142 0
    endloop
  endfacet
  facet normal 0 0 -1
    outer loop
      vertex 53.9142 26.4142 0
      vertex 52.5 27 0
      vertex 53.6756 26.618 0
    endloop
  endfacet
  facet normal 0 0 -1
    outer loop
      vertex 53.408 26.782 0
      vertex 52.5 27 0
      vertex 53.118 26.9021 0
    endloop
  endfacet
  facet normal 0 0 -1
    outer loop
      vertex 53.118 26.9021 0
      vertex 52.5 27 0
      vertex 52.8129 26.9754 0
    endloop
  endfacet
  facet normal 0 0 -1
    outer loop
      vertex 53.6756 26.618 0
      vertex 52.5 27 0
      vertex 53.408 26.782 0
    endloop
  endfacet
  facet normal 0 0 -1
    outer loop
      vertex 54.282 25.908 0
      vertex 52.5 27 0
      vertex 54.118 26.1756 0
    endloop
  endfacet
  facet normal 0 0 -1
    outer loop
      vertex 54.5 25 0
      vertex 52.5 27 0
      vertex 54.4754 25.3129 0
    endloop
  endfacet
  facet normal 0 0 -1
    outer loop
      vertex 39.9695 13.0225 0
      vertex 52.5 27 0
      vertex 40.2678 12.7678 0
    endloop
  endfacet
  facet normal 0 0 -1
    outer loop
      vertex 39.635 13.2275 0
      vertex 52.5 27 0
      vertex 39.9695 13.0225 0
    endloop
  endfacet
  facet normal 0 0 -1
    outer loop
      vertex 39.2725 13.3776 0
      vertex 52.5 27 0
      vertex 39.635 13.2275 0
    endloop
  endfacet
  facet normal 0 0 -1
    outer loop
      vertex 38.8911 13.4692 0
      vertex 52.5 27 0
      vertex 39.2725 13.3776 0
    endloop
  endfacet
  facet normal 0 0 -1
    outer loop
      vertex 38.5 13.5 0
      vertex 52.5 27 0
      vertex 38.8911 13.4692 0
    endloop
  endfacet
  facet normal 0 0 -1
    outer loop
      vertex 38.1089 13.4692 0
      vertex 52.5 27 0
      vertex 38.5 13.5 0
    endloop
  endfacet
  facet normal 0 0 -1
    outer loop
      vertex 37.7275 13.3776 0
      vertex 52.5 27 0
      vertex 38.1089 13.4692 0
    endloop
  endfacet
  facet normal 0 0 -1
    outer loop
      vertex 28.2725 13.3776 0
      vertex 37.7275 13.3776 0
      vertex 37.365 13.2275 0
    endloop
  endfacet
  facet normal 0 0 -1
    outer loop
      vertex 28.635 13.2275 0
      vertex 37.365 13.2275 0
      vertex 37.0305 13.0225 0
    endloop
  endfacet
  facet normal 0 0 -1
    outer loop
      vertex 28.9695 13.0225 0
      vertex 37.0305 13.0225 0
      vertex 36.7322 12.7678 0
    endloop
  endfacet
  facet normal 0 0 -1
    outer loop
      vertex 36.1224 10.2275 0
      vertex 30 11 0
      vertex 36.0308 10.6089 0
    endloop
  endfacet
  facet normal 0 0 -1
    outer loop
      vertex 36.0308 10.6089 0
      vertex 30 11 0
      vertex 36 11 0
    endloop
  endfacet
  facet normal 0 0 -1
    outer loop
      vertex 36 11 0
      vertex 30 11 0
      vertex 36.0308 11.3911 0
    endloop
  endfacet
  facet normal 0 0 -1
    outer loop
      vertex 29.9692 11.3911 0
      vertex 36.0308 11.3911 0
      vertex 30 11 0
    endloop
  endfacet
  facet normal 0 0 -1
    outer loop
      vertex 36.0308 11.3911 0
      vertex 29.9692 11.3911 0
      vertex 36.1224 11.7725 0
    endloop
  endfacet
  facet normal 0 0 -1
    outer loop
      vertex 29.8776 11.7725 0
      vertex 36.1224 11.7725 0
      vertex 29.9692 11.3911 0
    endloop
  endfacet
  facet normal 0 0 -1
    outer loop
      vertex 36.1224 11.7725 0
      vertex 29.8776 11.7725 0
      vertex 36.2725 12.135 0
    endloop
  endfacet
  facet normal 0 0 -1
    outer loop
      vertex 29.7275 12.135 0
      vertex 36.2725 12.135 0
      vertex 29.8776 11.7725 0
    endloop
  endfacet
  facet normal 0 0 -1
    outer loop
      vertex 36.2725 12.135 0
      vertex 29.7275 12.135 0
      vertex 36.4775 12.4695 0
    endloop
  endfacet
  facet normal 0 0 -1
    outer loop
      vertex 29.5225 12.4695 0
      vertex 36.4775 12.4695 0
      vertex 29.7275 12.135 0
    endloop
  endfacet
  facet normal 0 0 -1
    outer loop
      vertex 36.4775 12.4695 0
      vertex 29.5225 12.4695 0
      vertex 36.7322 12.7678 0
    endloop
  endfacet
  facet normal 0 0 -1
    outer loop
      vertex 29.2678 12.7678 0
      vertex 36.7322 12.7678 0
      vertex 29.5225 12.4695 0
    endloop
  endfacet
  facet normal 0 0 -1
    outer loop
      vertex 28.9695 13.0225 0
      vertex 36.7322 12.7678 0
      vertex 29.2678 12.7678 0
    endloop
  endfacet
  facet normal 0 0 -1
    outer loop
      vertex 37.0305 13.0225 0
      vertex 28.9695 13.0225 0
      vertex 28.635 13.2275 0
    endloop
  endfacet
  facet normal 0 0 -1
    outer loop
      vertex 37.365 13.2275 0
      vertex 28.635 13.2275 0
      vertex 28.2725 13.3776 0
    endloop
  endfacet
  facet normal 0 0 -1
    outer loop
      vertex 37.7275 13.3776 0
      vertex 28.2725 13.3776 0
      vertex 52.5 27 0
    endloop
  endfacet
  facet normal 0 0 -1
    outer loop
      vertex 27.8911 13.4692 0
      vertex 52.5 27 0
      vertex 28.2725 13.3776 0
    endloop
  endfacet
  facet normal 0 0 -1
    outer loop
      vertex 27.5 13.5 0
      vertex 52.5 27 0
      vertex 27.8911 13.4692 0
    endloop
  endfacet
  facet normal 0 0 -1
    outer loop
      vertex 27.1089 13.4692 0
      vertex 52.5 27 0
      vertex 27.5 13.5 0
    endloop
  endfacet
  facet normal 0 0 -1
    outer loop
      vertex 16.8911 13.4692 0
      vertex 27.1089 13.4692 0
      vertex 26.7275 13.3776 0
    endloop
  endfacet
  facet normal 0 0 -1
    outer loop
      vertex 17.2725 13.3776 0
      vertex 26.7275 13.3776 0
      vertex 26.365 13.2275 0
    endloop
  endfacet
  facet normal 0 0 -1
    outer loop
      vertex 25.1224 10.2275 0
      vertex 19 11 0
      vertex 25.0308 10.6089 0
    endloop
  endfacet
  facet normal 0 0 -1
    outer loop
      vertex 25.0308 10.6089 0
      vertex 19 11 0
      vertex 25 11 0
    endloop
  endfacet
  facet normal 0 0 -1
    outer loop
      vertex 25 11 0
      vertex 19 11 0
      vertex 25.0308 11.3911 0
    endloop
  endfacet
  facet normal 0 0 -1
    outer loop
      vertex 18.9692 11.3911 0
      vertex 25.0308 11.3911 0
      vertex 19 11 0
    endloop
  endfacet
  facet normal 0 0 -1
    outer loop
      vertex 25.0308 11.3911 0
      vertex 18.9692 11.3911 0
      vertex 25.1224 11.7725 0
    endloop
  endfacet
  facet normal 0 0 -1
    outer loop
      vertex 18.8776 11.7725 0
      vertex 25.1224 11.7725 0
      vertex 18.9692 11.3911 0
    endloop
  endfacet
  facet normal 0 0 -1
    outer loop
      vertex 25.1224 11.7725 0
      vertex 18.8776 11.7725 0
      vertex 25.2725 12.135 0
    endloop
  endfacet
  facet normal 0 0 -1
    outer loop
      vertex 18.7275 12.135 0
      vertex 25.2725 12.135 0
      vertex 18.8776 11.7725 0
    endloop
  endfacet
  facet normal 0 0 -1
    outer loop
      vertex 25.2725 12.135 0
      vertex 18.7275 12.135 0
      vertex 25.4775 12.4695 0
    endloop
  endfacet
  facet normal 0 0 -1
    outer loop
      vertex 18.5225 12.4695 0
      vertex 25.4775 12.4695 0
      vertex 18.7275 12.135 0
    endloop
  endfacet
  facet normal 0 0 -1
    outer loop
      vertex 25.4775 12.4695 0
      vertex 18.5225 12.4695 0
      vertex 25.7322 12.7678 0
    endloop
  endfacet
  facet normal 0 0 -1
    outer loop
      vertex 18.2678 12.7678 0
      vertex 25.7322 12.7678 0
      vertex 18.5225 12.4695 0
    endloop
  endfacet
  facet normal 0 0 -1
    outer loop
      vertex 25.7322 12.7678 0
      vertex 18.2678 12.7678 0
      vertex 26.0305 13.0225 0
    endloop
  endfacet
  facet normal 0 0 -1
    outer loop
      vertex 17.9695 13.0225 0
      vertex 26.0305 13.0225 0
      vertex 18.2678 12.7678 0
    endloop
  endfacet
  facet normal 0 0 -1
    outer loop
      vertex 26.0305 13.0225 0
      vertex 17.9695 13.0225 0
      vertex 26.365 13.2275 0
    endloop
  endfacet
  facet normal 0 0 -1
    outer loop
      vertex 17.635 13.2275 0
      vertex 26.365 13.2275 0
      vertex 17.9695 13.0225 0
    endloop
  endfacet
  facet normal 0 0 -1
    outer loop
      vertex 17.2725 13.3776 0
      vertex 26.365 13.2275 0
      vertex 17.635 13.2275 0
    endloop
  endfacet
  facet normal 0 0 -1
    outer loop
      vertex 26.7275 13.3776 0
      vertex 17.2725 13.3776 0
      vertex 16.8911 13.4692 0
    endloop
  endfacet
  facet normal 0 0 -1
    outer loop
      vertex 27.1089 13.4692 0
      vertex 16.8911 13.4692 0
      vertex 52.5 27 0
    endloop
  endfacet
  facet normal 0 0 -1
    outer loop
      vertex 16.5 13.5 0
      vertex 52.5 27 0
      vertex 16.8911 13.4692 0
    endloop
  endfacet
  facet normal 0 0 -1
    outer loop
      vertex 16.1089 13.4692 0
      vertex 52.5 27 0
      vertex 16.5 13.5 0
    endloop
  endfacet
  facet normal 0 0 -1
    outer loop
      vertex 5.89109 13.4692 0
      vertex 16.1089 13.4692 0
      vertex 15.7275 13.3776 0
    endloop
  endfacet
  facet normal 0 0 -1
    outer loop
      vertex 14.1224 10.2275 0
      vertex 8 11 0
      vertex 14.0308 10.6089 0
    endloop
  endfacet
  facet normal 0 0 -1
    outer loop
      vertex 14.0308 10.6089 0
      vertex 8 11 0
      vertex 14 11 0
    endloop
  endfacet
  facet normal 0 0 -1
    outer loop
      vertex 14 11 0
      vertex 8 11 0
      vertex 14.0308 11.3911 0
    endloop
  endfacet
  facet normal 0 0 -1
    outer loop
      vertex 7.96922 11.3911 0
      vertex 14.0308 11.3911 0
      vertex 8 11 0
    endloop
  endfacet
  facet normal 0 0 -1
    outer loop
      vertex 14.0308 11.3911 0
      vertex 7.96922 11.3911 0
      vertex 14.1224 11.7725 0
    endloop
  endfacet
  facet normal 0 0 -1
    outer loop
      vertex 7.87764 11.7725 0
      vertex 14.1224 11.7725 0
      vertex 7.96922 11.3911 0
    endloop
  endfacet
  facet normal 0 0 -1
    outer loop
      vertex 14.1224 11.7725 0
      vertex 7.87764 11.7725 0
      vertex 14.2725 12.135 0
    endloop
  endfacet
  facet normal 0 0 -1
    outer loop
      vertex 7.72752 12.135 0
      vertex 14.2725 12.135 0
      vertex 7.87764 11.7725 0
    endloop
  endfacet
  facet normal 0 0 -1
    outer loop
      vertex 14.2725 12.135 0
      vertex 7.72752 12.135 0
      vertex 14.4775 12.4695 0
    endloop
  endfacet
  facet normal 0 0 -1
    outer loop
      vertex 7.52254 12.4695 0
      vertex 14.4775 12.4695 0
      vertex 7.72752 12.135 0
    endloop
  endfacet
  facet normal 0 0 -1
    outer loop
      vertex 14.4775 12.4695 0
      vertex 7.52254 12.4695 0
      vertex 14.7322 12.7678 0
    endloop
  endfacet
  facet normal 0 0 -1
    outer loop
      vertex 7.26777 12.7678 0
      vertex 14.7322 12.7678 0
      vertex 7.52254 12.4695 0
    endloop
  endfacet
  facet normal 0 0 -1
    outer loop
      vertex 14.7322 12.7678 0
      vertex 7.26777 12.7678 0
      vertex 15.0305 13.0225 0
    endloop
  endfacet
  facet normal 0 0 -1
    outer loop
      vertex 6.96946 13.0225 0
      vertex 15.0305 13.0225 0
      vertex 7.26777 12.7678 0
    endloop
  endfacet
  facet normal 0 0 -1
    outer loop
      vertex 15.0305 13.0225 0
      vertex 6.96946 13.0225 0
      vertex 15.365 13.2275 0
    endloop
  endfacet
  facet normal 0 0 -1
    outer loop
      vertex 6.63498 13.2275 0
      vertex 15.365 13.2275 0
      vertex 6.96946 13.0225 0
    endloop
  endfacet
  facet normal 0 0 -1
    outer loop
      vertex 15.365 13.2275 0
      vertex 6.63498 13.2275 0
      vertex 15.7275 13.3776 0
    endloop
  endfacet
  facet normal 0 0 -1
    outer loop
      vertex 6.27254 13.3776 0
      vertex 15.7275 13.3776 0
      vertex 6.63498 13.2275 0
    endloop
  endfacet
  facet normal 0 0 -1
    outer loop
      vertex 5.89109 13.4692 0
      vertex 15.7275 13.3776 0
      vertex 6.27254 13.3776 0
    endloop
  endfacet
  facet normal 0 0 -1
    outer loop
      vertex 16.1089 13.4692 0
      vertex 5.89109 13.4692 0
      vertex 52.5 27 0
    endloop
  endfacet
  facet normal 0 0 -1
    outer loop
      vertex 5.5 13.5 0
      vertex 52.5 27 0
      vertex 5.89109 13.4692 0
    endloop
  endfacet
  facet normal 0 0 -1
    outer loop
      vertex -5.5 13.5 0
      vertex 5.5 13.5 0
      vertex 5.10891 13.4692 0
    endloop
  endfacet
  facet normal 0 0 -1
    outer loop
      vertex -5.10891 13.4692 0
      vertex 5.10891 13.4692 0
      vertex 4.72746 13.3776 0
    endloop
  endfacet
  facet normal 0 0 -1
    outer loop
      vertex 3.12236 10.2275 0
      vertex -3 11 0
      vertex 3.03078 10.6089 0
    endloop
  endfacet
  facet normal 0 0 -1
    outer loop
      vertex 3.03078 10.6089 0
      vertex -3 11 0
      vertex 3 11 0
    endloop
  endfacet
  facet normal 0 0 -1
    outer loop
      vertex 3 11 0
      vertex -3 11 0
      vertex 3.03078 11.3911 0
    endloop
  endfacet
  facet normal 0 0 -1
    outer loop
      vertex -3.03078 11.3911 0
      vertex 3.03078 11.3911 0
      vertex -3 11 0
    endloop
  endfacet
  facet normal 0 0 -1
    outer loop
      vertex 3.03078 11.3911 0
      vertex -3.03078 11.3911 0
      vertex 3.12236 11.7725 0
    endloop
  endfacet
  facet normal 0 0 -1
    outer loop
      vertex -3.12236 11.7725 0
      vertex 3.12236 11.7725 0
      vertex -3.03078 11.3911 0
    endloop
  endfacet
  facet normal 0 0 -1
    outer loop
      vertex 3.12236 11.7725 0
      vertex -3.12236 11.7725 0
      vertex 3.27248 12.135 0
    endloop
  endfacet
  facet normal 0 0 -1
    outer loop
      vertex -3.27248 12.135 0
      vertex 3.27248 12.135 0
      vertex -3.12236 11.7725 0
    endloop
  endfacet
  facet normal 0 0 -1
    outer loop
      vertex 3.27248 12.135 0
      vertex -3.27248 12.135 0
      vertex 3.47746 12.4695 0
    endloop
  endfacet
  facet normal 0 0 -1
    outer loop
      vertex -3.47746 12.4695 0
      vertex 3.47746 12.4695 0
      vertex -3.27248 12.135 0
    endloop
  endfacet
  facet normal 0 0 -1
    outer loop
      vertex 3.47746 12.4695 0
      vertex -3.47746 12.4695 0
      vertex 3.73223 12.7678 0
    endloop
  endfacet
  facet normal 0 0 -1
    outer loop
      vertex -3.73223 12.7678 0
      vertex 3.73223 12.7678 0
      vertex -3.47746 12.4695 0
    endloop
  endfacet
  facet normal 0 0 -1
    outer loop
      vertex 3.73223 12.7678 0
      vertex -3.73223 12.7678 0
      vertex 4.03054 13.0225 0
    endloop
  endfacet
  facet normal 0 0 -1
    outer loop
      vertex -4.03054 13.0225 0
      vertex 4.03054 13.0225 0
      vertex -3.73223 12.7678 0
    endloop
  endfacet
  facet normal 0 0 -1
    outer loop
      vertex 4.03054 13.0225 0
      vertex -4.03054 13.0225 0
      vertex 4.36502 13.2275 0
    endloop
  endfacet
  facet normal 0 0 -1
    outer loop
      vertex -4.36502 13.2275 0
      vertex 4.36502 13.2275 0
      vertex -4.03054 13.0225 0
    endloop
  endfacet
  facet normal 0 0 -1
    outer loop
      vertex 4.36502 13.2275 0
      vertex -4.36502 13.2275 0
      vertex 4.72746 13.3776 0
    endloop
  endfacet
  facet normal 0 0 -1
    outer loop
      vertex -4.72746 13.3776 0
      vertex 4.72746 13.3776 0
      vertex -4.36502 13.2275 0
    endloop
  endfacet
  facet normal 0 0 -1
    outer loop
      vertex -5.10891 13.4692 0
      vertex 4.72746 13.3776 0
      vertex -4.72746 13.3776 0
    endloop
  endfacet
  facet normal 0 0 -1
    outer loop
      vertex 5.10891 13.4692 0
      vertex -5.10891 13.4692 0
      vertex -5.5 13.5 0
    endloop
  endfacet
  facet normal 0 0 -1
    outer loop
      vertex 5.5 13.5 0
      vertex -5.5 13.5 0
      vertex 52.5 27 0
    endloop
  endfacet
  facet normal 0 0 -1
    outer loop
      vertex -52.5 27 0
      vertex -5.5 13.5 0
      vertex -5.89109 13.4692 0
    endloop
  endfacet
  facet normal 0 0 -1
    outer loop
      vertex -7.87764 10.2275 0
      vertex -14 11 0
      vertex -7.96922 10.6089 0
    endloop
  endfacet
  facet normal 0 0 -1
    outer loop
      vertex -7.96922 10.6089 0
      vertex -14 11 0
      vertex -8 11 0
    endloop
  endfacet
  facet normal 0 0 -1
    outer loop
      vertex -8 11 0
      vertex -14 11 0
      vertex -7.96922 11.3911 0
    endloop
  endfacet
  facet normal 0 0 -1
    outer loop
      vertex -14.0308 11.3911 0
      vertex -7.96922 11.3911 0
      vertex -14 11 0
    endloop
  endfacet
  facet normal 0 0 -1
    outer loop
      vertex -7.96922 11.3911 0
      vertex -14.0308 11.3911 0
      vertex -7.87764 11.7725 0
    endloop
  endfacet
  facet normal 0 0 -1
    outer loop
      vertex -14.1224 11.7725 0
      vertex -7.87764 11.7725 0
      vertex -14.0308 11.3911 0
    endloop
  endfacet
  facet normal 0 0 -1
    outer loop
      vertex -7.87764 11.7725 0
      vertex -14.1224 11.7725 0
      vertex -7.72752 12.135 0
    endloop
  endfacet
  facet normal 0 0 -1
    outer loop
      vertex -14.2725 12.135 0
      vertex -7.72752 12.135 0
      vertex -14.1224 11.7725 0
    endloop
  endfacet
  facet normal 0 0 -1
    outer loop
      vertex -7.72752 12.135 0
      vertex -14.2725 12.135 0
      vertex -7.52254 12.4695 0
    endloop
  endfacet
  facet normal 0 0 -1
    outer loop
      vertex -14.4775 12.4695 0
      vertex -7.52254 12.4695 0
      vertex -14.2725 12.135 0
    endloop
  endfacet
  facet normal 0 0 -1
    outer loop
      vertex -7.52254 12.4695 0
      vertex -14.4775 12.4695 0
      vertex -7.26777 12.7678 0
    endloop
  endfacet
  facet normal 0 0 -1
    outer loop
      vertex -14.7322 12.7678 0
      vertex -7.26777 12.7678 0
      vertex -14.4775 12.4695 0
    endloop
  endfacet
  facet normal 0 0 -1
    outer loop
      vertex -7.26777 12.7678 0
      vertex -14.7322 12.7678 0
      vertex -6.96946 13.0225 0
    endloop
  endfacet
  facet normal 0 0 -1
    outer loop
      vertex -15.0305 13.0225 0
      vertex -6.96946 13.0225 0
      vertex -14.7322 12.7678 0
    endloop
  endfacet
  facet normal 0 0 -1
    outer loop
      vertex -6.96946 13.0225 0
      vertex -15.0305 13.0225 0
      vertex -6.63498 13.2275 0
    endloop
  endfacet
  facet normal 0 0 -1
    outer loop
      vertex -15.365 13.2275 0
      vertex -6.63498 13.2275 0
      vertex -15.0305 13.0225 0
    endloop
  endfacet
  facet normal 0 0 -1
    outer loop
      vertex -6.63498 13.2275 0
      vertex -15.365 13.2275 0
      vertex -6.27254 13.3776 0
    endloop
  endfacet
  facet normal 0 0 -1
    outer loop
      vertex -15.7275 13.3776 0
      vertex -6.27254 13.3776 0
      vertex -15.365 13.2275 0
    endloop
  endfacet
  facet normal 0 0 -1
    outer loop
      vertex -6.27254 13.3776 0
      vertex -15.7275 13.3776 0
      vertex -5.89109 13.4692 0
    endloop
  endfacet
  facet normal 0 0 -1
    outer loop
      vertex -16.1089 13.4692 0
      vertex -5.89109 13.4692 0
      vertex -15.7275 13.3776 0
    endloop
  endfacet
  facet normal 0 0 -1
    outer loop
      vertex -52.5 27 0
      vertex -5.89109 13.4692 0
      vertex -16.1089 13.4692 0
    endloop
  endfacet
  facet normal 0 0 -1
    outer loop
      vertex -52.5 27 0
      vertex -16.1089 13.4692 0
      vertex -16.5 13.5 0
    endloop
  endfacet
  facet normal 0 0 -1
    outer loop
      vertex -52.5 27 0
      vertex -16.5 13.5 0
      vertex -16.8911 13.4692 0
    endloop
  endfacet
  facet normal 0 0 -1
    outer loop
      vertex -18.8776 10.2275 0
      vertex -25 11 0
      vertex -18.9692 10.6089 0
    endloop
  endfacet
  facet normal 0 0 -1
    outer loop
      vertex -18.9692 10.6089 0
      vertex -25 11 0
      vertex -19 11 0
    endloop
  endfacet
  facet normal 0 0 -1
    outer loop
      vertex -19 11 0
      vertex -25 11 0
      vertex -18.9692 11.3911 0
    endloop
  endfacet
  facet normal 0 0 -1
    outer loop
      vertex -25.0308 11.3911 0
      vertex -18.9692 11.3911 0
      vertex -25 11 0
    endloop
  endfacet
  facet normal 0 0 -1
    outer loop
      vertex -18.9692 11.3911 0
      vertex -25.0308 11.3911 0
      vertex -18.8776 11.7725 0
    endloop
  endfacet
  facet normal 0 0 -1
    outer loop
      vertex -25.1224 11.7725 0
      vertex -18.8776 11.7725 0
      vertex -25.0308 11.3911 0
    endloop
  endfacet
  facet normal 0 0 -1
    outer loop
      vertex -18.8776 11.7725 0
      vertex -25.1224 11.7725 0
      vertex -18.7275 12.135 0
    endloop
  endfacet
  facet normal 0 0 -1
    outer loop
      vertex -25.2725 12.135 0
      vertex -18.7275 12.135 0
      vertex -25.1224 11.7725 0
    endloop
  endfacet
  facet normal 0 0 -1
    outer loop
      vertex -18.7275 12.135 0
      vertex -25.2725 12.135 0
      vertex -18.5225 12.4695 0
    endloop
  endfacet
  facet normal 0 0 -1
    outer loop
      vertex -25.4775 12.4695 0
      vertex -18.5225 12.4695 0
      vertex -25.2725 12.135 0
    endloop
  endfacet
  facet normal 0 0 -1
    outer loop
      vertex -18.5225 12.4695 0
      vertex -25.4775 12.4695 0
      vertex -18.2678 12.7678 0
    endloop
  endfacet
  facet normal 0 0 -1
    outer loop
      vertex -25.7322 12.7678 0
      vertex -18.2678 12.7678 0
      vertex -25.4775 12.4695 0
    endloop
  endfacet
  facet normal 0 0 -1
    outer loop
      vertex -18.2678 12.7678 0
      vertex -25.7322 12.7678 0
      vertex -17.9695 13.0225 0
    endloop
  endfacet
  facet normal 0 0 -1
    outer loop
      vertex -26.0305 13.0225 0
      vertex -17.9695 13.0225 0
      vertex -25.7322 12.7678 0
    endloop
  endfacet
  facet normal 0 0 -1
    outer loop
      vertex -17.9695 13.0225 0
      vertex -26.0305 13.0225 0
      vertex -17.635 13.2275 0
    endloop
  endfacet
  facet normal 0 0 -1
    outer loop
      vertex -26.365 13.2275 0
      vertex -17.635 13.2275 0
      vertex -26.0305 13.0225 0
    endloop
  endfacet
  facet normal 0 0 -1
    outer loop
      vertex -17.635 13.2275 0
      vertex -26.365 13.2275 0
      vertex -17.2725 13.3776 0
    endloop
  endfacet
  facet normal 0 0 -1
    outer loop
      vertex -26.7275 13.3776 0
      vertex -17.2725 13.3776 0
      vertex -26.365 13.2275 0
    endloop
  endfacet
  facet normal 0 0 -1
    outer loop
      vertex -17.2725 13.3776 0
      vertex -26.7275 13.3776 0
      vertex -16.8911 13.4692 0
    endloop
  endfacet
  facet normal 0 0 -1
    outer loop
      vertex -27.1089 13.4692 0
      vertex -16.8911 13.4692 0
      vertex -26.7275 13.3776 0
    endloop
  endfacet
  facet normal 0 0 -1
    outer loop
      vertex -16.8911 13.4692 0
      vertex -27.1089 13.4692 0
      vertex -52.5 27 0
    endloop
  endfacet
  facet normal 0 0 -1
    outer loop
      vertex -52.5 27 0
      vertex -27.1089 13.4692 0
      vertex -27.5 13.5 0
    endloop
  endfacet
  facet normal 0 0 -1
    outer loop
      vertex -52.5 27 0
      vertex -27.5 13.5 0
      vertex -27.8911 13.4692 0
    endloop
  endfacet
  facet normal 0 0 -1
    outer loop
      vertex -29.8776 10.2275 0
      vertex -36 11 0
      vertex -29.9692 10.6089 0
    endloop
  endfacet
  facet normal 0 0 -1
    outer loop
      vertex -29.9692 10.6089 0
      vertex -36 11 0
      vertex -30 11 0
    endloop
  endfacet
  facet normal 0 0 -1
    outer loop
      vertex -30 11 0
      vertex -36 11 0
      vertex -29.9692 11.3911 0
    endloop
  endfacet
  facet normal 0 0 -1
    outer loop
      vertex -36.0308 11.3911 0
      vertex -29.9692 11.3911 0
      vertex -36 11 0
    endloop
  endfacet
  facet normal 0 0 -1
    outer loop
      vertex -29.9692 11.3911 0
      vertex -36.0308 11.3911 0
      vertex -29.8776 11.7725 0
    endloop
  endfacet
  facet normal 0 0 -1
    outer loop
      vertex -36.1224 11.7725 0
      vertex -29.8776 11.7725 0
      vertex -36.0308 11.3911 0
    endloop
  endfacet
  facet normal 0 0 -1
    outer loop
      vertex -29.8776 11.7725 0
      vertex -36.1224 11.7725 0
      vertex -29.7275 12.135 0
    endloop
  endfacet
  facet normal 0 0 -1
    outer loop
      vertex -36.2725 12.135 0
      vertex -29.7275 12.135 0
      vertex -36.1224 11.7725 0
    endloop
  endfacet
  facet normal 0 0 -1
    outer loop
      vertex -29.7275 12.135 0
      vertex -36.2725 12.135 0
      vertex -29.5225 12.4695 0
    endloop
  endfacet
  facet normal 0 0 -1
    outer loop
      vertex -36.4775 12.4695 0
      vertex -29.5225 12.4695 0
      vertex -36.2725 12.135 0
    endloop
  endfacet
  facet normal 0 0 -1
    outer loop
      vertex -29.5225 12.4695 0
      vertex -36.4775 12.4695 0
      vertex -29.2678 12.7678 0
    endloop
  endfacet
  facet normal 0 0 -1
    outer loop
      vertex -36.7322 12.7678 0
      vertex -29.2678 12.7678 0
      vertex -36.4775 12.4695 0
    endloop
  endfacet
  facet normal 0 0 -1
    outer loop
      vertex -29.2678 12.7678 0
      vertex -36.7322 12.7678 0
      vertex -28.9695 13.0225 0
    endloop
  endfacet
  facet normal 0 0 -1
    outer loop
      vertex -37.0305 13.0225 0
      vertex -28.9695 13.0225 0
      vertex -36.7322 12.7678 0
    endloop
  endfacet
  facet normal 0 0 -1
    outer loop
      vertex -28.9695 13.0225 0
      vertex -37.0305 13.0225 0
      vertex -28.635 13.2275 0
    endloop
  endfacet
  facet normal 0 0 -1
    outer loop
      vertex -37.365 13.2275 0
      vertex -28.635 13.2275 0
      vertex -37.0305 13.0225 0
    endloop
  endfacet
  facet normal 0 0 -1
    outer loop
      vertex -28.635 13.2275 0
      vertex -37.365 13.2275 0
      vertex -28.2725 13.3776 0
    endloop
  endfacet
  facet normal 0 0 -1
    outer loop
      vertex -37.7275 13.3776 0
      vertex -28.2725 13.3776 0
      vertex -37.365 13.2275 0
    endloop
  endfacet
  facet normal 0 0 -1
    outer loop
      vertex -28.2725 13.3776 0
      vertex -37.7275 13.3776 0
      vertex -27.8911 13.4692 0
    endloop
  endfacet
  facet normal -0 0 -1
    outer loop
      vertex -27.8911 13.4692 0
      vertex -37.7275 13.3776 0
      vertex -52.5 27 0
    endloop
  endfacet
  facet normal 0 0 -1
    outer loop
      vertex -52.5 27 0
      vertex -37.7275 13.3776 0
      vertex -38.1089 13.4692 0
    endloop
  endfacet
  facet normal 0 0 -1
    outer loop
      vertex -52.5 27 0
      vertex -38.1089 13.4692 0
      vertex -38.5 13.5 0
    endloop
  endfacet
  facet normal 0 0 -1
    outer loop
      vertex -52.5 27 0
      vertex -38.5 13.5 0
      vertex -38.8911 13.4692 0
    endloop
  endfacet
  facet normal 0 0 -1
    outer loop
      vertex -54.5 25 0
      vertex -41 0 0
      vertex -54.5 -25 0
    endloop
  endfacet
  facet normal 0 0 -1
    outer loop
      vertex -40.9692 10.6089 0
      vertex -54.5 25 0
      vertex -41 11 0
    endloop
  endfacet
  facet normal 0 0 -1
    outer loop
      vertex -5.5 13.5 0
      vertex -52.5 27 0
      vertex 52.5 27 0
    endloop
  endfacet
  facet normal 0 0 -1
    outer loop
      vertex -39.2725 13.3776 0
      vertex -52.5 27 0
      vertex -38.8911 13.4692 0
    endloop
  endfacet
  facet normal 0 0 -1
    outer loop
      vertex -39.635 13.2275 0
      vertex -52.5 27 0
      vertex -39.2725 13.3776 0
    endloop
  endfacet
  facet normal 0 0 -1
    outer loop
      vertex -39.9695 13.0225 0
      vertex -52.5 27 0
      vertex -39.635 13.2275 0
    endloop
  endfacet
  facet normal 0 0 -1
    outer loop
      vertex -40.2678 12.7678 0
      vertex -52.5 27 0
      vertex -39.9695 13.0225 0
    endloop
  endfacet
  facet normal 0 0 -1
    outer loop
      vertex -54.5 25 0
      vertex -40.2678 12.7678 0
      vertex -40.5225 12.4695 0
    endloop
  endfacet
  facet normal 0 0 -1
    outer loop
      vertex -54.5 25 0
      vertex -40.5225 12.4695 0
      vertex -40.7275 12.135 0
    endloop
  endfacet
  facet normal 0 0 -1
    outer loop
      vertex -54.5 25 0
      vertex -40.7275 12.135 0
      vertex -40.8776 11.7725 0
    endloop
  endfacet
  facet normal 0 0 -1
    outer loop
      vertex -41 11 0
      vertex -54.5 25 0
      vertex -40.9692 11.3911 0
    endloop
  endfacet
  facet normal 0 0 -1
    outer loop
      vertex -54.5 -25 0
      vertex -52.5 -27 0
      vertex -52.8129 -26.9754 0
    endloop
  endfacet
  facet normal 0 0 -1
    outer loop
      vertex -40.9692 11.3911 0
      vertex -54.5 25 0
      vertex -40.8776 11.7725 0
    endloop
  endfacet
  facet normal 0 0 -1
    outer loop
      vertex -54.5 -25 0
      vertex -52.8129 -26.9754 0
      vertex -53.118 -26.9021 0
    endloop
  endfacet
  facet normal 0 0 -1
    outer loop
      vertex -40.2678 12.7678 0
      vertex -54.5 25 0
      vertex -52.5 27 0
    endloop
  endfacet
  facet normal 0 0 -1
    outer loop
      vertex -54.5 -25 0
      vertex -53.118 -26.9021 0
      vertex -53.408 -26.782 0
    endloop
  endfacet
  facet normal 0 0 -1
    outer loop
      vertex -52.5 27 0
      vertex -54.5 25 0
      vertex -52.8129 26.9754 0
    endloop
  endfacet
  facet normal 0 0 -1
    outer loop
      vertex -54.5 -25 0
      vertex -53.408 -26.782 0
      vertex -53.6756 -26.618 0
    endloop
  endfacet
  facet normal 0 0 -1
    outer loop
      vertex -52.8129 26.9754 0
      vertex -54.5 25 0
      vertex -53.118 26.9021 0
    endloop
  endfacet
  facet normal 0 0 -1
    outer loop
      vertex -54.5 -25 0
      vertex -53.6756 -26.618 0
      vertex -53.9142 -26.4142 0
    endloop
  endfacet
  facet normal 0 0 -1
    outer loop
      vertex -53.118 26.9021 0
      vertex -54.5 25 0
      vertex -53.408 26.782 0
    endloop
  endfacet
  facet normal 0 0 -1
    outer loop
      vertex -54.5 -25 0
      vertex -53.9142 -26.4142 0
      vertex -54.118 -26.1756 0
    endloop
  endfacet
  facet normal 0 0 -1
    outer loop
      vertex -53.408 26.782 0
      vertex -54.5 25 0
      vertex -53.6756 26.618 0
    endloop
  endfacet
  facet normal 0 0 -1
    outer loop
      vertex -54.5 -25 0
      vertex -54.118 -26.1756 0
      vertex -54.282 -25.908 0
    endloop
  endfacet
  facet normal 0 0 -1
    outer loop
      vertex -53.6756 26.618 0
      vertex -54.5 25 0
      vertex -53.9142 26.4142 0
    endloop
  endfacet
  facet normal 0 0 -1
    outer loop
      vertex -54.5 -25 0
      vertex -54.282 -25.908 0
      vertex -54.4021 -25.618 0
    endloop
  endfacet
  facet normal 0 0 -1
    outer loop
      vertex -53.9142 26.4142 0
      vertex -54.5 25 0
      vertex -54.118 26.1756 0
    endloop
  endfacet
  facet normal 0 0 -1
    outer loop
      vertex -54.5 -25 0
      vertex -54.4021 -25.618 0
      vertex -54.4754 -25.3129 0
    endloop
  endfacet
  facet normal 0 0 -1
    outer loop
      vertex -54.118 26.1756 0
      vertex -54.5 25 0
      vertex -54.282 25.908 0
    endloop
  endfacet
  facet normal 0 0 -1
    outer loop
      vertex -54.282 25.908 0
      vertex -54.5 25 0
      vertex -54.4021 25.618 0
    endloop
  endfacet
  facet normal 0 0 -1
    outer loop
      vertex -54.4021 25.618 0
      vertex -54.5 25 0
      vertex -54.4754 25.3129 0
    endloop
  endfacet
  facet normal 0.996924 0.0783775 0
    outer loop
      vertex 54.5 25 19
      vertex 54.4754 25.3129 0
      vertex 54.4754 25.3129 19
    endloop
  endfacet
  facet normal 0.996924 0.0783775 0
    outer loop
      vertex 54.4754 25.3129 0
      vertex 54.5 25 19
      vertex 54.5 25 0
    endloop
  endfacet
  facet normal 0 0 1
    outer loop
      vertex -36.05 27 19
      vertex -50 24 19
      vertex -36.05 24.48 19
    endloop
  endfacet
  facet normal -0 0 1
    outer loop
      vertex -52.5 27 19
      vertex -50 24 19
      vertex -36.05 27 19
    endloop
  endfacet
  facet normal 0 0 1
    outer loop
      vertex -51.4815 22.7346 19
      vertex -54.5 25 19
      vertex -51.5 22.5 19
    endloop
  endfacet
  facet normal 0 0 1
    outer loop
      vertex -51.4266 22.9635 19
      vertex -54.5 25 19
      vertex -51.4815 22.7346 19
    endloop
  endfacet
  facet normal 0 0 1
    outer loop
      vertex -51.3365 23.181 19
      vertex -54.5 25 19
      vertex -51.4266 22.9635 19
    endloop
  endfacet
  facet normal 0 0 1
    outer loop
      vertex -51.2135 23.3817 19
      vertex -54.5 25 19
      vertex -51.3365 23.181 19
    endloop
  endfacet
  facet normal 0 0 1
    outer loop
      vertex -51.0607 23.5607 19
      vertex -54.5 25 19
      vertex -51.2135 23.3817 19
    endloop
  endfacet
  facet normal -0 0 1
    outer loop
      vertex -54.5 25 19
      vertex -51.0607 23.5607 19
      vertex -52.5 27 19
    endloop
  endfacet
  facet normal 0 0 1
    outer loop
      vertex -50.8817 23.7135 19
      vertex -52.5 27 19
      vertex -51.0607 23.5607 19
    endloop
  endfacet
  facet normal 0 0 1
    outer loop
      vertex -50.681 23.8365 19
      vertex -52.5 27 19
      vertex -50.8817 23.7135 19
    endloop
  endfacet
  facet normal 0 0 1
    outer loop
      vertex -50.4635 23.9266 19
      vertex -52.5 27 19
      vertex -50.681 23.8365 19
    endloop
  endfacet
  facet normal 0 0 1
    outer loop
      vertex -50.2346 23.9815 19
      vertex -52.5 27 19
      vertex -50.4635 23.9266 19
    endloop
  endfacet
  facet normal 0 0 1
    outer loop
      vertex -50 24 19
      vertex -52.5 27 19
      vertex -50.2346 23.9815 19
    endloop
  endfacet
  facet normal 0 0 1
    outer loop
      vertex 51.0607 23.5607 19
      vertex 54.5 25 19
      vertex 54.4754 25.3129 19
    endloop
  endfacet
  facet normal 0 0 1
    outer loop
      vertex 54.5 25 19
      vertex 51.5 22.5 19
      vertex 54.5 -25 19
    endloop
  endfacet
  facet normal 0 0 1
    outer loop
      vertex 51.0607 23.5607 19
      vertex 54.4754 25.3129 19
      vertex 54.4021 25.618 19
    endloop
  endfacet
  facet normal -0 0 1
    outer loop
      vertex 51.5 -22.5 19
      vertex 54.5 -25 19
      vertex 51.5 22.5 19
    endloop
  endfacet
  facet normal 0 0 1
    outer loop
      vertex 51.0607 23.5607 19
      vertex 54.4021 25.618 19
      vertex 54.282 25.908 19
    endloop
  endfacet
  facet normal -0 0 1
    outer loop
      vertex 51.4815 -22.7346 19
      vertex 54.5 -25 19
      vertex 51.5 -22.5 19
    endloop
  endfacet
  facet normal 0 0 1
    outer loop
      vertex 51.0607 23.5607 19
      vertex 54.282 25.908 19
      vertex 54.118 26.1756 19
    endloop
  endfacet
  facet normal -0 0 1
    outer loop
      vertex 51.4266 -22.9635 19
      vertex 54.5 -25 19
      vertex 51.4815 -22.7346 19
    endloop
  endfacet
  facet normal 0 0 1
    outer loop
      vertex 51.0607 23.5607 19
      vertex 54.118 26.1756 19
      vertex 53.9142 26.4142 19
    endloop
  endfacet
  facet normal -0 0 1
    outer loop
      vertex 51.3365 -23.181 19
      vertex 54.5 -25 19
      vertex 51.4266 -22.9635 19
    endloop
  endfacet
  facet normal 0 0 1
    outer loop
      vertex 51.0607 23.5607 19
      vertex 53.9142 26.4142 19
      vertex 53.6756 26.618 19
    endloop
  endfacet
  facet normal -0 0 1
    outer loop
      vertex 51.2135 -23.3817 19
      vertex 54.5 -25 19
      vertex 51.3365 -23.181 19
    endloop
  endfacet
  facet normal 0 0 1
    outer loop
      vertex 51.0607 23.5607 19
      vertex 53.6756 26.618 19
      vertex 53.408 26.782 19
    endloop
  endfacet
  facet normal -0 0 1
    outer loop
      vertex 51.0607 -23.5607 19
      vertex 54.5 -25 19
      vertex 51.2135 -23.3817 19
    endloop
  endfacet
  facet normal 0 0 1
    outer loop
      vertex 51.0607 23.5607 19
      vertex 53.408 26.782 19
      vertex 53.118 26.9021 19
    endloop
  endfacet
  facet normal 0 0 1
    outer loop
      vertex 54.5 -25 19
      vertex 51.0607 -23.5607 19
      vertex 54.4754 -25.3129 19
    endloop
  endfacet
  facet normal 0 0 1
    outer loop
      vertex 51.0607 23.5607 19
      vertex 53.118 26.9021 19
      vertex 52.8129 26.9754 19
    endloop
  endfacet
  facet normal 0 0 1
    outer loop
      vertex 54.4754 -25.3129 19
      vertex 51.0607 -23.5607 19
      vertex 54.4021 -25.618 19
    endloop
  endfacet
  facet normal 0 0 1
    outer loop
      vertex 51.0607 23.5607 19
      vertex 52.8129 26.9754 19
      vertex 52.5 27 19
    endloop
  endfacet
  facet normal 0 0 1
    outer loop
      vertex 54.4021 -25.618 19
      vertex 51.0607 -23.5607 19
      vertex 54.282 -25.908 19
    endloop
  endfacet
  facet normal 0 0 1
    outer loop
      vertex 54.282 -25.908 19
      vertex 51.0607 -23.5607 19
      vertex 54.118 -26.1756 19
    endloop
  endfacet
  facet normal 0 0 1
    outer loop
      vertex 54.5 25 19
      vertex 51.4815 22.7346 19
      vertex 51.5 22.5 19
    endloop
  endfacet
  facet normal 0 0 1
    outer loop
      vertex 54.5 25 19
      vertex 51.4266 22.9635 19
      vertex 51.4815 22.7346 19
    endloop
  endfacet
  facet normal 0 0 1
    outer loop
      vertex 54.5 25 19
      vertex 51.3365 23.181 19
      vertex 51.4266 22.9635 19
    endloop
  endfacet
  facet normal 0 0 1
    outer loop
      vertex 54.5 25 19
      vertex 51.2135 23.3817 19
      vertex 51.3365 23.181 19
    endloop
  endfacet
  facet normal 0 0 1
    outer loop
      vertex 54.5 25 19
      vertex 51.0607 23.5607 19
      vertex 51.2135 23.3817 19
    endloop
  endfacet
  facet normal 0 0 1
    outer loop
      vertex 52.5 27 19
      vertex 50.8817 23.7135 19
      vertex 51.0607 23.5607 19
    endloop
  endfacet
  facet normal 0 0 1
    outer loop
      vertex 52.5 27 19
      vertex 50.681 23.8365 19
      vertex 50.8817 23.7135 19
    endloop
  endfacet
  facet normal 0 0 1
    outer loop
      vertex 52.5 27 19
      vertex 50.4635 23.9266 19
      vertex 50.681 23.8365 19
    endloop
  endfacet
  facet normal 0 0 1
    outer loop
      vertex 52.5 27 19
      vertex 50.2346 23.9815 19
      vertex 50.4635 23.9266 19
    endloop
  endfacet
  facet normal 0 0 1
    outer loop
      vertex 52.5 27 19
      vertex 50 24 19
      vertex 50.2346 23.9815 19
    endloop
  endfacet
  facet normal -0 0 1
    outer loop
      vertex 36.05 27 19
      vertex 50 24 19
      vertex 52.5 27 19
    endloop
  endfacet
  facet normal -0 0 1
    outer loop
      vertex 36.05 24.48 19
      vertex 50 24 19
      vertex 36.05 27 19
    endloop
  endfacet
  facet normal -0 0 1
    outer loop
      vertex -36.05 24.48 19
      vertex 50 24 19
      vertex 36.05 24.48 19
    endloop
  endfacet
  facet normal 0 0 1
    outer loop
      vertex 50 24 19
      vertex -36.05 24.48 19
      vertex -50 24 19
    endloop
  endfacet
  facet normal 0 0 1
    outer loop
      vertex 54.118 -26.1756 19
      vertex 51.0607 -23.5607 19
      vertex 53.9142 -26.4142 19
    endloop
  endfacet
  facet normal 0 0 1
    outer loop
      vertex 53.9142 -26.4142 19
      vertex 51.0607 -23.5607 19
      vertex 53.6756 -26.618 19
    endloop
  endfacet
  facet normal 0 0 1
    outer loop
      vertex 53.6756 -26.618 19
      vertex 51.0607 -23.5607 19
      vertex 53.408 -26.782 19
    endloop
  endfacet
  facet normal 0 0 1
    outer loop
      vertex 53.408 -26.782 19
      vertex 51.0607 -23.5607 19
      vertex 53.118 -26.9021 19
    endloop
  endfacet
  facet normal 0 0 1
    outer loop
      vertex 53.118 -26.9021 19
      vertex 51.0607 -23.5607 19
      vertex 52.8129 -26.9754 19
    endloop
  endfacet
  facet normal 0 0 1
    outer loop
      vertex 52.8129 -26.9754 19
      vertex 51.0607 -23.5607 19
      vertex 52.5 -27 19
    endloop
  endfacet
  facet normal -0 0 1
    outer loop
      vertex 50.8817 -23.7135 19
      vertex 52.5 -27 19
      vertex 51.0607 -23.5607 19
    endloop
  endfacet
  facet normal -0 0 1
    outer loop
      vertex 50.681 -23.8365 19
      vertex 52.5 -27 19
      vertex 50.8817 -23.7135 19
    endloop
  endfacet
  facet normal -0 0 1
    outer loop
      vertex 50.4635 -23.9266 19
      vertex 52.5 -27 19
      vertex 50.681 -23.8365 19
    endloop
  endfacet
  facet normal -0 0 1
    outer loop
      vertex 50.2346 -23.9815 19
      vertex 52.5 -27 19
      vertex 50.4635 -23.9266 19
    endloop
  endfacet
  facet normal -0 0 1
    outer loop
      vertex 50 -24 19
      vertex 52.5 -27 19
      vertex 50.2346 -23.9815 19
    endloop
  endfacet
  facet normal -0 0 1
    outer loop
      vertex -50 -24 19
      vertex 52.5 -27 19
      vertex 50 -24 19
    endloop
  endfacet
  facet normal 0 0 1
    outer loop
      vertex -50 -24 19
      vertex -52.5 -27 19
      vertex 52.5 -27 19
    endloop
  endfacet
  facet normal 0 0 1
    outer loop
      vertex -50.2346 -23.9815 19
      vertex -52.5 -27 19
      vertex -50 -24 19
    endloop
  endfacet
  facet normal 0 0 1
    outer loop
      vertex -50.4635 -23.9266 19
      vertex -52.5 -27 19
      vertex -50.2346 -23.9815 19
    endloop
  endfacet
  facet normal 0 0 1
    outer loop
      vertex -50.681 -23.8365 19
      vertex -52.5 -27 19
      vertex -50.4635 -23.9266 19
    endloop
  endfacet
  facet normal 0 0 1
    outer loop
      vertex -50.8817 -23.7135 19
      vertex -52.5 -27 19
      vertex -50.681 -23.8365 19
    endloop
  endfacet
  facet normal 0 0 1
    outer loop
      vertex -51.0607 -23.5607 19
      vertex -52.5 -27 19
      vertex -50.8817 -23.7135 19
    endloop
  endfacet
  facet normal 0 0 1
    outer loop
      vertex -54.5 -25 19
      vertex -51.0607 -23.5607 19
      vertex -51.2135 -23.3817 19
    endloop
  endfacet
  facet normal 0 0 1
    outer loop
      vertex -54.5 -25 19
      vertex -51.2135 -23.3817 19
      vertex -51.3365 -23.181 19
    endloop
  endfacet
  facet normal 0 0 1
    outer loop
      vertex -54.5 -25 19
      vertex -51.3365 -23.181 19
      vertex -51.4266 -22.9635 19
    endloop
  endfacet
  facet normal 0 0 1
    outer loop
      vertex -54.5 -25 19
      vertex -51.4266 -22.9635 19
      vertex -51.4815 -22.7346 19
    endloop
  endfacet
  facet normal 0 0 1
    outer loop
      vertex -54.5 -25 19
      vertex -51.4815 -22.7346 19
      vertex -51.5 -22.5 19
    endloop
  endfacet
  facet normal 0 0 1
    outer loop
      vertex -51.5 22.5 19
      vertex -54.5 25 19
      vertex -51.5 -22.5 19
    endloop
  endfacet
  facet normal 0 0 1
    outer loop
      vertex -54.5 25 19
      vertex -52.5 27 19
      vertex -52.8129 26.9754 19
    endloop
  endfacet
  facet normal 0 0 1
    outer loop
      vertex -54.5 -25 19
      vertex -51.5 -22.5 19
      vertex -54.5 25 19
    endloop
  endfacet
  facet normal 0 0 1
    outer loop
      vertex -54.5 25 19
      vertex -52.8129 26.9754 19
      vertex -53.118 26.9021 19
    endloop
  endfacet
  facet normal 0 0 1
    outer loop
      vertex -51.0607 -23.5607 19
      vertex -54.5 -25 19
      vertex -52.5 -27 19
    endloop
  endfacet
  facet normal 0 0 1
    outer loop
      vertex -54.5 25 19
      vertex -53.118 26.9021 19
      vertex -53.408 26.782 19
    endloop
  endfacet
  facet normal 0 0 1
    outer loop
      vertex -52.5 -27 19
      vertex -54.5 -25 19
      vertex -52.8129 -26.9754 19
    endloop
  endfacet
  facet normal 0 0 1
    outer loop
      vertex -54.5 25 19
      vertex -53.408 26.782 19
      vertex -53.6756 26.618 19
    endloop
  endfacet
  facet normal 0 0 1
    outer loop
      vertex -52.8129 -26.9754 19
      vertex -54.5 -25 19
      vertex -53.118 -26.9021 19
    endloop
  endfacet
  facet normal 0 0 1
    outer loop
      vertex -54.5 25 19
      vertex -53.6756 26.618 19
      vertex -53.9142 26.4142 19
    endloop
  endfacet
  facet normal 0 0 1
    outer loop
      vertex -53.118 -26.9021 19
      vertex -54.5 -25 19
      vertex -53.408 -26.782 19
    endloop
  endfacet
  facet normal 0 0 1
    outer loop
      vertex -54.5 25 19
      vertex -53.9142 26.4142 19
      vertex -54.118 26.1756 19
    endloop
  endfacet
  facet normal 0 0 1
    outer loop
      vertex -53.408 -26.782 19
      vertex -54.5 -25 19
      vertex -53.6756 -26.618 19
    endloop
  endfacet
  facet normal 0 0 1
    outer loop
      vertex -54.5 25 19
      vertex -54.118 26.1756 19
      vertex -54.282 25.908 19
    endloop
  endfacet
  facet normal 0 0 1
    outer loop
      vertex -53.6756 -26.618 19
      vertex -54.5 -25 19
      vertex -53.9142 -26.4142 19
    endloop
  endfacet
  facet normal 0 0 1
    outer loop
      vertex -54.5 25 19
      vertex -54.282 25.908 19
      vertex -54.4021 25.618 19
    endloop
  endfacet
  facet normal 0 0 1
    outer loop
      vertex -53.9142 -26.4142 19
      vertex -54.5 -25 19
      vertex -54.118 -26.1756 19
    endloop
  endfacet
  facet normal 0 0 1
    outer loop
      vertex -54.5 25 19
      vertex -54.4021 25.618 19
      vertex -54.4754 25.3129 19
    endloop
  endfacet
  facet normal 0 0 1
    outer loop
      vertex -54.118 -26.1756 19
      vertex -54.5 -25 19
      vertex -54.282 -25.908 19
    endloop
  endfacet
  facet normal 0 0 1
    outer loop
      vertex -54.282 -25.908 19
      vertex -54.5 -25 19
      vertex -54.4021 -25.618 19
    endloop
  endfacet
  facet normal 0 0 1
    outer loop
      vertex -54.4021 -25.618 19
      vertex -54.5 -25 19
      vertex -54.4754 -25.3129 19
    endloop
  endfacet
  facet normal -0.85262 -0.522532 0
    outer loop
      vertex -54.118 -26.1756 0
      vertex -54.282 -25.908 19
      vertex -54.282 -25.908 0
    endloop
  endfacet
  facet normal -0.85262 -0.522532 0
    outer loop
      vertex -54.282 -25.908 19
      vertex -54.118 -26.1756 0
      vertex -54.118 -26.1756 19
    endloop
  endfacet
  facet normal 0.522532 -0.85262 0
    outer loop
      vertex 53.408 -26.782 0
      vertex 53.6756 -26.618 19
      vertex 53.408 -26.782 19
    endloop
  endfacet
  facet normal 0.522532 -0.85262 0
    outer loop
      vertex 53.6756 -26.618 19
      vertex 53.408 -26.782 0
      vertex 53.6756 -26.618 0
    endloop
  endfacet
  facet normal -0.382714 0.923867 0
    outer loop
      vertex 50.681 -23.8365 3
      vertex 50.4635 -23.9266 19
      vertex 50.681 -23.8365 19
    endloop
  endfacet
  facet normal -0.382714 0.923867 0
    outer loop
      vertex 50.4635 -23.9266 19
      vertex 50.681 -23.8365 3
      vertex 50.4635 -23.9266 3
    endloop
  endfacet
  facet normal 0.382714 -0.923867 0
    outer loop
      vertex -50.681 23.8365 3
      vertex -50.4635 23.9266 19
      vertex -50.681 23.8365 19
    endloop
  endfacet
  facet normal 0.382714 -0.923867 0
    outer loop
      vertex -50.4635 23.9266 19
      vertex -50.681 23.8365 3
      vertex -50.4635 23.9266 3
    endloop
  endfacet
  facet normal 0.522532 -0.85262 0
    outer loop
      vertex -50.8817 23.7135 3
      vertex -50.681 23.8365 19
      vertex -50.8817 23.7135 19
    endloop
  endfacet
  facet normal 0.522532 -0.85262 0
    outer loop
      vertex -50.681 23.8365 19
      vertex -50.8817 23.7135 3
      vertex -50.681 23.8365 3
    endloop
  endfacet
  facet normal -0.996905 0.0786136 0
    outer loop
      vertex 51.4815 -22.7346 3
      vertex 51.5 -22.5 19
      vertex 51.5 -22.5 3
    endloop
  endfacet
  facet normal -0.996905 0.0786136 0
    outer loop
      vertex 51.5 -22.5 19
      vertex 51.4815 -22.7346 3
      vertex 51.4815 -22.7346 19
    endloop
  endfacet
  facet normal -0.522532 0.85262 0
    outer loop
      vertex 50.8817 -23.7135 3
      vertex 50.681 -23.8365 19
      vertex 50.8817 -23.7135 19
    endloop
  endfacet
  facet normal -0.522532 0.85262 0
    outer loop
      vertex 50.681 -23.8365 19
      vertex 50.8817 -23.7135 3
      vertex 50.681 -23.8365 3
    endloop
  endfacet
  facet normal 0.760575 0.64925 0
    outer loop
      vertex -51.0607 -23.5607 19
      vertex -51.2135 -23.3817 3
      vertex -51.2135 -23.3817 19
    endloop
  endfacet
  facet normal 0.760575 0.64925 0
    outer loop
      vertex -51.2135 -23.3817 3
      vertex -51.0607 -23.5607 19
      vertex -51.0607 -23.5607 3
    endloop
  endfacet
  facet normal -0.233228 0.972422 0
    outer loop
      vertex 50.4635 -23.9266 3
      vertex 50.2346 -23.9815 19
      vertex 50.4635 -23.9266 19
    endloop
  endfacet
  facet normal -0.233228 0.972422 0
    outer loop
      vertex 50.2346 -23.9815 19
      vertex 50.4635 -23.9266 3
      vertex 50.2346 -23.9815 3
    endloop
  endfacet
  facet normal -0.760575 0.64925 0
    outer loop
      vertex 51.0607 -23.5607 3
      vertex 51.2135 -23.3817 19
      vertex 51.2135 -23.3817 3
    endloop
  endfacet
  facet normal -0.760575 0.64925 0
    outer loop
      vertex 51.2135 -23.3817 19
      vertex 51.0607 -23.5607 3
      vertex 51.0607 -23.5607 19
    endloop
  endfacet
  facet normal -0.0786136 0.996905 0
    outer loop
      vertex 50.2346 -23.9815 3
      vertex 50 -24 19
      vertex 50.2346 -23.9815 19
    endloop
  endfacet
  facet normal -0.0786136 0.996905 0
    outer loop
      vertex 50 -24 19
      vertex 50.2346 -23.9815 3
      vertex 50 -24 3
    endloop
  endfacet
  facet normal -0.233228 -0.972422 0
    outer loop
      vertex 50.2346 23.9815 3
      vertex 50.4635 23.9266 19
      vertex 50.2346 23.9815 19
    endloop
  endfacet
  facet normal -0.233228 -0.972422 -0
    outer loop
      vertex 50.4635 23.9266 19
      vertex 50.2346 23.9815 3
      vertex 50.4635 23.9266 3
    endloop
  endfacet
  facet normal 0.972422 -0.233228 0
    outer loop
      vertex -51.4815 22.7346 19
      vertex -51.4266 22.9635 3
      vertex -51.4266 22.9635 19
    endloop
  endfacet
  facet normal 0.972422 -0.233228 0
    outer loop
      vertex -51.4266 22.9635 3
      vertex -51.4815 22.7346 19
      vertex -51.4815 22.7346 3
    endloop
  endfacet
  facet normal 0 1 -0
    outer loop
      vertex 50 -24 3
      vertex -50 -24 19
      vertex 50 -24 19
    endloop
  endfacet
  facet normal 0 1 0
    outer loop
      vertex -50 -24 19
      vertex 50 -24 3
      vertex -50 -24 3
    endloop
  endfacet
  facet normal 0.972422 0.233228 0
    outer loop
      vertex -51.4266 -22.9635 19
      vertex -51.4815 -22.7346 3
      vertex -51.4815 -22.7346 19
    endloop
  endfacet
  facet normal 0.972422 0.233228 0
    outer loop
      vertex -51.4815 -22.7346 3
      vertex -51.4266 -22.9635 19
      vertex -51.4266 -22.9635 3
    endloop
  endfacet
  facet normal -0.760575 -0.64925 0
    outer loop
      vertex 51.2135 23.3817 3
      vertex 51.0607 23.5607 19
      vertex 51.0607 23.5607 3
    endloop
  endfacet
  facet normal -0.760575 -0.64925 0
    outer loop
      vertex 51.0607 23.5607 19
      vertex 51.2135 23.3817 3
      vertex 51.2135 23.3817 19
    endloop
  endfacet
  facet normal 0 -1 0
    outer loop
      vertex -50 24 3
      vertex 50 24 19
      vertex -50 24 19
    endloop
  endfacet
  facet normal 0 -1 -0
    outer loop
      vertex 50 24 19
      vertex -50 24 3
      vertex 50 24 3
    endloop
  endfacet
  facet normal -0.996905 -0.0786136 0
    outer loop
      vertex 51.5 22.5 3
      vertex 51.4815 22.7346 19
      vertex 51.4815 22.7346 3
    endloop
  endfacet
  facet normal -0.996905 -0.0786136 0
    outer loop
      vertex 51.4815 22.7346 19
      vertex 51.5 22.5 3
      vertex 51.5 22.5 19
    endloop
  endfacet
  facet normal -0.972422 0.233228 0
    outer loop
      vertex 51.4266 -22.9635 3
      vertex 51.4815 -22.7346 19
      vertex 51.4815 -22.7346 3
    endloop
  endfacet
  facet normal -0.972422 0.233228 0
    outer loop
      vertex 51.4815 -22.7346 19
      vertex 51.4266 -22.9635 3
      vertex 51.4266 -22.9635 19
    endloop
  endfacet
  facet normal 0.85262 0.522532 0
    outer loop
      vertex -51.2135 -23.3817 19
      vertex -51.3365 -23.181 3
      vertex -51.3365 -23.181 19
    endloop
  endfacet
  facet normal 0.85262 0.522532 0
    outer loop
      vertex -51.3365 -23.181 3
      vertex -51.2135 -23.3817 19
      vertex -51.2135 -23.3817 3
    endloop
  endfacet
  facet normal -0.972422 -0.233228 0
    outer loop
      vertex 51.4815 22.7346 3
      vertex 51.4266 22.9635 19
      vertex 51.4266 22.9635 3
    endloop
  endfacet
  facet normal -0.972422 -0.233228 0
    outer loop
      vertex 51.4266 22.9635 19
      vertex 51.4815 22.7346 3
      vertex 51.4815 22.7346 19
    endloop
  endfacet
  facet normal -0.85262 -0.522532 0
    outer loop
      vertex 51.3365 23.181 3
      vertex 51.2135 23.3817 19
      vertex 51.2135 23.3817 3
    endloop
  endfacet
  facet normal -0.85262 -0.522532 0
    outer loop
      vertex 51.2135 23.3817 19
      vertex 51.3365 23.181 3
      vertex 51.3365 23.181 19
    endloop
  endfacet
  facet normal 0.0786136 0.996905 -0
    outer loop
      vertex -50 -24 3
      vertex -50.2346 -23.9815 19
      vertex -50 -24 19
    endloop
  endfacet
  facet normal 0.0786136 0.996905 0
    outer loop
      vertex -50.2346 -23.9815 19
      vertex -50 -24 3
      vertex -50.2346 -23.9815 3
    endloop
  endfacet
  facet normal 0.0786136 -0.996905 0
    outer loop
      vertex -50.2346 23.9815 3
      vertex -50 24 19
      vertex -50.2346 23.9815 19
    endloop
  endfacet
  facet normal 0.0786136 -0.996905 0
    outer loop
      vertex -50 24 19
      vertex -50.2346 23.9815 3
      vertex -50 24 3
    endloop
  endfacet
  facet normal -1 0 0
    outer loop
      vertex 51.5 -22.5 3
      vertex 51.5 22.5 19
      vertex 51.5 22.5 3
    endloop
  endfacet
  facet normal -1 -0 0
    outer loop
      vertex 51.5 22.5 19
      vertex 51.5 -22.5 3
      vertex 51.5 -22.5 19
    endloop
  endfacet
  facet normal 0.233228 -0.972422 0
    outer loop
      vertex -50.4635 23.9266 3
      vertex -50.2346 23.9815 19
      vertex -50.4635 23.9266 19
    endloop
  endfacet
  facet normal 0.233228 -0.972422 0
    outer loop
      vertex -50.2346 23.9815 19
      vertex -50.4635 23.9266 3
      vertex -50.2346 23.9815 3
    endloop
  endfacet
  facet normal 0.85262 -0.522532 0
    outer loop
      vertex -51.3365 23.181 19
      vertex -51.2135 23.3817 3
      vertex -51.2135 23.3817 19
    endloop
  endfacet
  facet normal 0.85262 -0.522532 0
    outer loop
      vertex -51.2135 23.3817 3
      vertex -51.3365 23.181 19
      vertex -51.3365 23.181 3
    endloop
  endfacet
  facet normal -0.382714 -0.923867 0
    outer loop
      vertex 50.4635 23.9266 3
      vertex 50.681 23.8365 19
      vertex 50.4635 23.9266 19
    endloop
  endfacet
  facet normal -0.382714 -0.923867 -0
    outer loop
      vertex 50.681 23.8365 19
      vertex 50.4635 23.9266 3
      vertex 50.681 23.8365 3
    endloop
  endfacet
  facet normal -0.522532 -0.85262 0
    outer loop
      vertex 50.681 23.8365 3
      vertex 50.8817 23.7135 19
      vertex 50.681 23.8365 19
    endloop
  endfacet
  facet normal -0.522532 -0.85262 -0
    outer loop
      vertex 50.8817 23.7135 19
      vertex 50.681 23.8365 3
      vertex 50.8817 23.7135 3
    endloop
  endfacet
  facet normal 0.382714 0.923867 -0
    outer loop
      vertex -50.4635 -23.9266 3
      vertex -50.681 -23.8365 19
      vertex -50.4635 -23.9266 19
    endloop
  endfacet
  facet normal 0.382714 0.923867 0
    outer loop
      vertex -50.681 -23.8365 19
      vertex -50.4635 -23.9266 3
      vertex -50.681 -23.8365 3
    endloop
  endfacet
  facet normal 1 -0 0
    outer loop
      vertex -51.5 -22.5 19
      vertex -51.5 22.5 3
      vertex -51.5 22.5 19
    endloop
  endfacet
  facet normal 1 0 0
    outer loop
      vertex -51.5 22.5 3
      vertex -51.5 -22.5 19
      vertex -51.5 -22.5 3
    endloop
  endfacet
  facet normal 0.522532 0.85262 -0
    outer loop
      vertex -50.681 -23.8365 3
      vertex -50.8817 -23.7135 19
      vertex -50.681 -23.8365 19
    endloop
  endfacet
  facet normal 0.522532 0.85262 0
    outer loop
      vertex -50.8817 -23.7135 19
      vertex -50.681 -23.8365 3
      vertex -50.8817 -23.7135 3
    endloop
  endfacet
  facet normal 0 0 1
    outer loop
      vertex -36.4775 -1.46946 3
      vertex -29.5225 -1.46946 3
      vertex -36.2725 -1.13498 3
    endloop
  endfacet
  facet normal 0 0 1
    outer loop
      vertex -29.2678 -9.23223 3
      vertex -36.0308 -10.6089 3
      vertex -36 -11 3
    endloop
  endfacet
  facet normal 0 0 1
    outer loop
      vertex -29.5225 -1.46946 3
      vertex -36.4775 -1.46946 3
      vertex -29.2678 -1.76777 3
    endloop
  endfacet
  facet normal 0 0 1
    outer loop
      vertex -29.2678 -9.23223 3
      vertex -36.1224 -10.2275 3
      vertex -36.0308 -10.6089 3
    endloop
  endfacet
  facet normal 0 0 1
    outer loop
      vertex -36.7322 -1.76777 3
      vertex -29.2678 -1.76777 3
      vertex -36.4775 -1.46946 3
    endloop
  endfacet
  facet normal 0 0 1
    outer loop
      vertex -29.2678 -9.23223 3
      vertex -36.2725 -9.86502 3
      vertex -36.1224 -10.2275 3
    endloop
  endfacet
  facet normal 0 0 1
    outer loop
      vertex -29.2678 -1.76777 3
      vertex -36.7322 -1.76777 3
      vertex -29.2678 -9.23223 3
    endloop
  endfacet
  facet normal 0 0 1
    outer loop
      vertex -29.2678 -9.23223 3
      vertex -36.4775 -9.53054 3
      vertex -36.2725 -9.86502 3
    endloop
  endfacet
  facet normal 0 0 1
    outer loop
      vertex -36.7322 -9.23223 3
      vertex -29.2678 -9.23223 3
      vertex -36.7322 -1.76777 3
    endloop
  endfacet
  facet normal 0 0 1
    outer loop
      vertex -29.2678 -9.23223 3
      vertex -36.7322 -9.23223 3
      vertex -36.4775 -9.53054 3
    endloop
  endfacet
  facet normal -0 0 1
    outer loop
      vertex -37.0305 -2.02254 3
      vertex -36.7322 -9.23223 3
      vertex -36.7322 -1.76777 3
    endloop
  endfacet
  facet normal 0 0 1
    outer loop
      vertex -37.0305 -2.02254 3
      vertex -37.0305 -8.97746 3
      vertex -36.7322 -9.23223 3
    endloop
  endfacet
  facet normal -0 0 1
    outer loop
      vertex -37.365 -2.22752 3
      vertex -37.0305 -8.97746 3
      vertex -37.0305 -2.02254 3
    endloop
  endfacet
  facet normal 0 0 1
    outer loop
      vertex -37.365 -2.22752 3
      vertex -37.365 -8.77248 3
      vertex -37.0305 -8.97746 3
    endloop
  endfacet
  facet normal -0 0 1
    outer loop
      vertex -37.7275 -2.37764 3
      vertex -37.365 -8.77248 3
      vertex -37.365 -2.22752 3
    endloop
  endfacet
  facet normal 0 0 1
    outer loop
      vertex -37.7275 -2.37764 3
      vertex -37.7275 -8.62236 3
      vertex -37.365 -8.77248 3
    endloop
  endfacet
  facet normal -0 0 1
    outer loop
      vertex -38.1089 -2.46922 3
      vertex -37.7275 -8.62236 3
      vertex -37.7275 -2.37764 3
    endloop
  endfacet
  facet normal 0 0 1
    outer loop
      vertex -38.1089 -2.46922 3
      vertex -38.1089 -8.53078 3
      vertex -37.7275 -8.62236 3
    endloop
  endfacet
  facet normal -0 0 1
    outer loop
      vertex -38.5 -2.5 3
      vertex -38.1089 -8.53078 3
      vertex -38.1089 -2.46922 3
    endloop
  endfacet
  facet normal 0 0 1
    outer loop
      vertex -38.5 -2.5 3
      vertex -38.5 -8.5 3
      vertex -38.1089 -8.53078 3
    endloop
  endfacet
  facet normal 0 0 1
    outer loop
      vertex -38.8911 -2.46922 3
      vertex -38.5 -8.5 3
      vertex -38.5 -2.5 3
    endloop
  endfacet
  facet normal 0 0 1
    outer loop
      vertex -38.8911 -2.46922 3
      vertex -38.8911 -8.53078 3
      vertex -38.5 -8.5 3
    endloop
  endfacet
  facet normal 0 0 1
    outer loop
      vertex -39.2725 -2.37764 3
      vertex -38.8911 -8.53078 3
      vertex -38.8911 -2.46922 3
    endloop
  endfacet
  facet normal 0 0 1
    outer loop
      vertex -39.2725 -2.37764 3
      vertex -39.2725 -8.62236 3
      vertex -38.8911 -8.53078 3
    endloop
  endfacet
  facet normal 0 0 1
    outer loop
      vertex -39.635 -2.22752 3
      vertex -39.2725 -8.62236 3
      vertex -39.2725 -2.37764 3
    endloop
  endfacet
  facet normal 0 0 1
    outer loop
      vertex -39.635 -2.22752 3
      vertex -39.635 -8.77248 3
      vertex -39.2725 -8.62236 3
    endloop
  endfacet
  facet normal 0 0 1
    outer loop
      vertex -39.9695 -2.02254 3
      vertex -39.635 -8.77248 3
      vertex -39.635 -2.22752 3
    endloop
  endfacet
  facet normal 0 0 1
    outer loop
      vertex -39.9695 -2.02254 3
      vertex -39.9695 -8.97746 3
      vertex -39.635 -8.77248 3
    endloop
  endfacet
  facet normal 0 0 1
    outer loop
      vertex -40.2678 -1.76777 3
      vertex -39.9695 -8.97746 3
      vertex -39.9695 -2.02254 3
    endloop
  endfacet
  facet normal 0 0 1
    outer loop
      vertex -40.2678 -1.76777 3
      vertex -40.2678 -9.23223 3
      vertex -39.9695 -8.97746 3
    endloop
  endfacet
  facet normal 0 0 1
    outer loop
      vertex -40.5225 -1.46946 3
      vertex -40.2678 -9.23223 3
      vertex -40.2678 -1.76777 3
    endloop
  endfacet
  facet normal 0 0 1
    outer loop
      vertex -40.5225 -1.46946 3
      vertex -40.5225 -9.53054 3
      vertex -40.2678 -9.23223 3
    endloop
  endfacet
  facet normal 0 0 1
    outer loop
      vertex -40.7275 -1.13498 3
      vertex -40.5225 -9.53054 3
      vertex -40.5225 -1.46946 3
    endloop
  endfacet
  facet normal 0 0 1
    outer loop
      vertex -40.7275 -1.13498 3
      vertex -40.7275 -9.86502 3
      vertex -40.5225 -9.53054 3
    endloop
  endfacet
  facet normal 0 0 1
    outer loop
      vertex -40.8776 -0.772542 3
      vertex -40.7275 -9.86502 3
      vertex -40.7275 -1.13498 3
    endloop
  endfacet
  facet normal 0 0 1
    outer loop
      vertex -40.8776 -0.772542 3
      vertex -40.8776 -10.2275 3
      vertex -40.7275 -9.86502 3
    endloop
  endfacet
  facet normal 0 0 1
    outer loop
      vertex -51.5 -22.5 3
      vertex -40.8776 -0.772542 3
      vertex -40.9692 -0.391086 3
    endloop
  endfacet
  facet normal 0 0 1
    outer loop
      vertex -40.8776 -0.772542 3
      vertex -51.5 -22.5 3
      vertex -40.8776 -10.2275 3
    endloop
  endfacet
  facet normal 0 0 1
    outer loop
      vertex -51.5 -22.5 3
      vertex -40.9692 -0.391086 3
      vertex -41 0 3
    endloop
  endfacet
  facet normal 0 0 1
    outer loop
      vertex -40.8776 -10.2275 3
      vertex -51.5 -22.5 3
      vertex -40.9692 -10.6089 3
    endloop
  endfacet
  facet normal 0 0 1
    outer loop
      vertex -36.4775 9.53054 3
      vertex -29.5225 9.53054 3
      vertex -36.2725 9.86502 3
    endloop
  endfacet
  facet normal 0 0 1
    outer loop
      vertex -29.2678 1.76777 3
      vertex -36.0308 0.391086 3
      vertex -36 0 3
    endloop
  endfacet
  facet normal 0 0 1
    outer loop
      vertex -29.5225 9.53054 3
      vertex -36.4775 9.53054 3
      vertex -29.2678 9.23223 3
    endloop
  endfacet
  facet normal 0 0 1
    outer loop
      vertex -29.2678 1.76777 3
      vertex -36.1224 0.772542 3
      vertex -36.0308 0.391086 3
    endloop
  endfacet
  facet normal 0 0 1
    outer loop
      vertex -36.7322 9.23223 3
      vertex -29.2678 9.23223 3
      vertex -36.4775 9.53054 3
    endloop
  endfacet
  facet normal 0 0 1
    outer loop
      vertex -29.2678 1.76777 3
      vertex -36.2725 1.13498 3
      vertex -36.1224 0.772542 3
    endloop
  endfacet
  facet normal 0 0 1
    outer loop
      vertex -29.2678 9.23223 3
      vertex -36.7322 9.23223 3
      vertex -29.2678 1.76777 3
    endloop
  endfacet
  facet normal 0 0 1
    outer loop
      vertex -29.2678 1.76777 3
      vertex -36.4775 1.46946 3
      vertex -36.2725 1.13498 3
    endloop
  endfacet
  facet normal 0 0 1
    outer loop
      vertex -36.7322 1.76777 3
      vertex -29.2678 1.76777 3
      vertex -36.7322 9.23223 3
    endloop
  endfacet
  facet normal 0 0 1
    outer loop
      vertex -29.2678 1.76777 3
      vertex -36.7322 1.76777 3
      vertex -36.4775 1.46946 3
    endloop
  endfacet
  facet normal -0 0 1
    outer loop
      vertex -37.0305 8.97746 3
      vertex -36.7322 1.76777 3
      vertex -36.7322 9.23223 3
    endloop
  endfacet
  facet normal 0 0 1
    outer loop
      vertex -37.0305 8.97746 3
      vertex -37.0305 2.02254 3
      vertex -36.7322 1.76777 3
    endloop
  endfacet
  facet normal -0 0 1
    outer loop
      vertex -37.365 8.77248 3
      vertex -37.0305 2.02254 3
      vertex -37.0305 8.97746 3
    endloop
  endfacet
  facet normal 0 0 1
    outer loop
      vertex -37.365 8.77248 3
      vertex -37.365 2.22752 3
      vertex -37.0305 2.02254 3
    endloop
  endfacet
  facet normal -0 0 1
    outer loop
      vertex -37.7275 8.62236 3
      vertex -37.365 2.22752 3
      vertex -37.365 8.77248 3
    endloop
  endfacet
  facet normal 0 0 1
    outer loop
      vertex -37.7275 8.62236 3
      vertex -37.7275 2.37764 3
      vertex -37.365 2.22752 3
    endloop
  endfacet
  facet normal -0 0 1
    outer loop
      vertex -38.1089 8.53078 3
      vertex -37.7275 2.37764 3
      vertex -37.7275 8.62236 3
    endloop
  endfacet
  facet normal 0 0 1
    outer loop
      vertex -38.1089 8.53078 3
      vertex -38.1089 2.46922 3
      vertex -37.7275 2.37764 3
    endloop
  endfacet
  facet normal -0 0 1
    outer loop
      vertex -38.5 8.5 3
      vertex -38.1089 2.46922 3
      vertex -38.1089 8.53078 3
    endloop
  endfacet
  facet normal 0 0 1
    outer loop
      vertex -38.5 8.5 3
      vertex -38.5 2.5 3
      vertex -38.1089 2.46922 3
    endloop
  endfacet
  facet normal 0 0 1
    outer loop
      vertex -38.8911 8.53078 3
      vertex -38.5 2.5 3
      vertex -38.5 8.5 3
    endloop
  endfacet
  facet normal 0 0 1
    outer loop
      vertex -38.8911 8.53078 3
      vertex -38.8911 2.46922 3
      vertex -38.5 2.5 3
    endloop
  endfacet
  facet normal 0 0 1
    outer loop
      vertex -39.2725 8.62236 3
      vertex -38.8911 2.46922 3
      vertex -38.8911 8.53078 3
    endloop
  endfacet
  facet normal 0 0 1
    outer loop
      vertex -39.2725 8.62236 3
      vertex -39.2725 2.37764 3
      vertex -38.8911 2.46922 3
    endloop
  endfacet
  facet normal 0 0 1
    outer loop
      vertex -39.635 8.77248 3
      vertex -39.2725 2.37764 3
      vertex -39.2725 8.62236 3
    endloop
  endfacet
  facet normal 0 0 1
    outer loop
      vertex -39.635 8.77248 3
      vertex -39.635 2.22752 3
      vertex -39.2725 2.37764 3
    endloop
  endfacet
  facet normal 0 0 1
    outer loop
      vertex -39.9695 8.97746 3
      vertex -39.635 2.22752 3
      vertex -39.635 8.77248 3
    endloop
  endfacet
  facet normal 0 0 1
    outer loop
      vertex -39.9695 8.97746 3
      vertex -39.9695 2.02254 3
      vertex -39.635 2.22752 3
    endloop
  endfacet
  facet normal 0 0 1
    outer loop
      vertex -40.2678 9.23223 3
      vertex -39.9695 2.02254 3
      vertex -39.9695 8.97746 3
    endloop
  endfacet
  facet normal 0 0 1
    outer loop
      vertex -40.2678 9.23223 3
      vertex -40.2678 1.76777 3
      vertex -39.9695 2.02254 3
    endloop
  endfacet
  facet normal 0 0 1
    outer loop
      vertex -40.5225 9.53054 3
      vertex -40.2678 1.76777 3
      vertex -40.2678 9.23223 3
    endloop
  endfacet
  facet normal 0 0 1
    outer loop
      vertex -40.5225 9.53054 3
      vertex -40.5225 1.46946 3
      vertex -40.2678 1.76777 3
    endloop
  endfacet
  facet normal 0 0 1
    outer loop
      vertex -40.7275 9.86502 3
      vertex -40.5225 1.46946 3
      vertex -40.5225 9.53054 3
    endloop
  endfacet
  facet normal 0 0 1
    outer loop
      vertex -40.7275 9.86502 3
      vertex -40.7275 1.13498 3
      vertex -40.5225 1.46946 3
    endloop
  endfacet
  facet normal 0 0 1
    outer loop
      vertex -40.8776 10.2275 3
      vertex -40.7275 1.13498 3
      vertex -40.7275 9.86502 3
    endloop
  endfacet
  facet normal 0 0 1
    outer loop
      vertex -40.8776 10.2275 3
      vertex -40.8776 0.772542 3
      vertex -40.7275 1.13498 3
    endloop
  endfacet
  facet normal 0 0 1
    outer loop
      vertex -51.5 22.5 3
      vertex -40.8776 10.2275 3
      vertex -40.9692 10.6089 3
    endloop
  endfacet
  facet normal 0 0 1
    outer loop
      vertex -40.8776 10.2275 3
      vertex -51.5 22.5 3
      vertex -40.8776 0.772542 3
    endloop
  endfacet
  facet normal 0 0 1
    outer loop
      vertex -51.5 22.5 3
      vertex -40.9692 10.6089 3
      vertex -41 11 3
    endloop
  endfacet
  facet normal 0 0 1
    outer loop
      vertex -40.8776 0.772542 3
      vertex -51.5 22.5 3
      vertex -40.9692 0.391086 3
    endloop
  endfacet
  facet normal 0 0 1
    outer loop
      vertex -25.4775 -1.46946 3
      vertex -18.5225 -1.46946 3
      vertex -25.2725 -1.13498 3
    endloop
  endfacet
  facet normal 0 0 1
    outer loop
      vertex -18.2678 -9.23223 3
      vertex -25.0308 -10.6089 3
      vertex -25 -11 3
    endloop
  endfacet
  facet normal 0 0 1
    outer loop
      vertex -18.5225 -1.46946 3
      vertex -25.4775 -1.46946 3
      vertex -18.2678 -1.76777 3
    endloop
  endfacet
  facet normal 0 0 1
    outer loop
      vertex -18.2678 -9.23223 3
      vertex -25.1224 -10.2275 3
      vertex -25.0308 -10.6089 3
    endloop
  endfacet
  facet normal 0 0 1
    outer loop
      vertex -25.7322 -1.76777 3
      vertex -18.2678 -1.76777 3
      vertex -25.4775 -1.46946 3
    endloop
  endfacet
  facet normal 0 0 1
    outer loop
      vertex -18.2678 -9.23223 3
      vertex -25.2725 -9.86502 3
      vertex -25.1224 -10.2275 3
    endloop
  endfacet
  facet normal 0 0 1
    outer loop
      vertex -18.2678 -1.76777 3
      vertex -25.7322 -1.76777 3
      vertex -18.2678 -9.23223 3
    endloop
  endfacet
  facet normal 0 0 1
    outer loop
      vertex -18.2678 -9.23223 3
      vertex -25.4775 -9.53054 3
      vertex -25.2725 -9.86502 3
    endloop
  endfacet
  facet normal 0 0 1
    outer loop
      vertex -25.7322 -9.23223 3
      vertex -18.2678 -9.23223 3
      vertex -25.7322 -1.76777 3
    endloop
  endfacet
  facet normal 0 0 1
    outer loop
      vertex -18.2678 -9.23223 3
      vertex -25.7322 -9.23223 3
      vertex -25.4775 -9.53054 3
    endloop
  endfacet
  facet normal -0 0 1
    outer loop
      vertex -26.0305 -2.02254 3
      vertex -25.7322 -9.23223 3
      vertex -25.7322 -1.76777 3
    endloop
  endfacet
  facet normal 0 0 1
    outer loop
      vertex -26.0305 -2.02254 3
      vertex -26.0305 -8.97746 3
      vertex -25.7322 -9.23223 3
    endloop
  endfacet
  facet normal -0 0 1
    outer loop
      vertex -26.365 -2.22752 3
      vertex -26.0305 -8.97746 3
      vertex -26.0305 -2.02254 3
    endloop
  endfacet
  facet normal 0 0 1
    outer loop
      vertex -26.365 -2.22752 3
      vertex -26.365 -8.77248 3
      vertex -26.0305 -8.97746 3
    endloop
  endfacet
  facet normal -0 0 1
    outer loop
      vertex -26.7275 -2.37764 3
      vertex -26.365 -8.77248 3
      vertex -26.365 -2.22752 3
    endloop
  endfacet
  facet normal 0 0 1
    outer loop
      vertex -26.7275 -2.37764 3
      vertex -26.7275 -8.62236 3
      vertex -26.365 -8.77248 3
    endloop
  endfacet
  facet normal -0 0 1
    outer loop
      vertex -27.1089 -2.46922 3
      vertex -26.7275 -8.62236 3
      vertex -26.7275 -2.37764 3
    endloop
  endfacet
  facet normal 0 0 1
    outer loop
      vertex -27.1089 -2.46922 3
      vertex -27.1089 -8.53078 3
      vertex -26.7275 -8.62236 3
    endloop
  endfacet
  facet normal -0 0 1
    outer loop
      vertex -27.5 -2.5 3
      vertex -27.1089 -8.53078 3
      vertex -27.1089 -2.46922 3
    endloop
  endfacet
  facet normal 0 0 1
    outer loop
      vertex -27.5 -2.5 3
      vertex -27.5 -8.5 3
      vertex -27.1089 -8.53078 3
    endloop
  endfacet
  facet normal 0 0 1
    outer loop
      vertex -27.8911 -2.46922 3
      vertex -27.5 -8.5 3
      vertex -27.5 -2.5 3
    endloop
  endfacet
  facet normal 0 0 1
    outer loop
      vertex -27.8911 -2.46922 3
      vertex -27.8911 -8.53078 3
      vertex -27.5 -8.5 3
    endloop
  endfacet
  facet normal 0 0 1
    outer loop
      vertex -28.2725 -2.37764 3
      vertex -27.8911 -8.53078 3
      vertex -27.8911 -2.46922 3
    endloop
  endfacet
  facet normal 0 0 1
    outer loop
      vertex -28.2725 -2.37764 3
      vertex -28.2725 -8.62236 3
      vertex -27.8911 -8.53078 3
    endloop
  endfacet
  facet normal 0 0 1
    outer loop
      vertex -28.635 -2.22752 3
      vertex -28.2725 -8.62236 3
      vertex -28.2725 -2.37764 3
    endloop
  endfacet
  facet normal 0 0 1
    outer loop
      vertex -28.635 -2.22752 3
      vertex -28.635 -8.77248 3
      vertex -28.2725 -8.62236 3
    endloop
  endfacet
  facet normal 0 0 1
    outer loop
      vertex -28.9695 -2.02254 3
      vertex -28.635 -8.77248 3
      vertex -28.635 -2.22752 3
    endloop
  endfacet
  facet normal 0 0 1
    outer loop
      vertex -28.9695 -2.02254 3
      vertex -28.9695 -8.97746 3
      vertex -28.635 -8.77248 3
    endloop
  endfacet
  facet normal 0 0 1
    outer loop
      vertex -29.2678 -1.76777 3
      vertex -28.9695 -8.97746 3
      vertex -28.9695 -2.02254 3
    endloop
  endfacet
  facet normal 0 0 1
    outer loop
      vertex -29.2678 -1.76777 3
      vertex -29.2678 -9.23223 3
      vertex -28.9695 -8.97746 3
    endloop
  endfacet
  facet normal 0 0 1
    outer loop
      vertex -29.8776 -0.772542 3
      vertex -36.1224 -0.772542 3
      vertex -29.7275 -1.13498 3
    endloop
  endfacet
  facet normal 0 0 1
    outer loop
      vertex -36.2725 -1.13498 3
      vertex -29.7275 -1.13498 3
      vertex -36.1224 -0.772542 3
    endloop
  endfacet
  facet normal 0 0 1
    outer loop
      vertex -36.1224 -0.772542 3
      vertex -29.8776 -0.772542 3
      vertex -36.0308 -0.391086 3
    endloop
  endfacet
  facet normal 0 0 1
    outer loop
      vertex -29.7275 -1.13498 3
      vertex -36.2725 -1.13498 3
      vertex -29.5225 -1.46946 3
    endloop
  endfacet
  facet normal 0 0 1
    outer loop
      vertex -29.9692 -0.391086 3
      vertex -36.0308 -0.391086 3
      vertex -29.8776 -0.772542 3
    endloop
  endfacet
  facet normal 0 0 1
    outer loop
      vertex -29.2678 -9.23223 3
      vertex -36 -11 3
      vertex -29.5225 -9.53054 3
    endloop
  endfacet
  facet normal 0 0 1
    outer loop
      vertex -36.0308 -0.391086 3
      vertex -29.9692 -0.391086 3
      vertex -36 0 3
    endloop
  endfacet
  facet normal 0 0 1
    outer loop
      vertex -29.5225 -9.53054 3
      vertex -36 -11 3
      vertex -29.7275 -9.86502 3
    endloop
  endfacet
  facet normal -0 0 1
    outer loop
      vertex -36 0 3
      vertex -29.9692 -0.391086 3
      vertex -30 0 3
    endloop
  endfacet
  facet normal 0 0 1
    outer loop
      vertex -29.7275 -9.86502 3
      vertex -36 -11 3
      vertex -29.8776 -10.2275 3
    endloop
  endfacet
  facet normal 0 0 1
    outer loop
      vertex -25.4775 9.53054 3
      vertex -18.5225 9.53054 3
      vertex -25.2725 9.86502 3
    endloop
  endfacet
  facet normal 0 0 1
    outer loop
      vertex -18.2678 1.76777 3
      vertex -25.0308 0.391086 3
      vertex -25 0 3
    endloop
  endfacet
  facet normal 0 0 1
    outer loop
      vertex -18.5225 9.53054 3
      vertex -25.4775 9.53054 3
      vertex -18.2678 9.23223 3
    endloop
  endfacet
  facet normal 0 0 1
    outer loop
      vertex -18.2678 1.76777 3
      vertex -25.1224 0.772542 3
      vertex -25.0308 0.391086 3
    endloop
  endfacet
  facet normal 0 0 1
    outer loop
      vertex -25.7322 9.23223 3
      vertex -18.2678 9.23223 3
      vertex -25.4775 9.53054 3
    endloop
  endfacet
  facet normal 0 0 1
    outer loop
      vertex -18.2678 1.76777 3
      vertex -25.2725 1.13498 3
      vertex -25.1224 0.772542 3
    endloop
  endfacet
  facet normal 0 0 1
    outer loop
      vertex -18.2678 9.23223 3
      vertex -25.7322 9.23223 3
      vertex -18.2678 1.76777 3
    endloop
  endfacet
  facet normal 0 0 1
    outer loop
      vertex -18.2678 1.76777 3
      vertex -25.4775 1.46946 3
      vertex -25.2725 1.13498 3
    endloop
  endfacet
  facet normal 0 0 1
    outer loop
      vertex -25.7322 1.76777 3
      vertex -18.2678 1.76777 3
      vertex -25.7322 9.23223 3
    endloop
  endfacet
  facet normal 0 0 1
    outer loop
      vertex -18.2678 1.76777 3
      vertex -25.7322 1.76777 3
      vertex -25.4775 1.46946 3
    endloop
  endfacet
  facet normal -0 0 1
    outer loop
      vertex -26.0305 8.97746 3
      vertex -25.7322 1.76777 3
      vertex -25.7322 9.23223 3
    endloop
  endfacet
  facet normal 0 0 1
    outer loop
      vertex -26.0305 8.97746 3
      vertex -26.0305 2.02254 3
      vertex -25.7322 1.76777 3
    endloop
  endfacet
  facet normal -0 0 1
    outer loop
      vertex -26.365 8.77248 3
      vertex -26.0305 2.02254 3
      vertex -26.0305 8.97746 3
    endloop
  endfacet
  facet normal 0 0 1
    outer loop
      vertex -26.365 8.77248 3
      vertex -26.365 2.22752 3
      vertex -26.0305 2.02254 3
    endloop
  endfacet
  facet normal -0 0 1
    outer loop
      vertex -26.7275 8.62236 3
      vertex -26.365 2.22752 3
      vertex -26.365 8.77248 3
    endloop
  endfacet
  facet normal 0 0 1
    outer loop
      vertex -26.7275 8.62236 3
      vertex -26.7275 2.37764 3
      vertex -26.365 2.22752 3
    endloop
  endfacet
  facet normal -0 0 1
    outer loop
      vertex -27.1089 8.53078 3
      vertex -26.7275 2.37764 3
      vertex -26.7275 8.62236 3
    endloop
  endfacet
  facet normal 0 0 1
    outer loop
      vertex -27.1089 8.53078 3
      vertex -27.1089 2.46922 3
      vertex -26.7275 2.37764 3
    endloop
  endfacet
  facet normal -0 0 1
    outer loop
      vertex -27.5 8.5 3
      vertex -27.1089 2.46922 3
      vertex -27.1089 8.53078 3
    endloop
  endfacet
  facet normal 0 0 1
    outer loop
      vertex -27.5 8.5 3
      vertex -27.5 2.5 3
      vertex -27.1089 2.46922 3
    endloop
  endfacet
  facet normal 0 0 1
    outer loop
      vertex -27.8911 8.53078 3
      vertex -27.5 2.5 3
      vertex -27.5 8.5 3
    endloop
  endfacet
  facet normal 0 0 1
    outer loop
      vertex -27.8911 8.53078 3
      vertex -27.8911 2.46922 3
      vertex -27.5 2.5 3
    endloop
  endfacet
  facet normal 0 0 1
    outer loop
      vertex -28.2725 8.62236 3
      vertex -27.8911 2.46922 3
      vertex -27.8911 8.53078 3
    endloop
  endfacet
  facet normal 0 0 1
    outer loop
      vertex -28.2725 8.62236 3
      vertex -28.2725 2.37764 3
      vertex -27.8911 2.46922 3
    endloop
  endfacet
  facet normal 0 0 1
    outer loop
      vertex -28.635 8.77248 3
      vertex -28.2725 2.37764 3
      vertex -28.2725 8.62236 3
    endloop
  endfacet
  facet normal 0 0 1
    outer loop
      vertex -28.635 8.77248 3
      vertex -28.635 2.22752 3
      vertex -28.2725 2.37764 3
    endloop
  endfacet
  facet normal 0 0 1
    outer loop
      vertex -28.9695 8.97746 3
      vertex -28.635 2.22752 3
      vertex -28.635 8.77248 3
    endloop
  endfacet
  facet normal 0 0 1
    outer loop
      vertex -28.9695 8.97746 3
      vertex -28.9695 2.02254 3
      vertex -28.635 2.22752 3
    endloop
  endfacet
  facet normal 0 0 1
    outer loop
      vertex -29.2678 9.23223 3
      vertex -28.9695 2.02254 3
      vertex -28.9695 8.97746 3
    endloop
  endfacet
  facet normal 0 0 1
    outer loop
      vertex -29.2678 9.23223 3
      vertex -29.2678 1.76777 3
      vertex -28.9695 2.02254 3
    endloop
  endfacet
  facet normal 0 0 1
    outer loop
      vertex -29.8776 10.2275 3
      vertex -36.1224 10.2275 3
      vertex -29.7275 9.86502 3
    endloop
  endfacet
  facet normal 0 0 1
    outer loop
      vertex -36.2725 9.86502 3
      vertex -29.7275 9.86502 3
      vertex -36.1224 10.2275 3
    endloop
  endfacet
  facet normal 0 0 1
    outer loop
      vertex -36.1224 10.2275 3
      vertex -29.8776 10.2275 3
      vertex -36.0308 10.6089 3
    endloop
  endfacet
  facet normal 0 0 1
    outer loop
      vertex -29.7275 9.86502 3
      vertex -36.2725 9.86502 3
      vertex -29.5225 9.53054 3
    endloop
  endfacet
  facet normal 0 0 1
    outer loop
      vertex -29.9692 10.6089 3
      vertex -36.0308 10.6089 3
      vertex -29.8776 10.2275 3
    endloop
  endfacet
  facet normal 0 0 1
    outer loop
      vertex -29.2678 1.76777 3
      vertex -36 0 3
      vertex -29.5225 1.46946 3
    endloop
  endfacet
  facet normal 0 0 1
    outer loop
      vertex -36.0308 10.6089 3
      vertex -29.9692 10.6089 3
      vertex -36 11 3
    endloop
  endfacet
  facet normal 0 0 1
    outer loop
      vertex -29.5225 1.46946 3
      vertex -36 0 3
      vertex -29.7275 1.13498 3
    endloop
  endfacet
  facet normal -0 0 1
    outer loop
      vertex -36 11 3
      vertex -29.9692 10.6089 3
      vertex -30 11 3
    endloop
  endfacet
  facet normal 0 0 1
    outer loop
      vertex -29.7275 1.13498 3
      vertex -36 0 3
      vertex -29.8776 0.772542 3
    endloop
  endfacet
  facet normal 0 0 1
    outer loop
      vertex -14.4775 -1.46946 3
      vertex -7.52254 -1.46946 3
      vertex -14.2725 -1.13498 3
    endloop
  endfacet
  facet normal 0 0 1
    outer loop
      vertex -7.26777 -9.23223 3
      vertex -14.0308 -10.6089 3
      vertex -14 -11 3
    endloop
  endfacet
  facet normal 0 0 1
    outer loop
      vertex -7.52254 -1.46946 3
      vertex -14.4775 -1.46946 3
      vertex -7.26777 -1.76777 3
    endloop
  endfacet
  facet normal 0 0 1
    outer loop
      vertex -7.26777 -9.23223 3
      vertex -14.1224 -10.2275 3
      vertex -14.0308 -10.6089 3
    endloop
  endfacet
  facet normal 0 0 1
    outer loop
      vertex -14.7322 -1.76777 3
      vertex -7.26777 -1.76777 3
      vertex -14.4775 -1.46946 3
    endloop
  endfacet
  facet normal 0 0 1
    outer loop
      vertex -7.26777 -9.23223 3
      vertex -14.2725 -9.86502 3
      vertex -14.1224 -10.2275 3
    endloop
  endfacet
  facet normal 0 0 1
    outer loop
      vertex -7.26777 -1.76777 3
      vertex -14.7322 -1.76777 3
      vertex -7.26777 -9.23223 3
    endloop
  endfacet
  facet normal 0 0 1
    outer loop
      vertex -7.26777 -9.23223 3
      vertex -14.4775 -9.53054 3
      vertex -14.2725 -9.86502 3
    endloop
  endfacet
  facet normal 0 0 1
    outer loop
      vertex -14.7322 -9.23223 3
      vertex -7.26777 -9.23223 3
      vertex -14.7322 -1.76777 3
    endloop
  endfacet
  facet normal 0 0 1
    outer loop
      vertex -7.26777 -9.23223 3
      vertex -14.7322 -9.23223 3
      vertex -14.4775 -9.53054 3
    endloop
  endfacet
  facet normal -0 0 1
    outer loop
      vertex -15.0305 -2.02254 3
      vertex -14.7322 -9.23223 3
      vertex -14.7322 -1.76777 3
    endloop
  endfacet
  facet normal 0 0 1
    outer loop
      vertex -15.0305 -2.02254 3
      vertex -15.0305 -8.97746 3
      vertex -14.7322 -9.23223 3
    endloop
  endfacet
  facet normal -0 0 1
    outer loop
      vertex -15.365 -2.22752 3
      vertex -15.0305 -8.97746 3
      vertex -15.0305 -2.02254 3
    endloop
  endfacet
  facet normal 0 0 1
    outer loop
      vertex -15.365 -2.22752 3
      vertex -15.365 -8.77248 3
      vertex -15.0305 -8.97746 3
    endloop
  endfacet
  facet normal -0 0 1
    outer loop
      vertex -15.7275 -2.37764 3
      vertex -15.365 -8.77248 3
      vertex -15.365 -2.22752 3
    endloop
  endfacet
  facet normal 0 0 1
    outer loop
      vertex -15.7275 -2.37764 3
      vertex -15.7275 -8.62236 3
      vertex -15.365 -8.77248 3
    endloop
  endfacet
  facet normal -0 0 1
    outer loop
      vertex -16.1089 -2.46922 3
      vertex -15.7275 -8.62236 3
      vertex -15.7275 -2.37764 3
    endloop
  endfacet
  facet normal 0 0 1
    outer loop
      vertex -16.1089 -2.46922 3
      vertex -16.1089 -8.53078 3
      vertex -15.7275 -8.62236 3
    endloop
  endfacet
  facet normal -0 0 1
    outer loop
      vertex -16.5 -2.5 3
      vertex -16.1089 -8.53078 3
      vertex -16.1089 -2.46922 3
    endloop
  endfacet
  facet normal 0 0 1
    outer loop
      vertex -16.5 -2.5 3
      vertex -16.5 -8.5 3
      vertex -16.1089 -8.53078 3
    endloop
  endfacet
  facet normal 0 0 1
    outer loop
      vertex -16.8911 -2.46922 3
      vertex -16.5 -8.5 3
      vertex -16.5 -2.5 3
    endloop
  endfacet
  facet normal 0 0 1
    outer loop
      vertex -16.8911 -2.46922 3
      vertex -16.8911 -8.53078 3
      vertex -16.5 -8.5 3
    endloop
  endfacet
  facet normal 0 0 1
    outer loop
      vertex -17.2725 -2.37764 3
      vertex -16.8911 -8.53078 3
      vertex -16.8911 -2.46922 3
    endloop
  endfacet
  facet normal 0 0 1
    outer loop
      vertex -17.2725 -2.37764 3
      vertex -17.2725 -8.62236 3
      vertex -16.8911 -8.53078 3
    endloop
  endfacet
  facet normal 0 0 1
    outer loop
      vertex -17.635 -2.22752 3
      vertex -17.2725 -8.62236 3
      vertex -17.2725 -2.37764 3
    endloop
  endfacet
  facet normal 0 0 1
    outer loop
      vertex -17.635 -2.22752 3
      vertex -17.635 -8.77248 3
      vertex -17.2725 -8.62236 3
    endloop
  endfacet
  facet normal 0 0 1
    outer loop
      vertex -17.9695 -2.02254 3
      vertex -17.635 -8.77248 3
      vertex -17.635 -2.22752 3
    endloop
  endfacet
  facet normal 0 0 1
    outer loop
      vertex -17.9695 -2.02254 3
      vertex -17.9695 -8.97746 3
      vertex -17.635 -8.77248 3
    endloop
  endfacet
  facet normal 0 0 1
    outer loop
      vertex -18.2678 -1.76777 3
      vertex -17.9695 -8.97746 3
      vertex -17.9695 -2.02254 3
    endloop
  endfacet
  facet normal 0 0 1
    outer loop
      vertex -18.2678 -1.76777 3
      vertex -18.2678 -9.23223 3
      vertex -17.9695 -8.97746 3
    endloop
  endfacet
  facet normal 0 0 1
    outer loop
      vertex -18.8776 -0.772542 3
      vertex -25.1224 -0.772542 3
      vertex -18.7275 -1.13498 3
    endloop
  endfacet
  facet normal 0 0 1
    outer loop
      vertex -25.2725 -1.13498 3
      vertex -18.7275 -1.13498 3
      vertex -25.1224 -0.772542 3
    endloop
  endfacet
  facet normal 0 0 1
    outer loop
      vertex -25.1224 -0.772542 3
      vertex -18.8776 -0.772542 3
      vertex -25.0308 -0.391086 3
    endloop
  endfacet
  facet normal 0 0 1
    outer loop
      vertex -18.7275 -1.13498 3
      vertex -25.2725 -1.13498 3
      vertex -18.5225 -1.46946 3
    endloop
  endfacet
  facet normal 0 0 1
    outer loop
      vertex -18.9692 -0.391086 3
      vertex -25.0308 -0.391086 3
      vertex -18.8776 -0.772542 3
    endloop
  endfacet
  facet normal 0 0 1
    outer loop
      vertex -18.2678 -9.23223 3
      vertex -25 -11 3
      vertex -18.5225 -9.53054 3
    endloop
  endfacet
  facet normal 0 0 1
    outer loop
      vertex -25.0308 -0.391086 3
      vertex -18.9692 -0.391086 3
      vertex -25 0 3
    endloop
  endfacet
  facet normal 0 0 1
    outer loop
      vertex -18.5225 -9.53054 3
      vertex -25 -11 3
      vertex -18.7275 -9.86502 3
    endloop
  endfacet
  facet normal -0 0 1
    outer loop
      vertex -25 0 3
      vertex -18.9692 -0.391086 3
      vertex -19 0 3
    endloop
  endfacet
  facet normal 0 0 1
    outer loop
      vertex -18.7275 -9.86502 3
      vertex -25 -11 3
      vertex -18.8776 -10.2275 3
    endloop
  endfacet
  facet normal 0 0 1
    outer loop
      vertex -14.4775 9.53054 3
      vertex -7.52254 9.53054 3
      vertex -14.2725 9.86502 3
    endloop
  endfacet
  facet normal 0 0 1
    outer loop
      vertex -7.26777 1.76777 3
      vertex -14.0308 0.391086 3
      vertex -14 0 3
    endloop
  endfacet
  facet normal 0 0 1
    outer loop
      vertex -7.52254 9.53054 3
      vertex -14.4775 9.53054 3
      vertex -7.26777 9.23223 3
    endloop
  endfacet
  facet normal 0 0 1
    outer loop
      vertex -7.26777 1.76777 3
      vertex -14.1224 0.772542 3
      vertex -14.0308 0.391086 3
    endloop
  endfacet
  facet normal 0 0 1
    outer loop
      vertex -14.7322 9.23223 3
      vertex -7.26777 9.23223 3
      vertex -14.4775 9.53054 3
    endloop
  endfacet
  facet normal 0 0 1
    outer loop
      vertex -7.26777 1.76777 3
      vertex -14.2725 1.13498 3
      vertex -14.1224 0.772542 3
    endloop
  endfacet
  facet normal 0 0 1
    outer loop
      vertex -7.26777 9.23223 3
      vertex -14.7322 9.23223 3
      vertex -7.26777 1.76777 3
    endloop
  endfacet
  facet normal 0 0 1
    outer loop
      vertex -7.26777 1.76777 3
      vertex -14.4775 1.46946 3
      vertex -14.2725 1.13498 3
    endloop
  endfacet
  facet normal 0 0 1
    outer loop
      vertex -14.7322 1.76777 3
      vertex -7.26777 1.76777 3
      vertex -14.7322 9.23223 3
    endloop
  endfacet
  facet normal 0 0 1
    outer loop
      vertex -7.26777 1.76777 3
      vertex -14.7322 1.76777 3
      vertex -14.4775 1.46946 3
    endloop
  endfacet
  facet normal -0 0 1
    outer loop
      vertex -15.0305 8.97746 3
      vertex -14.7322 1.76777 3
      vertex -14.7322 9.23223 3
    endloop
  endfacet
  facet normal 0 0 1
    outer loop
      vertex -15.0305 8.97746 3
      vertex -15.0305 2.02254 3
      vertex -14.7322 1.76777 3
    endloop
  endfacet
  facet normal -0 0 1
    outer loop
      vertex -15.365 8.77248 3
      vertex -15.0305 2.02254 3
      vertex -15.0305 8.97746 3
    endloop
  endfacet
  facet normal 0 0 1
    outer loop
      vertex -15.365 8.77248 3
      vertex -15.365 2.22752 3
      vertex -15.0305 2.02254 3
    endloop
  endfacet
  facet normal -0 0 1
    outer loop
      vertex -15.7275 8.62236 3
      vertex -15.365 2.22752 3
      vertex -15.365 8.77248 3
    endloop
  endfacet
  facet normal 0 0 1
    outer loop
      vertex -15.7275 8.62236 3
      vertex -15.7275 2.37764 3
      vertex -15.365 2.22752 3
    endloop
  endfacet
  facet normal -0 0 1
    outer loop
      vertex -16.1089 8.53078 3
      vertex -15.7275 2.37764 3
      vertex -15.7275 8.62236 3
    endloop
  endfacet
  facet normal 0 0 1
    outer loop
      vertex -16.1089 8.53078 3
      vertex -16.1089 2.46922 3
      vertex -15.7275 2.37764 3
    endloop
  endfacet
  facet normal -0 0 1
    outer loop
      vertex -16.5 8.5 3
      vertex -16.1089 2.46922 3
      vertex -16.1089 8.53078 3
    endloop
  endfacet
  facet normal 0 0 1
    outer loop
      vertex -16.5 8.5 3
      vertex -16.5 2.5 3
      vertex -16.1089 2.46922 3
    endloop
  endfacet
  facet normal 0 0 1
    outer loop
      vertex -16.8911 8.53078 3
      vertex -16.5 2.5 3
      vertex -16.5 8.5 3
    endloop
  endfacet
  facet normal 0 0 1
    outer loop
      vertex -16.8911 8.53078 3
      vertex -16.8911 2.46922 3
      vertex -16.5 2.5 3
    endloop
  endfacet
  facet normal 0 0 1
    outer loop
      vertex -17.2725 8.62236 3
      vertex -16.8911 2.46922 3
      vertex -16.8911 8.53078 3
    endloop
  endfacet
  facet normal 0 0 1
    outer loop
      vertex -17.2725 8.62236 3
      vertex -17.2725 2.37764 3
      vertex -16.8911 2.46922 3
    endloop
  endfacet
  facet normal 0 0 1
    outer loop
      vertex -17.635 8.77248 3
      vertex -17.2725 2.37764 3
      vertex -17.2725 8.62236 3
    endloop
  endfacet
  facet normal 0 0 1
    outer loop
      vertex -17.635 8.77248 3
      vertex -17.635 2.22752 3
      vertex -17.2725 2.37764 3
    endloop
  endfacet
  facet normal 0 0 1
    outer loop
      vertex -17.9695 8.97746 3
      vertex -17.635 2.22752 3
      vertex -17.635 8.77248 3
    endloop
  endfacet
  facet normal 0 0 1
    outer loop
      vertex -17.9695 8.97746 3
      vertex -17.9695 2.02254 3
      vertex -17.635 2.22752 3
    endloop
  endfacet
  facet normal 0 0 1
    outer loop
      vertex -18.2678 9.23223 3
      vertex -17.9695 2.02254 3
      vertex -17.9695 8.97746 3
    endloop
  endfacet
  facet normal 0 0 1
    outer loop
      vertex -18.2678 9.23223 3
      vertex -18.2678 1.76777 3
      vertex -17.9695 2.02254 3
    endloop
  endfacet
  facet normal 0 0 1
    outer loop
      vertex -18.8776 10.2275 3
      vertex -25.1224 10.2275 3
      vertex -18.7275 9.86502 3
    endloop
  endfacet
  facet normal 0 0 1
    outer loop
      vertex -25.2725 9.86502 3
      vertex -18.7275 9.86502 3
      vertex -25.1224 10.2275 3
    endloop
  endfacet
  facet normal 0 0 1
    outer loop
      vertex -25.1224 10.2275 3
      vertex -18.8776 10.2275 3
      vertex -25.0308 10.6089 3
    endloop
  endfacet
  facet normal 0 0 1
    outer loop
      vertex -18.7275 9.86502 3
      vertex -25.2725 9.86502 3
      vertex -18.5225 9.53054 3
    endloop
  endfacet
  facet normal 0 0 1
    outer loop
      vertex -18.9692 10.6089 3
      vertex -25.0308 10.6089 3
      vertex -18.8776 10.2275 3
    endloop
  endfacet
  facet normal 0 0 1
    outer loop
      vertex -18.2678 1.76777 3
      vertex -25 0 3
      vertex -18.5225 1.46946 3
    endloop
  endfacet
  facet normal 0 0 1
    outer loop
      vertex -25.0308 10.6089 3
      vertex -18.9692 10.6089 3
      vertex -25 11 3
    endloop
  endfacet
  facet normal 0 0 1
    outer loop
      vertex -18.5225 1.46946 3
      vertex -25 0 3
      vertex -18.7275 1.13498 3
    endloop
  endfacet
  facet normal -0 0 1
    outer loop
      vertex -25 11 3
      vertex -18.9692 10.6089 3
      vertex -19 11 3
    endloop
  endfacet
  facet normal 0 0 1
    outer loop
      vertex -18.7275 1.13498 3
      vertex -25 0 3
      vertex -18.8776 0.772542 3
    endloop
  endfacet
  facet normal 0 0 1
    outer loop
      vertex -3.47746 -1.46946 3
      vertex 3.47746 -1.46946 3
      vertex -3.27248 -1.13498 3
    endloop
  endfacet
  facet normal 0 0 1
    outer loop
      vertex 3.73223 -9.23223 3
      vertex -3.03078 -10.6089 3
      vertex -3 -11 3
    endloop
  endfacet
  facet normal 0 0 1
    outer loop
      vertex 3.47746 -1.46946 3
      vertex -3.47746 -1.46946 3
      vertex 3.73223 -1.76777 3
    endloop
  endfacet
  facet normal 0 0 1
    outer loop
      vertex 3.73223 -9.23223 3
      vertex -3.12236 -10.2275 3
      vertex -3.03078 -10.6089 3
    endloop
  endfacet
  facet normal 0 0 1
    outer loop
      vertex -3.73223 -1.76777 3
      vertex 3.73223 -1.76777 3
      vertex -3.47746 -1.46946 3
    endloop
  endfacet
  facet normal 0 0 1
    outer loop
      vertex 3.73223 -9.23223 3
      vertex -3.27248 -9.86502 3
      vertex -3.12236 -10.2275 3
    endloop
  endfacet
  facet normal 0 0 1
    outer loop
      vertex 3.73223 -1.76777 3
      vertex -3.73223 -1.76777 3
      vertex 3.73223 -9.23223 3
    endloop
  endfacet
  facet normal 0 0 1
    outer loop
      vertex 3.73223 -9.23223 3
      vertex -3.47746 -9.53054 3
      vertex -3.27248 -9.86502 3
    endloop
  endfacet
  facet normal 0 0 1
    outer loop
      vertex -3.73223 -9.23223 3
      vertex 3.73223 -9.23223 3
      vertex -3.73223 -1.76777 3
    endloop
  endfacet
  facet normal 0 0 1
    outer loop
      vertex 3.73223 -9.23223 3
      vertex -3.73223 -9.23223 3
      vertex -3.47746 -9.53054 3
    endloop
  endfacet
  facet normal -0 0 1
    outer loop
      vertex -4.03054 -2.02254 3
      vertex -3.73223 -9.23223 3
      vertex -3.73223 -1.76777 3
    endloop
  endfacet
  facet normal 0 0 1
    outer loop
      vertex -4.03054 -2.02254 3
      vertex -4.03054 -8.97746 3
      vertex -3.73223 -9.23223 3
    endloop
  endfacet
  facet normal -0 0 1
    outer loop
      vertex -4.36502 -2.22752 3
      vertex -4.03054 -8.97746 3
      vertex -4.03054 -2.02254 3
    endloop
  endfacet
  facet normal 0 0 1
    outer loop
      vertex -4.36502 -2.22752 3
      vertex -4.36502 -8.77248 3
      vertex -4.03054 -8.97746 3
    endloop
  endfacet
  facet normal -0 0 1
    outer loop
      vertex -4.72746 -2.37764 3
      vertex -4.36502 -8.77248 3
      vertex -4.36502 -2.22752 3
    endloop
  endfacet
  facet normal 0 0 1
    outer loop
      vertex -4.72746 -2.37764 3
      vertex -4.72746 -8.62236 3
      vertex -4.36502 -8.77248 3
    endloop
  endfacet
  facet normal -0 0 1
    outer loop
      vertex -5.10891 -2.46922 3
      vertex -4.72746 -8.62236 3
      vertex -4.72746 -2.37764 3
    endloop
  endfacet
  facet normal 0 0 1
    outer loop
      vertex -5.10891 -2.46922 3
      vertex -5.10891 -8.53078 3
      vertex -4.72746 -8.62236 3
    endloop
  endfacet
  facet normal -0 0 1
    outer loop
      vertex -5.5 -2.5 3
      vertex -5.10891 -8.53078 3
      vertex -5.10891 -2.46922 3
    endloop
  endfacet
  facet normal 0 0 1
    outer loop
      vertex -5.5 -2.5 3
      vertex -5.5 -8.5 3
      vertex -5.10891 -8.53078 3
    endloop
  endfacet
  facet normal 0 0 1
    outer loop
      vertex -5.89109 -2.46922 3
      vertex -5.5 -8.5 3
      vertex -5.5 -2.5 3
    endloop
  endfacet
  facet normal 0 0 1
    outer loop
      vertex -5.89109 -2.46922 3
      vertex -5.89109 -8.53078 3
      vertex -5.5 -8.5 3
    endloop
  endfacet
  facet normal 0 0 1
    outer loop
      vertex -6.27254 -2.37764 3
      vertex -5.89109 -8.53078 3
      vertex -5.89109 -2.46922 3
    endloop
  endfacet
  facet normal 0 0 1
    outer loop
      vertex -6.27254 -2.37764 3
      vertex -6.27254 -8.62236 3
      vertex -5.89109 -8.53078 3
    endloop
  endfacet
  facet normal 0 0 1
    outer loop
      vertex -6.63498 -2.22752 3
      vertex -6.27254 -8.62236 3
      vertex -6.27254 -2.37764 3
    endloop
  endfacet
  facet normal 0 0 1
    outer loop
      vertex -6.63498 -2.22752 3
      vertex -6.63498 -8.77248 3
      vertex -6.27254 -8.62236 3
    endloop
  endfacet
  facet normal 0 0 1
    outer loop
      vertex -6.96946 -2.02254 3
      vertex -6.63498 -8.77248 3
      vertex -6.63498 -2.22752 3
    endloop
  endfacet
  facet normal 0 0 1
    outer loop
      vertex -6.96946 -2.02254 3
      vertex -6.96946 -8.97746 3
      vertex -6.63498 -8.77248 3
    endloop
  endfacet
  facet normal 0 0 1
    outer loop
      vertex -7.26777 -1.76777 3
      vertex -6.96946 -8.97746 3
      vertex -6.96946 -2.02254 3
    endloop
  endfacet
  facet normal 0 0 1
    outer loop
      vertex -7.26777 -1.76777 3
      vertex -7.26777 -9.23223 3
      vertex -6.96946 -8.97746 3
    endloop
  endfacet
  facet normal 0 0 1
    outer loop
      vertex -7.87764 -0.772542 3
      vertex -14.1224 -0.772542 3
      vertex -7.72752 -1.13498 3
    endloop
  endfacet
  facet normal 0 0 1
    outer loop
      vertex -14.2725 -1.13498 3
      vertex -7.72752 -1.13498 3
      vertex -14.1224 -0.772542 3
    endloop
  endfacet
  facet normal 0 0 1
    outer loop
      vertex -14.1224 -0.772542 3
      vertex -7.87764 -0.772542 3
      vertex -14.0308 -0.391086 3
    endloop
  endfacet
  facet normal 0 0 1
    outer loop
      vertex -7.72752 -1.13498 3
      vertex -14.2725 -1.13498 3
      vertex -7.52254 -1.46946 3
    endloop
  endfacet
  facet normal 0 0 1
    outer loop
      vertex -7.96922 -0.391086 3
      vertex -14.0308 -0.391086 3
      vertex -7.87764 -0.772542 3
    endloop
  endfacet
  facet normal 0 0 1
    outer loop
      vertex -7.26777 -9.23223 3
      vertex -14 -11 3
      vertex -7.52254 -9.53054 3
    endloop
  endfacet
  facet normal 0 0 1
    outer loop
      vertex -14.0308 -0.391086 3
      vertex -7.96922 -0.391086 3
      vertex -14 0 3
    endloop
  endfacet
  facet normal 0 0 1
    outer loop
      vertex -7.52254 -9.53054 3
      vertex -14 -11 3
      vertex -7.72752 -9.86502 3
    endloop
  endfacet
  facet normal -0 0 1
    outer loop
      vertex -14 0 3
      vertex -7.96922 -0.391086 3
      vertex -8 0 3
    endloop
  endfacet
  facet normal 0 0 1
    outer loop
      vertex -7.72752 -9.86502 3
      vertex -14 -11 3
      vertex -7.87764 -10.2275 3
    endloop
  endfacet
  facet normal 0 0 1
    outer loop
      vertex -3.47746 9.53054 3
      vertex 3.47746 9.53054 3
      vertex -3.27248 9.86502 3
    endloop
  endfacet
  facet normal 0 0 1
    outer loop
      vertex 3.73223 1.76777 3
      vertex -3.03078 0.391086 3
      vertex -3 0 3
    endloop
  endfacet
  facet normal 0 0 1
    outer loop
      vertex 3.47746 9.53054 3
      vertex -3.47746 9.53054 3
      vertex 3.73223 9.23223 3
    endloop
  endfacet
  facet normal 0 0 1
    outer loop
      vertex 3.73223 1.76777 3
      vertex -3.12236 0.772542 3
      vertex -3.03078 0.391086 3
    endloop
  endfacet
  facet normal 0 0 1
    outer loop
      vertex -3.73223 9.23223 3
      vertex 3.73223 9.23223 3
      vertex -3.47746 9.53054 3
    endloop
  endfacet
  facet normal 0 0 1
    outer loop
      vertex 3.73223 1.76777 3
      vertex -3.27248 1.13498 3
      vertex -3.12236 0.772542 3
    endloop
  endfacet
  facet normal 0 0 1
    outer loop
      vertex 3.73223 9.23223 3
      vertex -3.73223 9.23223 3
      vertex 3.73223 1.76777 3
    endloop
  endfacet
  facet normal 0 0 1
    outer loop
      vertex 3.73223 1.76777 3
      vertex -3.47746 1.46946 3
      vertex -3.27248 1.13498 3
    endloop
  endfacet
  facet normal 0 0 1
    outer loop
      vertex -3.73223 1.76777 3
      vertex 3.73223 1.76777 3
      vertex -3.73223 9.23223 3
    endloop
  endfacet
  facet normal 0 0 1
    outer loop
      vertex 3.73223 1.76777 3
      vertex -3.73223 1.76777 3
      vertex -3.47746 1.46946 3
    endloop
  endfacet
  facet normal -0 0 1
    outer loop
      vertex -4.03054 8.97746 3
      vertex -3.73223 1.76777 3
      vertex -3.73223 9.23223 3
    endloop
  endfacet
  facet normal 0 0 1
    outer loop
      vertex -4.03054 8.97746 3
      vertex -4.03054 2.02254 3
      vertex -3.73223 1.76777 3
    endloop
  endfacet
  facet normal -0 0 1
    outer loop
      vertex -4.36502 8.77248 3
      vertex -4.03054 2.02254 3
      vertex -4.03054 8.97746 3
    endloop
  endfacet
  facet normal 0 0 1
    outer loop
      vertex -4.36502 8.77248 3
      vertex -4.36502 2.22752 3
      vertex -4.03054 2.02254 3
    endloop
  endfacet
  facet normal -0 0 1
    outer loop
      vertex -4.72746 8.62236 3
      vertex -4.36502 2.22752 3
      vertex -4.36502 8.77248 3
    endloop
  endfacet
  facet normal 0 0 1
    outer loop
      vertex -4.72746 8.62236 3
      vertex -4.72746 2.37764 3
      vertex -4.36502 2.22752 3
    endloop
  endfacet
  facet normal -0 0 1
    outer loop
      vertex -5.10891 8.53078 3
      vertex -4.72746 2.37764 3
      vertex -4.72746 8.62236 3
    endloop
  endfacet
  facet normal 0 0 1
    outer loop
      vertex -5.10891 8.53078 3
      vertex -5.10891 2.46922 3
      vertex -4.72746 2.37764 3
    endloop
  endfacet
  facet normal -0 0 1
    outer loop
      vertex -5.5 8.5 3
      vertex -5.10891 2.46922 3
      vertex -5.10891 8.53078 3
    endloop
  endfacet
  facet normal 0 0 1
    outer loop
      vertex -5.5 8.5 3
      vertex -5.5 2.5 3
      vertex -5.10891 2.46922 3
    endloop
  endfacet
  facet normal 0 0 1
    outer loop
      vertex -5.89109 8.53078 3
      vertex -5.5 2.5 3
      vertex -5.5 8.5 3
    endloop
  endfacet
  facet normal 0 0 1
    outer loop
      vertex -5.89109 8.53078 3
      vertex -5.89109 2.46922 3
      vertex -5.5 2.5 3
    endloop
  endfacet
  facet normal 0 0 1
    outer loop
      vertex -6.27254 8.62236 3
      vertex -5.89109 2.46922 3
      vertex -5.89109 8.53078 3
    endloop
  endfacet
  facet normal 0 0 1
    outer loop
      vertex -6.27254 8.62236 3
      vertex -6.27254 2.37764 3
      vertex -5.89109 2.46922 3
    endloop
  endfacet
  facet normal 0 0 1
    outer loop
      vertex -6.63498 8.77248 3
      vertex -6.27254 2.37764 3
      vertex -6.27254 8.62236 3
    endloop
  endfacet
  facet normal 0 0 1
    outer loop
      vertex -6.63498 8.77248 3
      vertex -6.63498 2.22752 3
      vertex -6.27254 2.37764 3
    endloop
  endfacet
  facet normal 0 0 1
    outer loop
      vertex -6.96946 8.97746 3
      vertex -6.63498 2.22752 3
      vertex -6.63498 8.77248 3
    endloop
  endfacet
  facet normal 0 0 1
    outer loop
      vertex -6.96946 8.97746 3
      vertex -6.96946 2.02254 3
      vertex -6.63498 2.22752 3
    endloop
  endfacet
  facet normal 0 0 1
    outer loop
      vertex -7.26777 9.23223 3
      vertex -6.96946 2.02254 3
      vertex -6.96946 8.97746 3
    endloop
  endfacet
  facet normal 0 0 1
    outer loop
      vertex -7.26777 9.23223 3
      vertex -7.26777 1.76777 3
      vertex -6.96946 2.02254 3
    endloop
  endfacet
  facet normal 0 0 1
    outer loop
      vertex -7.87764 10.2275 3
      vertex -14.1224 10.2275 3
      vertex -7.72752 9.86502 3
    endloop
  endfacet
  facet normal 0 0 1
    outer loop
      vertex -14.2725 9.86502 3
      vertex -7.72752 9.86502 3
      vertex -14.1224 10.2275 3
    endloop
  endfacet
  facet normal 0 0 1
    outer loop
      vertex -14.1224 10.2275 3
      vertex -7.87764 10.2275 3
      vertex -14.0308 10.6089 3
    endloop
  endfacet
  facet normal 0 0 1
    outer loop
      vertex -7.72752 9.86502 3
      vertex -14.2725 9.86502 3
      vertex -7.52254 9.53054 3
    endloop
  endfacet
  facet normal 0 0 1
    outer loop
      vertex -7.96922 10.6089 3
      vertex -14.0308 10.6089 3
      vertex -7.87764 10.2275 3
    endloop
  endfacet
  facet normal 0 0 1
    outer loop
      vertex -7.26777 1.76777 3
      vertex -14 0 3
      vertex -7.52254 1.46946 3
    endloop
  endfacet
  facet normal 0 0 1
    outer loop
      vertex -14.0308 10.6089 3
      vertex -7.96922 10.6089 3
      vertex -14 11 3
    endloop
  endfacet
  facet normal 0 0 1
    outer loop
      vertex -7.52254 1.46946 3
      vertex -14 0 3
      vertex -7.72752 1.13498 3
    endloop
  endfacet
  facet normal -0 0 1
    outer loop
      vertex -14 11 3
      vertex -7.96922 10.6089 3
      vertex -8 11 3
    endloop
  endfacet
  facet normal 0 0 1
    outer loop
      vertex -7.72752 1.13498 3
      vertex -14 0 3
      vertex -7.87764 0.772542 3
    endloop
  endfacet
  facet normal 0 0 1
    outer loop
      vertex 7.52254 -1.46946 3
      vertex 14.4775 -1.46946 3
      vertex 7.72752 -1.13498 3
    endloop
  endfacet
  facet normal 0 0 1
    outer loop
      vertex 14.7322 -9.23223 3
      vertex 7.96922 -10.6089 3
      vertex 8 -11 3
    endloop
  endfacet
  facet normal 0 0 1
    outer loop
      vertex 14.4775 -1.46946 3
      vertex 7.52254 -1.46946 3
      vertex 14.7322 -1.76777 3
    endloop
  endfacet
  facet normal 0 0 1
    outer loop
      vertex 14.7322 -9.23223 3
      vertex 7.87764 -10.2275 3
      vertex 7.96922 -10.6089 3
    endloop
  endfacet
  facet normal 0 0 1
    outer loop
      vertex 7.26777 -1.76777 3
      vertex 14.7322 -1.76777 3
      vertex 7.52254 -1.46946 3
    endloop
  endfacet
  facet normal 0 0 1
    outer loop
      vertex 14.7322 -9.23223 3
      vertex 7.72752 -9.86502 3
      vertex 7.87764 -10.2275 3
    endloop
  endfacet
  facet normal 0 0 1
    outer loop
      vertex 14.7322 -1.76777 3
      vertex 7.26777 -1.76777 3
      vertex 14.7322 -9.23223 3
    endloop
  endfacet
  facet normal 0 0 1
    outer loop
      vertex 14.7322 -9.23223 3
      vertex 7.52254 -9.53054 3
      vertex 7.72752 -9.86502 3
    endloop
  endfacet
  facet normal 0 0 1
    outer loop
      vertex 7.26777 -9.23223 3
      vertex 14.7322 -9.23223 3
      vertex 7.26777 -1.76777 3
    endloop
  endfacet
  facet normal 0 0 1
    outer loop
      vertex 14.7322 -9.23223 3
      vertex 7.26777 -9.23223 3
      vertex 7.52254 -9.53054 3
    endloop
  endfacet
  facet normal -0 0 1
    outer loop
      vertex 6.96946 -2.02254 3
      vertex 7.26777 -9.23223 3
      vertex 7.26777 -1.76777 3
    endloop
  endfacet
  facet normal 0 0 1
    outer loop
      vertex 6.96946 -2.02254 3
      vertex 6.96946 -8.97746 3
      vertex 7.26777 -9.23223 3
    endloop
  endfacet
  facet normal -0 0 1
    outer loop
      vertex 6.63498 -2.22752 3
      vertex 6.96946 -8.97746 3
      vertex 6.96946 -2.02254 3
    endloop
  endfacet
  facet normal 0 0 1
    outer loop
      vertex 6.63498 -2.22752 3
      vertex 6.63498 -8.77248 3
      vertex 6.96946 -8.97746 3
    endloop
  endfacet
  facet normal -0 0 1
    outer loop
      vertex 6.27254 -2.37764 3
      vertex 6.63498 -8.77248 3
      vertex 6.63498 -2.22752 3
    endloop
  endfacet
  facet normal 0 0 1
    outer loop
      vertex 6.27254 -2.37764 3
      vertex 6.27254 -8.62236 3
      vertex 6.63498 -8.77248 3
    endloop
  endfacet
  facet normal -0 0 1
    outer loop
      vertex 5.89109 -2.46922 3
      vertex 6.27254 -8.62236 3
      vertex 6.27254 -2.37764 3
    endloop
  endfacet
  facet normal 0 0 1
    outer loop
      vertex 5.89109 -2.46922 3
      vertex 5.89109 -8.53078 3
      vertex 6.27254 -8.62236 3
    endloop
  endfacet
  facet normal -0 0 1
    outer loop
      vertex 5.5 -2.5 3
      vertex 5.89109 -8.53078 3
      vertex 5.89109 -2.46922 3
    endloop
  endfacet
  facet normal 0 0 1
    outer loop
      vertex 5.5 -2.5 3
      vertex 5.5 -8.5 3
      vertex 5.89109 -8.53078 3
    endloop
  endfacet
  facet normal 0 0 1
    outer loop
      vertex 5.10891 -2.46922 3
      vertex 5.5 -8.5 3
      vertex 5.5 -2.5 3
    endloop
  endfacet
  facet normal 0 0 1
    outer loop
      vertex 5.10891 -2.46922 3
      vertex 5.10891 -8.53078 3
      vertex 5.5 -8.5 3
    endloop
  endfacet
  facet normal 0 0 1
    outer loop
      vertex 4.72746 -2.37764 3
      vertex 5.10891 -8.53078 3
      vertex 5.10891 -2.46922 3
    endloop
  endfacet
  facet normal 0 0 1
    outer loop
      vertex 4.72746 -2.37764 3
      vertex 4.72746 -8.62236 3
      vertex 5.10891 -8.53078 3
    endloop
  endfacet
  facet normal 0 0 1
    outer loop
      vertex 4.36502 -2.22752 3
      vertex 4.72746 -8.62236 3
      vertex 4.72746 -2.37764 3
    endloop
  endfacet
  facet normal 0 0 1
    outer loop
      vertex 4.36502 -2.22752 3
      vertex 4.36502 -8.77248 3
      vertex 4.72746 -8.62236 3
    endloop
  endfacet
  facet normal 0 0 1
    outer loop
      vertex 4.03054 -2.02254 3
      vertex 4.36502 -8.77248 3
      vertex 4.36502 -2.22752 3
    endloop
  endfacet
  facet normal 0 0 1
    outer loop
      vertex 4.03054 -2.02254 3
      vertex 4.03054 -8.97746 3
      vertex 4.36502 -8.77248 3
    endloop
  endfacet
  facet normal 0 0 1
    outer loop
      vertex 3.73223 -1.76777 3
      vertex 4.03054 -8.97746 3
      vertex 4.03054 -2.02254 3
    endloop
  endfacet
  facet normal 0 0 1
    outer loop
      vertex 3.73223 -1.76777 3
      vertex 3.73223 -9.23223 3
      vertex 4.03054 -8.97746 3
    endloop
  endfacet
  facet normal 0 0 1
    outer loop
      vertex 3.12236 -0.772542 3
      vertex -3.12236 -0.772542 3
      vertex 3.27248 -1.13498 3
    endloop
  endfacet
  facet normal 0 0 1
    outer loop
      vertex -3.27248 -1.13498 3
      vertex 3.27248 -1.13498 3
      vertex -3.12236 -0.772542 3
    endloop
  endfacet
  facet normal 0 0 1
    outer loop
      vertex -3.12236 -0.772542 3
      vertex 3.12236 -0.772542 3
      vertex -3.03078 -0.391086 3
    endloop
  endfacet
  facet normal 0 0 1
    outer loop
      vertex 3.27248 -1.13498 3
      vertex -3.27248 -1.13498 3
      vertex 3.47746 -1.46946 3
    endloop
  endfacet
  facet normal 0 0 1
    outer loop
      vertex 3.03078 -0.391086 3
      vertex -3.03078 -0.391086 3
      vertex 3.12236 -0.772542 3
    endloop
  endfacet
  facet normal 0 0 1
    outer loop
      vertex 3.73223 -9.23223 3
      vertex -3 -11 3
      vertex 3.47746 -9.53054 3
    endloop
  endfacet
  facet normal 0 0 1
    outer loop
      vertex -3.03078 -0.391086 3
      vertex 3.03078 -0.391086 3
      vertex -3 0 3
    endloop
  endfacet
  facet normal 0 0 1
    outer loop
      vertex 3.47746 -9.53054 3
      vertex -3 -11 3
      vertex 3.27248 -9.86502 3
    endloop
  endfacet
  facet normal -0 0 1
    outer loop
      vertex -3 0 3
      vertex 3.03078 -0.391086 3
      vertex 3 0 3
    endloop
  endfacet
  facet normal 0 0 1
    outer loop
      vertex 3.27248 -9.86502 3
      vertex -3 -11 3
      vertex 3.12236 -10.2275 3
    endloop
  endfacet
  facet normal 0 0 1
    outer loop
      vertex 7.52254 9.53054 3
      vertex 14.4775 9.53054 3
      vertex 7.72752 9.86502 3
    endloop
  endfacet
  facet normal 0 0 1
    outer loop
      vertex 14.7322 1.76777 3
      vertex 7.96922 0.391086 3
      vertex 8 0 3
    endloop
  endfacet
  facet normal 0 0 1
    outer loop
      vertex 14.4775 9.53054 3
      vertex 7.52254 9.53054 3
      vertex 14.7322 9.23223 3
    endloop
  endfacet
  facet normal 0 0 1
    outer loop
      vertex 14.7322 1.76777 3
      vertex 7.87764 0.772542 3
      vertex 7.96922 0.391086 3
    endloop
  endfacet
  facet normal 0 0 1
    outer loop
      vertex 7.26777 9.23223 3
      vertex 14.7322 9.23223 3
      vertex 7.52254 9.53054 3
    endloop
  endfacet
  facet normal 0 0 1
    outer loop
      vertex 14.7322 1.76777 3
      vertex 7.72752 1.13498 3
      vertex 7.87764 0.772542 3
    endloop
  endfacet
  facet normal 0 0 1
    outer loop
      vertex 14.7322 9.23223 3
      vertex 7.26777 9.23223 3
      vertex 14.7322 1.76777 3
    endloop
  endfacet
  facet normal 0 0 1
    outer loop
      vertex 14.7322 1.76777 3
      vertex 7.52254 1.46946 3
      vertex 7.72752 1.13498 3
    endloop
  endfacet
  facet normal 0 0 1
    outer loop
      vertex 7.26777 1.76777 3
      vertex 14.7322 1.76777 3
      vertex 7.26777 9.23223 3
    endloop
  endfacet
  facet normal 0 0 1
    outer loop
      vertex 14.7322 1.76777 3
      vertex 7.26777 1.76777 3
      vertex 7.52254 1.46946 3
    endloop
  endfacet
  facet normal -0 0 1
    outer loop
      vertex 6.96946 8.97746 3
      vertex 7.26777 1.76777 3
      vertex 7.26777 9.23223 3
    endloop
  endfacet
  facet normal 0 0 1
    outer loop
      vertex 6.96946 8.97746 3
      vertex 6.96946 2.02254 3
      vertex 7.26777 1.76777 3
    endloop
  endfacet
  facet normal -0 0 1
    outer loop
      vertex 6.63498 8.77248 3
      vertex 6.96946 2.02254 3
      vertex 6.96946 8.97746 3
    endloop
  endfacet
  facet normal 0 0 1
    outer loop
      vertex 6.63498 8.77248 3
      vertex 6.63498 2.22752 3
      vertex 6.96946 2.02254 3
    endloop
  endfacet
  facet normal -0 0 1
    outer loop
      vertex 6.27254 8.62236 3
      vertex 6.63498 2.22752 3
      vertex 6.63498 8.77248 3
    endloop
  endfacet
  facet normal 0 0 1
    outer loop
      vertex 6.27254 8.62236 3
      vertex 6.27254 2.37764 3
      vertex 6.63498 2.22752 3
    endloop
  endfacet
  facet normal -0 0 1
    outer loop
      vertex 5.89109 8.53078 3
      vertex 6.27254 2.37764 3
      vertex 6.27254 8.62236 3
    endloop
  endfacet
  facet normal 0 0 1
    outer loop
      vertex 5.89109 8.53078 3
      vertex 5.89109 2.46922 3
      vertex 6.27254 2.37764 3
    endloop
  endfacet
  facet normal -0 0 1
    outer loop
      vertex 5.5 8.5 3
      vertex 5.89109 2.46922 3
      vertex 5.89109 8.53078 3
    endloop
  endfacet
  facet normal 0 0 1
    outer loop
      vertex 5.5 8.5 3
      vertex 5.5 2.5 3
      vertex 5.89109 2.46922 3
    endloop
  endfacet
  facet normal 0 0 1
    outer loop
      vertex 5.10891 8.53078 3
      vertex 5.5 2.5 3
      vertex 5.5 8.5 3
    endloop
  endfacet
  facet normal 0 0 1
    outer loop
      vertex 5.10891 8.53078 3
      vertex 5.10891 2.46922 3
      vertex 5.5 2.5 3
    endloop
  endfacet
  facet normal 0 0 1
    outer loop
      vertex 4.72746 8.62236 3
      vertex 5.10891 2.46922 3
      vertex 5.10891 8.53078 3
    endloop
  endfacet
  facet normal 0 0 1
    outer loop
      vertex 4.72746 8.62236 3
      vertex 4.72746 2.37764 3
      vertex 5.10891 2.46922 3
    endloop
  endfacet
  facet normal 0 0 1
    outer loop
      vertex 4.36502 8.77248 3
      vertex 4.72746 2.37764 3
      vertex 4.72746 8.62236 3
    endloop
  endfacet
  facet normal 0 0 1
    outer loop
      vertex 4.36502 8.77248 3
      vertex 4.36502 2.22752 3
      vertex 4.72746 2.37764 3
    endloop
  endfacet
  facet normal 0 0 1
    outer loop
      vertex 4.03054 8.97746 3
      vertex 4.36502 2.22752 3
      vertex 4.36502 8.77248 3
    endloop
  endfacet
  facet normal 0 0 1
    outer loop
      vertex 4.03054 8.97746 3
      vertex 4.03054 2.02254 3
      vertex 4.36502 2.22752 3
    endloop
  endfacet
  facet normal 0 0 1
    outer loop
      vertex 3.73223 9.23223 3
      vertex 4.03054 2.02254 3
      vertex 4.03054 8.97746 3
    endloop
  endfacet
  facet normal 0 0 1
    outer loop
      vertex 3.73223 9.23223 3
      vertex 3.73223 1.76777 3
      vertex 4.03054 2.02254 3
    endloop
  endfacet
  facet normal 0 0 1
    outer loop
      vertex 3.12236 10.2275 3
      vertex -3.12236 10.2275 3
      vertex 3.27248 9.86502 3
    endloop
  endfacet
  facet normal 0 0 1
    outer loop
      vertex -3.27248 9.86502 3
      vertex 3.27248 9.86502 3
      vertex -3.12236 10.2275 3
    endloop
  endfacet
  facet normal 0 0 1
    outer loop
      vertex -3.12236 10.2275 3
      vertex 3.12236 10.2275 3
      vertex -3.03078 10.6089 3
    endloop
  endfacet
  facet normal 0 0 1
    outer loop
      vertex 3.27248 9.86502 3
      vertex -3.27248 9.86502 3
      vertex 3.47746 9.53054 3
    endloop
  endfacet
  facet normal 0 0 1
    outer loop
      vertex 3.03078 10.6089 3
      vertex -3.03078 10.6089 3
      vertex 3.12236 10.2275 3
    endloop
  endfacet
  facet normal 0 0 1
    outer loop
      vertex 3.73223 1.76777 3
      vertex -3 0 3
      vertex 3.47746 1.46946 3
    endloop
  endfacet
  facet normal 0 0 1
    outer loop
      vertex -3.03078 10.6089 3
      vertex 3.03078 10.6089 3
      vertex -3 11 3
    endloop
  endfacet
  facet normal 0 0 1
    outer loop
      vertex 3.47746 1.46946 3
      vertex -3 0 3
      vertex 3.27248 1.13498 3
    endloop
  endfacet
  facet normal -0 0 1
    outer loop
      vertex -3 11 3
      vertex 3.03078 10.6089 3
      vertex 3 11 3
    endloop
  endfacet
  facet normal 0 0 1
    outer loop
      vertex 3.27248 1.13498 3
      vertex -3 0 3
      vertex 3.12236 0.772542 3
    endloop
  endfacet
  facet normal 0 0 1
    outer loop
      vertex 18.5225 -1.46946 3
      vertex 25.4775 -1.46946 3
      vertex 18.7275 -1.13498 3
    endloop
  endfacet
  facet normal 0 0 1
    outer loop
      vertex 25.7322 -9.23223 3
      vertex 18.9692 -10.6089 3
      vertex 19 -11 3
    endloop
  endfacet
  facet normal 0 0 1
    outer loop
      vertex 25.4775 -1.46946 3
      vertex 18.5225 -1.46946 3
      vertex 25.7322 -1.76777 3
    endloop
  endfacet
  facet normal 0 0 1
    outer loop
      vertex 25.7322 -9.23223 3
      vertex 18.8776 -10.2275 3
      vertex 18.9692 -10.6089 3
    endloop
  endfacet
  facet normal 0 0 1
    outer loop
      vertex 18.2678 -1.76777 3
      vertex 25.7322 -1.76777 3
      vertex 18.5225 -1.46946 3
    endloop
  endfacet
  facet normal 0 0 1
    outer loop
      vertex 25.7322 -9.23223 3
      vertex 18.7275 -9.86502 3
      vertex 18.8776 -10.2275 3
    endloop
  endfacet
  facet normal 0 0 1
    outer loop
      vertex 25.7322 -1.76777 3
      vertex 18.2678 -1.76777 3
      vertex 25.7322 -9.23223 3
    endloop
  endfacet
  facet normal 0 0 1
    outer loop
      vertex 25.7322 -9.23223 3
      vertex 18.5225 -9.53054 3
      vertex 18.7275 -9.86502 3
    endloop
  endfacet
  facet normal 0 0 1
    outer loop
      vertex 18.2678 -9.23223 3
      vertex 25.7322 -9.23223 3
      vertex 18.2678 -1.76777 3
    endloop
  endfacet
  facet normal 0 0 1
    outer loop
      vertex 25.7322 -9.23223 3
      vertex 18.2678 -9.23223 3
      vertex 18.5225 -9.53054 3
    endloop
  endfacet
  facet normal -0 0 1
    outer loop
      vertex 17.9695 -2.02254 3
      vertex 18.2678 -9.23223 3
      vertex 18.2678 -1.76777 3
    endloop
  endfacet
  facet normal 0 0 1
    outer loop
      vertex 17.9695 -2.02254 3
      vertex 17.9695 -8.97746 3
      vertex 18.2678 -9.23223 3
    endloop
  endfacet
  facet normal -0 0 1
    outer loop
      vertex 17.635 -2.22752 3
      vertex 17.9695 -8.97746 3
      vertex 17.9695 -2.02254 3
    endloop
  endfacet
  facet normal 0 0 1
    outer loop
      vertex 17.635 -2.22752 3
      vertex 17.635 -8.77248 3
      vertex 17.9695 -8.97746 3
    endloop
  endfacet
  facet normal -0 0 1
    outer loop
      vertex 17.2725 -2.37764 3
      vertex 17.635 -8.77248 3
      vertex 17.635 -2.22752 3
    endloop
  endfacet
  facet normal 0 0 1
    outer loop
      vertex 17.2725 -2.37764 3
      vertex 17.2725 -8.62236 3
      vertex 17.635 -8.77248 3
    endloop
  endfacet
  facet normal -0 0 1
    outer loop
      vertex 16.8911 -2.46922 3
      vertex 17.2725 -8.62236 3
      vertex 17.2725 -2.37764 3
    endloop
  endfacet
  facet normal 0 0 1
    outer loop
      vertex 16.8911 -2.46922 3
      vertex 16.8911 -8.53078 3
      vertex 17.2725 -8.62236 3
    endloop
  endfacet
  facet normal -0 0 1
    outer loop
      vertex 16.5 -2.5 3
      vertex 16.8911 -8.53078 3
      vertex 16.8911 -2.46922 3
    endloop
  endfacet
  facet normal 0 0 1
    outer loop
      vertex 16.5 -2.5 3
      vertex 16.5 -8.5 3
      vertex 16.8911 -8.53078 3
    endloop
  endfacet
  facet normal 0 0 1
    outer loop
      vertex 16.1089 -2.46922 3
      vertex 16.5 -8.5 3
      vertex 16.5 -2.5 3
    endloop
  endfacet
  facet normal 0 0 1
    outer loop
      vertex 16.1089 -2.46922 3
      vertex 16.1089 -8.53078 3
      vertex 16.5 -8.5 3
    endloop
  endfacet
  facet normal 0 0 1
    outer loop
      vertex 15.7275 -2.37764 3
      vertex 16.1089 -8.53078 3
      vertex 16.1089 -2.46922 3
    endloop
  endfacet
  facet normal 0 0 1
    outer loop
      vertex 15.7275 -2.37764 3
      vertex 15.7275 -8.62236 3
      vertex 16.1089 -8.53078 3
    endloop
  endfacet
  facet normal 0 0 1
    outer loop
      vertex 15.365 -2.22752 3
      vertex 15.7275 -8.62236 3
      vertex 15.7275 -2.37764 3
    endloop
  endfacet
  facet normal 0 0 1
    outer loop
      vertex 15.365 -2.22752 3
      vertex 15.365 -8.77248 3
      vertex 15.7275 -8.62236 3
    endloop
  endfacet
  facet normal 0 0 1
    outer loop
      vertex 15.0305 -2.02254 3
      vertex 15.365 -8.77248 3
      vertex 15.365 -2.22752 3
    endloop
  endfacet
  facet normal 0 0 1
    outer loop
      vertex 15.0305 -2.02254 3
      vertex 15.0305 -8.97746 3
      vertex 15.365 -8.77248 3
    endloop
  endfacet
  facet normal 0 0 1
    outer loop
      vertex 14.7322 -1.76777 3
      vertex 15.0305 -8.97746 3
      vertex 15.0305 -2.02254 3
    endloop
  endfacet
  facet normal 0 0 1
    outer loop
      vertex 14.7322 -1.76777 3
      vertex 14.7322 -9.23223 3
      vertex 15.0305 -8.97746 3
    endloop
  endfacet
  facet normal 0 0 1
    outer loop
      vertex 14.1224 -0.772542 3
      vertex 7.87764 -0.772542 3
      vertex 14.2725 -1.13498 3
    endloop
  endfacet
  facet normal 0 0 1
    outer loop
      vertex 7.72752 -1.13498 3
      vertex 14.2725 -1.13498 3
      vertex 7.87764 -0.772542 3
    endloop
  endfacet
  facet normal 0 0 1
    outer loop
      vertex 7.87764 -0.772542 3
      vertex 14.1224 -0.772542 3
      vertex 7.96922 -0.391086 3
    endloop
  endfacet
  facet normal 0 0 1
    outer loop
      vertex 14.2725 -1.13498 3
      vertex 7.72752 -1.13498 3
      vertex 14.4775 -1.46946 3
    endloop
  endfacet
  facet normal 0 0 1
    outer loop
      vertex 14.0308 -0.391086 3
      vertex 7.96922 -0.391086 3
      vertex 14.1224 -0.772542 3
    endloop
  endfacet
  facet normal 0 0 1
    outer loop
      vertex 14.7322 -9.23223 3
      vertex 8 -11 3
      vertex 14.4775 -9.53054 3
    endloop
  endfacet
  facet normal 0 0 1
    outer loop
      vertex 7.96922 -0.391086 3
      vertex 14.0308 -0.391086 3
      vertex 8 0 3
    endloop
  endfacet
  facet normal 0 0 1
    outer loop
      vertex 14.4775 -9.53054 3
      vertex 8 -11 3
      vertex 14.2725 -9.86502 3
    endloop
  endfacet
  facet normal -0 0 1
    outer loop
      vertex 8 0 3
      vertex 14.0308 -0.391086 3
      vertex 14 0 3
    endloop
  endfacet
  facet normal 0 0 1
    outer loop
      vertex 14.2725 -9.86502 3
      vertex 8 -11 3
      vertex 14.1224 -10.2275 3
    endloop
  endfacet
  facet normal 0 0 1
    outer loop
      vertex 18.5225 9.53054 3
      vertex 25.4775 9.53054 3
      vertex 18.7275 9.86502 3
    endloop
  endfacet
  facet normal 0 0 1
    outer loop
      vertex 25.7322 1.76777 3
      vertex 18.9692 0.391086 3
      vertex 19 0 3
    endloop
  endfacet
  facet normal 0 0 1
    outer loop
      vertex 25.4775 9.53054 3
      vertex 18.5225 9.53054 3
      vertex 25.7322 9.23223 3
    endloop
  endfacet
  facet normal 0 0 1
    outer loop
      vertex 25.7322 1.76777 3
      vertex 18.8776 0.772542 3
      vertex 18.9692 0.391086 3
    endloop
  endfacet
  facet normal 0 0 1
    outer loop
      vertex 18.2678 9.23223 3
      vertex 25.7322 9.23223 3
      vertex 18.5225 9.53054 3
    endloop
  endfacet
  facet normal 0 0 1
    outer loop
      vertex 25.7322 1.76777 3
      vertex 18.7275 1.13498 3
      vertex 18.8776 0.772542 3
    endloop
  endfacet
  facet normal 0 0 1
    outer loop
      vertex 25.7322 9.23223 3
      vertex 18.2678 9.23223 3
      vertex 25.7322 1.76777 3
    endloop
  endfacet
  facet normal 0 0 1
    outer loop
      vertex 25.7322 1.76777 3
      vertex 18.5225 1.46946 3
      vertex 18.7275 1.13498 3
    endloop
  endfacet
  facet normal 0 0 1
    outer loop
      vertex 18.2678 1.76777 3
      vertex 25.7322 1.76777 3
      vertex 18.2678 9.23223 3
    endloop
  endfacet
  facet normal 0 0 1
    outer loop
      vertex 25.7322 1.76777 3
      vertex 18.2678 1.76777 3
      vertex 18.5225 1.46946 3
    endloop
  endfacet
  facet normal -0 0 1
    outer loop
      vertex 17.9695 8.97746 3
      vertex 18.2678 1.76777 3
      vertex 18.2678 9.23223 3
    endloop
  endfacet
  facet normal 0 0 1
    outer loop
      vertex 17.9695 8.97746 3
      vertex 17.9695 2.02254 3
      vertex 18.2678 1.76777 3
    endloop
  endfacet
  facet normal -0 0 1
    outer loop
      vertex 17.635 8.77248 3
      vertex 17.9695 2.02254 3
      vertex 17.9695 8.97746 3
    endloop
  endfacet
  facet normal 0 0 1
    outer loop
      vertex 17.635 8.77248 3
      vertex 17.635 2.22752 3
      vertex 17.9695 2.02254 3
    endloop
  endfacet
  facet normal -0 0 1
    outer loop
      vertex 17.2725 8.62236 3
      vertex 17.635 2.22752 3
      vertex 17.635 8.77248 3
    endloop
  endfacet
  facet normal 0 0 1
    outer loop
      vertex 17.2725 8.62236 3
      vertex 17.2725 2.37764 3
      vertex 17.635 2.22752 3
    endloop
  endfacet
  facet normal -0 0 1
    outer loop
      vertex 16.8911 8.53078 3
      vertex 17.2725 2.37764 3
      vertex 17.2725 8.62236 3
    endloop
  endfacet
  facet normal 0 0 1
    outer loop
      vertex 16.8911 8.53078 3
      vertex 16.8911 2.46922 3
      vertex 17.2725 2.37764 3
    endloop
  endfacet
  facet normal -0 0 1
    outer loop
      vertex 16.5 8.5 3
      vertex 16.8911 2.46922 3
      vertex 16.8911 8.53078 3
    endloop
  endfacet
  facet normal 0 0 1
    outer loop
      vertex 16.5 8.5 3
      vertex 16.5 2.5 3
      vertex 16.8911 2.46922 3
    endloop
  endfacet
  facet normal 0 0 1
    outer loop
      vertex 16.1089 8.53078 3
      vertex 16.5 2.5 3
      vertex 16.5 8.5 3
    endloop
  endfacet
  facet normal 0 0 1
    outer loop
      vertex 16.1089 8.53078 3
      vertex 16.1089 2.46922 3
      vertex 16.5 2.5 3
    endloop
  endfacet
  facet normal 0 0 1
    outer loop
      vertex 15.7275 8.62236 3
      vertex 16.1089 2.46922 3
      vertex 16.1089 8.53078 3
    endloop
  endfacet
  facet normal 0 0 1
    outer loop
      vertex 15.7275 8.62236 3
      vertex 15.7275 2.37764 3
      vertex 16.1089 2.46922 3
    endloop
  endfacet
  facet normal 0 0 1
    outer loop
      vertex 15.365 8.77248 3
      vertex 15.7275 2.37764 3
      vertex 15.7275 8.62236 3
    endloop
  endfacet
  facet normal 0 0 1
    outer loop
      vertex 15.365 8.77248 3
      vertex 15.365 2.22752 3
      vertex 15.7275 2.37764 3
    endloop
  endfacet
  facet normal 0 0 1
    outer loop
      vertex 15.0305 8.97746 3
      vertex 15.365 2.22752 3
      vertex 15.365 8.77248 3
    endloop
  endfacet
  facet normal 0 0 1
    outer loop
      vertex 15.0305 8.97746 3
      vertex 15.0305 2.02254 3
      vertex 15.365 2.22752 3
    endloop
  endfacet
  facet normal 0 0 1
    outer loop
      vertex 14.7322 9.23223 3
      vertex 15.0305 2.02254 3
      vertex 15.0305 8.97746 3
    endloop
  endfacet
  facet normal 0 0 1
    outer loop
      vertex 14.7322 9.23223 3
      vertex 14.7322 1.76777 3
      vertex 15.0305 2.02254 3
    endloop
  endfacet
  facet normal 0 0 1
    outer loop
      vertex 14.1224 10.2275 3
      vertex 7.87764 10.2275 3
      vertex 14.2725 9.86502 3
    endloop
  endfacet
  facet normal 0 0 1
    outer loop
      vertex 7.72752 9.86502 3
      vertex 14.2725 9.86502 3
      vertex 7.87764 10.2275 3
    endloop
  endfacet
  facet normal 0 0 1
    outer loop
      vertex 7.87764 10.2275 3
      vertex 14.1224 10.2275 3
      vertex 7.96922 10.6089 3
    endloop
  endfacet
  facet normal 0 0 1
    outer loop
      vertex 14.2725 9.86502 3
      vertex 7.72752 9.86502 3
      vertex 14.4775 9.53054 3
    endloop
  endfacet
  facet normal 0 0 1
    outer loop
      vertex 14.0308 10.6089 3
      vertex 7.96922 10.6089 3
      vertex 14.1224 10.2275 3
    endloop
  endfacet
  facet normal 0 0 1
    outer loop
      vertex 14.7322 1.76777 3
      vertex 8 0 3
      vertex 14.4775 1.46946 3
    endloop
  endfacet
  facet normal 0 0 1
    outer loop
      vertex 7.96922 10.6089 3
      vertex 14.0308 10.6089 3
      vertex 8 11 3
    endloop
  endfacet
  facet normal 0 0 1
    outer loop
      vertex 14.4775 1.46946 3
      vertex 8 0 3
      vertex 14.2725 1.13498 3
    endloop
  endfacet
  facet normal -0 0 1
    outer loop
      vertex 8 11 3
      vertex 14.0308 10.6089 3
      vertex 14 11 3
    endloop
  endfacet
  facet normal 0 0 1
    outer loop
      vertex 14.2725 1.13498 3
      vertex 8 0 3
      vertex 14.1224 0.772542 3
    endloop
  endfacet
  facet normal 0 0 1
    outer loop
      vertex 29.5225 -1.46946 3
      vertex 36.4775 -1.46946 3
      vertex 29.7275 -1.13498 3
    endloop
  endfacet
  facet normal 0 0 1
    outer loop
      vertex 36.7322 -9.23223 3
      vertex 29.9692 -10.6089 3
      vertex 30 -11 3
    endloop
  endfacet
  facet normal 0 0 1
    outer loop
      vertex 36.4775 -1.46946 3
      vertex 29.5225 -1.46946 3
      vertex 36.7322 -1.76777 3
    endloop
  endfacet
  facet normal 0 0 1
    outer loop
      vertex 36.7322 -9.23223 3
      vertex 29.8776 -10.2275 3
      vertex 29.9692 -10.6089 3
    endloop
  endfacet
  facet normal 0 0 1
    outer loop
      vertex 29.2678 -1.76777 3
      vertex 36.7322 -1.76777 3
      vertex 29.5225 -1.46946 3
    endloop
  endfacet
  facet normal 0 0 1
    outer loop
      vertex 36.7322 -9.23223 3
      vertex 29.7275 -9.86502 3
      vertex 29.8776 -10.2275 3
    endloop
  endfacet
  facet normal 0 0 1
    outer loop
      vertex 36.7322 -1.76777 3
      vertex 29.2678 -1.76777 3
      vertex 36.7322 -9.23223 3
    endloop
  endfacet
  facet normal 0 0 1
    outer loop
      vertex 36.7322 -9.23223 3
      vertex 29.5225 -9.53054 3
      vertex 29.7275 -9.86502 3
    endloop
  endfacet
  facet normal 0 0 1
    outer loop
      vertex 29.2678 -9.23223 3
      vertex 36.7322 -9.23223 3
      vertex 29.2678 -1.76777 3
    endloop
  endfacet
  facet normal 0 0 1
    outer loop
      vertex 36.7322 -9.23223 3
      vertex 29.2678 -9.23223 3
      vertex 29.5225 -9.53054 3
    endloop
  endfacet
  facet normal -0 0 1
    outer loop
      vertex 28.9695 -2.02254 3
      vertex 29.2678 -9.23223 3
      vertex 29.2678 -1.76777 3
    endloop
  endfacet
  facet normal 0 0 1
    outer loop
      vertex 28.9695 -2.02254 3
      vertex 28.9695 -8.97746 3
      vertex 29.2678 -9.23223 3
    endloop
  endfacet
  facet normal -0 0 1
    outer loop
      vertex 28.635 -2.22752 3
      vertex 28.9695 -8.97746 3
      vertex 28.9695 -2.02254 3
    endloop
  endfacet
  facet normal 0 0 1
    outer loop
      vertex 28.635 -2.22752 3
      vertex 28.635 -8.77248 3
      vertex 28.9695 -8.97746 3
    endloop
  endfacet
  facet normal -0 0 1
    outer loop
      vertex 28.2725 -2.37764 3
      vertex 28.635 -8.77248 3
      vertex 28.635 -2.22752 3
    endloop
  endfacet
  facet normal 0 0 1
    outer loop
      vertex 28.2725 -2.37764 3
      vertex 28.2725 -8.62236 3
      vertex 28.635 -8.77248 3
    endloop
  endfacet
  facet normal -0 0 1
    outer loop
      vertex 27.8911 -2.46922 3
      vertex 28.2725 -8.62236 3
      vertex 28.2725 -2.37764 3
    endloop
  endfacet
  facet normal 0 0 1
    outer loop
      vertex 27.8911 -2.46922 3
      vertex 27.8911 -8.53078 3
      vertex 28.2725 -8.62236 3
    endloop
  endfacet
  facet normal -0 0 1
    outer loop
      vertex 27.5 -2.5 3
      vertex 27.8911 -8.53078 3
      vertex 27.8911 -2.46922 3
    endloop
  endfacet
  facet normal 0 0 1
    outer loop
      vertex 27.5 -2.5 3
      vertex 27.5 -8.5 3
      vertex 27.8911 -8.53078 3
    endloop
  endfacet
  facet normal 0 0 1
    outer loop
      vertex 27.1089 -2.46922 3
      vertex 27.5 -8.5 3
      vertex 27.5 -2.5 3
    endloop
  endfacet
  facet normal 0 0 1
    outer loop
      vertex 27.1089 -2.46922 3
      vertex 27.1089 -8.53078 3
      vertex 27.5 -8.5 3
    endloop
  endfacet
  facet normal 0 0 1
    outer loop
      vertex 26.7275 -2.37764 3
      vertex 27.1089 -8.53078 3
      vertex 27.1089 -2.46922 3
    endloop
  endfacet
  facet normal 0 0 1
    outer loop
      vertex 26.7275 -2.37764 3
      vertex 26.7275 -8.62236 3
      vertex 27.1089 -8.53078 3
    endloop
  endfacet
  facet normal 0 0 1
    outer loop
      vertex 26.365 -2.22752 3
      vertex 26.7275 -8.62236 3
      vertex 26.7275 -2.37764 3
    endloop
  endfacet
  facet normal 0 0 1
    outer loop
      vertex 26.365 -2.22752 3
      vertex 26.365 -8.77248 3
      vertex 26.7275 -8.62236 3
    endloop
  endfacet
  facet normal 0 0 1
    outer loop
      vertex 26.0305 -2.02254 3
      vertex 26.365 -8.77248 3
      vertex 26.365 -2.22752 3
    endloop
  endfacet
  facet normal 0 0 1
    outer loop
      vertex 26.0305 -2.02254 3
      vertex 26.0305 -8.97746 3
      vertex 26.365 -8.77248 3
    endloop
  endfacet
  facet normal 0 0 1
    outer loop
      vertex 25.7322 -1.76777 3
      vertex 26.0305 -8.97746 3
      vertex 26.0305 -2.02254 3
    endloop
  endfacet
  facet normal 0 0 1
    outer loop
      vertex 25.7322 -1.76777 3
      vertex 25.7322 -9.23223 3
      vertex 26.0305 -8.97746 3
    endloop
  endfacet
  facet normal 0 0 1
    outer loop
      vertex 25.1224 -0.772542 3
      vertex 18.8776 -0.772542 3
      vertex 25.2725 -1.13498 3
    endloop
  endfacet
  facet normal 0 0 1
    outer loop
      vertex 18.7275 -1.13498 3
      vertex 25.2725 -1.13498 3
      vertex 18.8776 -0.772542 3
    endloop
  endfacet
  facet normal 0 0 1
    outer loop
      vertex 18.8776 -0.772542 3
      vertex 25.1224 -0.772542 3
      vertex 18.9692 -0.391086 3
    endloop
  endfacet
  facet normal 0 0 1
    outer loop
      vertex 25.2725 -1.13498 3
      vertex 18.7275 -1.13498 3
      vertex 25.4775 -1.46946 3
    endloop
  endfacet
  facet normal 0 0 1
    outer loop
      vertex 25.0308 -0.391086 3
      vertex 18.9692 -0.391086 3
      vertex 25.1224 -0.772542 3
    endloop
  endfacet
  facet normal 0 0 1
    outer loop
      vertex 25.7322 -9.23223 3
      vertex 19 -11 3
      vertex 25.4775 -9.53054 3
    endloop
  endfacet
  facet normal 0 0 1
    outer loop
      vertex 18.9692 -0.391086 3
      vertex 25.0308 -0.391086 3
      vertex 19 0 3
    endloop
  endfacet
  facet normal 0 0 1
    outer loop
      vertex 25.4775 -9.53054 3
      vertex 19 -11 3
      vertex 25.2725 -9.86502 3
    endloop
  endfacet
  facet normal -0 0 1
    outer loop
      vertex 19 0 3
      vertex 25.0308 -0.391086 3
      vertex 25 0 3
    endloop
  endfacet
  facet normal 0 0 1
    outer loop
      vertex 25.2725 -9.86502 3
      vertex 19 -11 3
      vertex 25.1224 -10.2275 3
    endloop
  endfacet
  facet normal 0 0 1
    outer loop
      vertex 29.5225 9.53054 3
      vertex 36.4775 9.53054 3
      vertex 29.7275 9.86502 3
    endloop
  endfacet
  facet normal 0 0 1
    outer loop
      vertex 36.7322 1.76777 3
      vertex 29.9692 0.391086 3
      vertex 30 0 3
    endloop
  endfacet
  facet normal 0 0 1
    outer loop
      vertex 36.4775 9.53054 3
      vertex 29.5225 9.53054 3
      vertex 36.7322 9.23223 3
    endloop
  endfacet
  facet normal 0 0 1
    outer loop
      vertex 36.7322 1.76777 3
      vertex 29.8776 0.772542 3
      vertex 29.9692 0.391086 3
    endloop
  endfacet
  facet normal 0 0 1
    outer loop
      vertex 29.2678 9.23223 3
      vertex 36.7322 9.23223 3
      vertex 29.5225 9.53054 3
    endloop
  endfacet
  facet normal 0 0 1
    outer loop
      vertex 36.7322 1.76777 3
      vertex 29.7275 1.13498 3
      vertex 29.8776 0.772542 3
    endloop
  endfacet
  facet normal 0 0 1
    outer loop
      vertex 36.7322 9.23223 3
      vertex 29.2678 9.23223 3
      vertex 36.7322 1.76777 3
    endloop
  endfacet
  facet normal 0 0 1
    outer loop
      vertex 36.7322 1.76777 3
      vertex 29.5225 1.46946 3
      vertex 29.7275 1.13498 3
    endloop
  endfacet
  facet normal 0 0 1
    outer loop
      vertex 29.2678 1.76777 3
      vertex 36.7322 1.76777 3
      vertex 29.2678 9.23223 3
    endloop
  endfacet
  facet normal 0 0 1
    outer loop
      vertex 36.7322 1.76777 3
      vertex 29.2678 1.76777 3
      vertex 29.5225 1.46946 3
    endloop
  endfacet
  facet normal -0 0 1
    outer loop
      vertex 28.9695 8.97746 3
      vertex 29.2678 1.76777 3
      vertex 29.2678 9.23223 3
    endloop
  endfacet
  facet normal 0 0 1
    outer loop
      vertex 28.9695 8.97746 3
      vertex 28.9695 2.02254 3
      vertex 29.2678 1.76777 3
    endloop
  endfacet
  facet normal -0 0 1
    outer loop
      vertex 28.635 8.77248 3
      vertex 28.9695 2.02254 3
      vertex 28.9695 8.97746 3
    endloop
  endfacet
  facet normal 0 0 1
    outer loop
      vertex 28.635 8.77248 3
      vertex 28.635 2.22752 3
      vertex 28.9695 2.02254 3
    endloop
  endfacet
  facet normal -0 0 1
    outer loop
      vertex 28.2725 8.62236 3
      vertex 28.635 2.22752 3
      vertex 28.635 8.77248 3
    endloop
  endfacet
  facet normal 0 0 1
    outer loop
      vertex 28.2725 8.62236 3
      vertex 28.2725 2.37764 3
      vertex 28.635 2.22752 3
    endloop
  endfacet
  facet normal -0 0 1
    outer loop
      vertex 27.8911 8.53078 3
      vertex 28.2725 2.37764 3
      vertex 28.2725 8.62236 3
    endloop
  endfacet
  facet normal 0 0 1
    outer loop
      vertex 27.8911 8.53078 3
      vertex 27.8911 2.46922 3
      vertex 28.2725 2.37764 3
    endloop
  endfacet
  facet normal -0 0 1
    outer loop
      vertex 27.5 8.5 3
      vertex 27.8911 2.46922 3
      vertex 27.8911 8.53078 3
    endloop
  endfacet
  facet normal 0 0 1
    outer loop
      vertex 27.5 8.5 3
      vertex 27.5 2.5 3
      vertex 27.8911 2.46922 3
    endloop
  endfacet
  facet normal 0 0 1
    outer loop
      vertex 27.1089 8.53078 3
      vertex 27.5 2.5 3
      vertex 27.5 8.5 3
    endloop
  endfacet
  facet normal 0 0 1
    outer loop
      vertex 27.1089 8.53078 3
      vertex 27.1089 2.46922 3
      vertex 27.5 2.5 3
    endloop
  endfacet
  facet normal 0 0 1
    outer loop
      vertex 26.7275 8.62236 3
      vertex 27.1089 2.46922 3
      vertex 27.1089 8.53078 3
    endloop
  endfacet
  facet normal 0 0 1
    outer loop
      vertex 26.7275 8.62236 3
      vertex 26.7275 2.37764 3
      vertex 27.1089 2.46922 3
    endloop
  endfacet
  facet normal 0 0 1
    outer loop
      vertex 26.365 8.77248 3
      vertex 26.7275 2.37764 3
      vertex 26.7275 8.62236 3
    endloop
  endfacet
  facet normal 0 0 1
    outer loop
      vertex 26.365 8.77248 3
      vertex 26.365 2.22752 3
      vertex 26.7275 2.37764 3
    endloop
  endfacet
  facet normal 0 0 1
    outer loop
      vertex 26.0305 8.97746 3
      vertex 26.365 2.22752 3
      vertex 26.365 8.77248 3
    endloop
  endfacet
  facet normal 0 0 1
    outer loop
      vertex 26.0305 8.97746 3
      vertex 26.0305 2.02254 3
      vertex 26.365 2.22752 3
    endloop
  endfacet
  facet normal 0 0 1
    outer loop
      vertex 25.7322 9.23223 3
      vertex 26.0305 2.02254 3
      vertex 26.0305 8.97746 3
    endloop
  endfacet
  facet normal 0 0 1
    outer loop
      vertex 25.7322 9.23223 3
      vertex 25.7322 1.76777 3
      vertex 26.0305 2.02254 3
    endloop
  endfacet
  facet normal 0 0 1
    outer loop
      vertex 25.1224 10.2275 3
      vertex 18.8776 10.2275 3
      vertex 25.2725 9.86502 3
    endloop
  endfacet
  facet normal 0 0 1
    outer loop
      vertex 18.7275 9.86502 3
      vertex 25.2725 9.86502 3
      vertex 18.8776 10.2275 3
    endloop
  endfacet
  facet normal 0 0 1
    outer loop
      vertex 18.8776 10.2275 3
      vertex 25.1224 10.2275 3
      vertex 18.9692 10.6089 3
    endloop
  endfacet
  facet normal 0 0 1
    outer loop
      vertex 25.2725 9.86502 3
      vertex 18.7275 9.86502 3
      vertex 25.4775 9.53054 3
    endloop
  endfacet
  facet normal 0 0 1
    outer loop
      vertex 25.0308 10.6089 3
      vertex 18.9692 10.6089 3
      vertex 25.1224 10.2275 3
    endloop
  endfacet
  facet normal 0 0 1
    outer loop
      vertex 25.7322 1.76777 3
      vertex 19 0 3
      vertex 25.4775 1.46946 3
    endloop
  endfacet
  facet normal 0 0 1
    outer loop
      vertex 18.9692 10.6089 3
      vertex 25.0308 10.6089 3
      vertex 19 11 3
    endloop
  endfacet
  facet normal 0 0 1
    outer loop
      vertex 25.4775 1.46946 3
      vertex 19 0 3
      vertex 25.2725 1.13498 3
    endloop
  endfacet
  facet normal -0 0 1
    outer loop
      vertex 19 11 3
      vertex 25.0308 10.6089 3
      vertex 25 11 3
    endloop
  endfacet
  facet normal 0 0 1
    outer loop
      vertex 25.2725 1.13498 3
      vertex 19 0 3
      vertex 25.1224 0.772542 3
    endloop
  endfacet
  facet normal -0 0 1
    outer loop
      vertex 40.8776 -0.772542 3
      vertex 51.5 -22.5 3
      vertex 40.9692 -0.391086 3
    endloop
  endfacet
  facet normal 0 0 1
    outer loop
      vertex 51.5 -22.5 3
      vertex 40.9692 -10.6089 3
      vertex 41 -11 3
    endloop
  endfacet
  facet normal -0 0 1
    outer loop
      vertex 40.8776 -10.2275 3
      vertex 51.5 -22.5 3
      vertex 40.8776 -0.772542 3
    endloop
  endfacet
  facet normal 0 0 1
    outer loop
      vertex 51.5 -22.5 3
      vertex 40.8776 -10.2275 3
      vertex 40.9692 -10.6089 3
    endloop
  endfacet
  facet normal -0 0 1
    outer loop
      vertex 40.7275 -1.13498 3
      vertex 40.8776 -10.2275 3
      vertex 40.8776 -0.772542 3
    endloop
  endfacet
  facet normal 0 0 1
    outer loop
      vertex 40.7275 -1.13498 3
      vertex 40.7275 -9.86502 3
      vertex 40.8776 -10.2275 3
    endloop
  endfacet
  facet normal -0 0 1
    outer loop
      vertex 40.5225 -1.46946 3
      vertex 40.7275 -9.86502 3
      vertex 40.7275 -1.13498 3
    endloop
  endfacet
  facet normal 0 0 1
    outer loop
      vertex 40.5225 -1.46946 3
      vertex 40.5225 -9.53054 3
      vertex 40.7275 -9.86502 3
    endloop
  endfacet
  facet normal -0 0 1
    outer loop
      vertex 40.2678 -1.76777 3
      vertex 40.5225 -9.53054 3
      vertex 40.5225 -1.46946 3
    endloop
  endfacet
  facet normal 0 0 1
    outer loop
      vertex 40.2678 -1.76777 3
      vertex 40.2678 -9.23223 3
      vertex 40.5225 -9.53054 3
    endloop
  endfacet
  facet normal -0 0 1
    outer loop
      vertex 39.9695 -2.02254 3
      vertex 40.2678 -9.23223 3
      vertex 40.2678 -1.76777 3
    endloop
  endfacet
  facet normal 0 0 1
    outer loop
      vertex 39.9695 -2.02254 3
      vertex 39.9695 -8.97746 3
      vertex 40.2678 -9.23223 3
    endloop
  endfacet
  facet normal -0 0 1
    outer loop
      vertex 39.635 -2.22752 3
      vertex 39.9695 -8.97746 3
      vertex 39.9695 -2.02254 3
    endloop
  endfacet
  facet normal 0 0 1
    outer loop
      vertex 39.635 -2.22752 3
      vertex 39.635 -8.77248 3
      vertex 39.9695 -8.97746 3
    endloop
  endfacet
  facet normal -0 0 1
    outer loop
      vertex 39.2725 -2.37764 3
      vertex 39.635 -8.77248 3
      vertex 39.635 -2.22752 3
    endloop
  endfacet
  facet normal 0 0 1
    outer loop
      vertex 39.2725 -2.37764 3
      vertex 39.2725 -8.62236 3
      vertex 39.635 -8.77248 3
    endloop
  endfacet
  facet normal -0 0 1
    outer loop
      vertex 38.8911 -2.46922 3
      vertex 39.2725 -8.62236 3
      vertex 39.2725 -2.37764 3
    endloop
  endfacet
  facet normal 0 0 1
    outer loop
      vertex 38.8911 -2.46922 3
      vertex 38.8911 -8.53078 3
      vertex 39.2725 -8.62236 3
    endloop
  endfacet
  facet normal -0 0 1
    outer loop
      vertex 38.5 -2.5 3
      vertex 38.8911 -8.53078 3
      vertex 38.8911 -2.46922 3
    endloop
  endfacet
  facet normal 0 0 1
    outer loop
      vertex 38.5 -2.5 3
      vertex 38.5 -8.5 3
      vertex 38.8911 -8.53078 3
    endloop
  endfacet
  facet normal 0 0 1
    outer loop
      vertex 38.1089 -2.46922 3
      vertex 38.5 -8.5 3
      vertex 38.5 -2.5 3
    endloop
  endfacet
  facet normal 0 0 1
    outer loop
      vertex 38.1089 -2.46922 3
      vertex 38.1089 -8.53078 3
      vertex 38.5 -8.5 3
    endloop
  endfacet
  facet normal 0 0 1
    outer loop
      vertex 37.7275 -2.37764 3
      vertex 38.1089 -8.53078 3
      vertex 38.1089 -2.46922 3
    endloop
  endfacet
  facet normal 0 0 1
    outer loop
      vertex 37.7275 -2.37764 3
      vertex 37.7275 -8.62236 3
      vertex 38.1089 -8.53078 3
    endloop
  endfacet
  facet normal 0 0 1
    outer loop
      vertex 37.365 -2.22752 3
      vertex 37.7275 -8.62236 3
      vertex 37.7275 -2.37764 3
    endloop
  endfacet
  facet normal 0 0 1
    outer loop
      vertex 37.365 -2.22752 3
      vertex 37.365 -8.77248 3
      vertex 37.7275 -8.62236 3
    endloop
  endfacet
  facet normal 0 0 1
    outer loop
      vertex 37.0305 -2.02254 3
      vertex 37.365 -8.77248 3
      vertex 37.365 -2.22752 3
    endloop
  endfacet
  facet normal 0 0 1
    outer loop
      vertex 37.0305 -2.02254 3
      vertex 37.0305 -8.97746 3
      vertex 37.365 -8.77248 3
    endloop
  endfacet
  facet normal 0 0 1
    outer loop
      vertex 36.7322 -1.76777 3
      vertex 37.0305 -8.97746 3
      vertex 37.0305 -2.02254 3
    endloop
  endfacet
  facet normal 0 0 1
    outer loop
      vertex 36.7322 -1.76777 3
      vertex 36.7322 -9.23223 3
      vertex 37.0305 -8.97746 3
    endloop
  endfacet
  facet normal 0 0 1
    outer loop
      vertex 36.1224 -0.772542 3
      vertex 29.8776 -0.772542 3
      vertex 36.2725 -1.13498 3
    endloop
  endfacet
  facet normal 0 0 1
    outer loop
      vertex 29.7275 -1.13498 3
      vertex 36.2725 -1.13498 3
      vertex 29.8776 -0.772542 3
    endloop
  endfacet
  facet normal 0 0 1
    outer loop
      vertex 29.8776 -0.772542 3
      vertex 36.1224 -0.772542 3
      vertex 29.9692 -0.391086 3
    endloop
  endfacet
  facet normal 0 0 1
    outer loop
      vertex 36.2725 -1.13498 3
      vertex 29.7275 -1.13498 3
      vertex 36.4775 -1.46946 3
    endloop
  endfacet
  facet normal 0 0 1
    outer loop
      vertex 36.0308 -0.391086 3
      vertex 29.9692 -0.391086 3
      vertex 36.1224 -0.772542 3
    endloop
  endfacet
  facet normal 0 0 1
    outer loop
      vertex 36.7322 -9.23223 3
      vertex 30 -11 3
      vertex 36.4775 -9.53054 3
    endloop
  endfacet
  facet normal 0 0 1
    outer loop
      vertex 29.9692 -0.391086 3
      vertex 36.0308 -0.391086 3
      vertex 30 0 3
    endloop
  endfacet
  facet normal 0 0 1
    outer loop
      vertex 36.4775 -9.53054 3
      vertex 30 -11 3
      vertex 36.2725 -9.86502 3
    endloop
  endfacet
  facet normal -0 0 1
    outer loop
      vertex 30 0 3
      vertex 36.0308 -0.391086 3
      vertex 36 0 3
    endloop
  endfacet
  facet normal 0 0 1
    outer loop
      vertex 36.2725 -9.86502 3
      vertex 30 -11 3
      vertex 36.1224 -10.2275 3
    endloop
  endfacet
  facet normal 0 0 1
    outer loop
      vertex 40.8776 10.2275 3
      vertex 51.5 22.5 3
      vertex 40.9692 10.6089 3
    endloop
  endfacet
  facet normal 0 0 1
    outer loop
      vertex 51.5 22.5 3
      vertex 40.9692 0.391086 3
      vertex 41 0 3
    endloop
  endfacet
  facet normal 0 0 1
    outer loop
      vertex 40.8776 0.772542 3
      vertex 51.5 22.5 3
      vertex 40.8776 10.2275 3
    endloop
  endfacet
  facet normal 0 0 1
    outer loop
      vertex 51.5 22.5 3
      vertex 40.8776 0.772542 3
      vertex 40.9692 0.391086 3
    endloop
  endfacet
  facet normal -0 0 1
    outer loop
      vertex 40.7275 9.86502 3
      vertex 40.8776 0.772542 3
      vertex 40.8776 10.2275 3
    endloop
  endfacet
  facet normal 0 0 1
    outer loop
      vertex 40.7275 9.86502 3
      vertex 40.7275 1.13498 3
      vertex 40.8776 0.772542 3
    endloop
  endfacet
  facet normal -0 0 1
    outer loop
      vertex 40.5225 9.53054 3
      vertex 40.7275 1.13498 3
      vertex 40.7275 9.86502 3
    endloop
  endfacet
  facet normal 0 0 1
    outer loop
      vertex 40.5225 9.53054 3
      vertex 40.5225 1.46946 3
      vertex 40.7275 1.13498 3
    endloop
  endfacet
  facet normal -0 0 1
    outer loop
      vertex 40.2678 9.23223 3
      vertex 40.5225 1.46946 3
      vertex 40.5225 9.53054 3
    endloop
  endfacet
  facet normal 0 0 1
    outer loop
      vertex 40.2678 9.23223 3
      vertex 40.2678 1.76777 3
      vertex 40.5225 1.46946 3
    endloop
  endfacet
  facet normal -0 0 1
    outer loop
      vertex 39.9695 8.97746 3
      vertex 40.2678 1.76777 3
      vertex 40.2678 9.23223 3
    endloop
  endfacet
  facet normal 0 0 1
    outer loop
      vertex 39.9695 8.97746 3
      vertex 39.9695 2.02254 3
      vertex 40.2678 1.76777 3
    endloop
  endfacet
  facet normal -0 0 1
    outer loop
      vertex 39.635 8.77248 3
      vertex 39.9695 2.02254 3
      vertex 39.9695 8.97746 3
    endloop
  endfacet
  facet normal 0 0 1
    outer loop
      vertex 39.635 8.77248 3
      vertex 39.635 2.22752 3
      vertex 39.9695 2.02254 3
    endloop
  endfacet
  facet normal -0 0 1
    outer loop
      vertex 39.2725 8.62236 3
      vertex 39.635 2.22752 3
      vertex 39.635 8.77248 3
    endloop
  endfacet
  facet normal 0 0 1
    outer loop
      vertex 39.2725 8.62236 3
      vertex 39.2725 2.37764 3
      vertex 39.635 2.22752 3
    endloop
  endfacet
  facet normal -0 0 1
    outer loop
      vertex 38.8911 8.53078 3
      vertex 39.2725 2.37764 3
      vertex 39.2725 8.62236 3
    endloop
  endfacet
  facet normal 0 0 1
    outer loop
      vertex 38.8911 8.53078 3
      vertex 38.8911 2.46922 3
      vertex 39.2725 2.37764 3
    endloop
  endfacet
  facet normal -0 0 1
    outer loop
      vertex 38.5 8.5 3
      vertex 38.8911 2.46922 3
      vertex 38.8911 8.53078 3
    endloop
  endfacet
  facet normal 0 0 1
    outer loop
      vertex 38.5 8.5 3
      vertex 38.5 2.5 3
      vertex 38.8911 2.46922 3
    endloop
  endfacet
  facet normal 0 0 1
    outer loop
      vertex 38.1089 8.53078 3
      vertex 38.5 2.5 3
      vertex 38.5 8.5 3
    endloop
  endfacet
  facet normal 0 0 1
    outer loop
      vertex 38.1089 8.53078 3
      vertex 38.1089 2.46922 3
      vertex 38.5 2.5 3
    endloop
  endfacet
  facet normal 0 0 1
    outer loop
      vertex 37.7275 8.62236 3
      vertex 38.1089 2.46922 3
      vertex 38.1089 8.53078 3
    endloop
  endfacet
  facet normal 0 0 1
    outer loop
      vertex 37.7275 8.62236 3
      vertex 37.7275 2.37764 3
      vertex 38.1089 2.46922 3
    endloop
  endfacet
  facet normal 0 0 1
    outer loop
      vertex 37.365 8.77248 3
      vertex 37.7275 2.37764 3
      vertex 37.7275 8.62236 3
    endloop
  endfacet
  facet normal 0 0 1
    outer loop
      vertex 37.365 8.77248 3
      vertex 37.365 2.22752 3
      vertex 37.7275 2.37764 3
    endloop
  endfacet
  facet normal 0 0 1
    outer loop
      vertex 37.0305 8.97746 3
      vertex 37.365 2.22752 3
      vertex 37.365 8.77248 3
    endloop
  endfacet
  facet normal 0 0 1
    outer loop
      vertex 37.0305 8.97746 3
      vertex 37.0305 2.02254 3
      vertex 37.365 2.22752 3
    endloop
  endfacet
  facet normal 0 0 1
    outer loop
      vertex 36.7322 9.23223 3
      vertex 37.0305 2.02254 3
      vertex 37.0305 8.97746 3
    endloop
  endfacet
  facet normal 0 0 1
    outer loop
      vertex 36.7322 9.23223 3
      vertex 36.7322 1.76777 3
      vertex 37.0305 2.02254 3
    endloop
  endfacet
  facet normal 0 0 1
    outer loop
      vertex 36.1224 10.2275 3
      vertex 29.8776 10.2275 3
      vertex 36.2725 9.86502 3
    endloop
  endfacet
  facet normal 0 0 1
    outer loop
      vertex 29.7275 9.86502 3
      vertex 36.2725 9.86502 3
      vertex 29.8776 10.2275 3
    endloop
  endfacet
  facet normal 0 0 1
    outer loop
      vertex 29.8776 10.2275 3
      vertex 36.1224 10.2275 3
      vertex 29.9692 10.6089 3
    endloop
  endfacet
  facet normal 0 0 1
    outer loop
      vertex 36.2725 9.86502 3
      vertex 29.7275 9.86502 3
      vertex 36.4775 9.53054 3
    endloop
  endfacet
  facet normal 0 0 1
    outer loop
      vertex 36.0308 10.6089 3
      vertex 29.9692 10.6089 3
      vertex 36.1224 10.2275 3
    endloop
  endfacet
  facet normal 0 0 1
    outer loop
      vertex 36.7322 1.76777 3
      vertex 30 0 3
      vertex 36.4775 1.46946 3
    endloop
  endfacet
  facet normal 0 0 1
    outer loop
      vertex 29.9692 10.6089 3
      vertex 36.0308 10.6089 3
      vertex 30 11 3
    endloop
  endfacet
  facet normal 0 0 1
    outer loop
      vertex 36.4775 1.46946 3
      vertex 30 0 3
      vertex 36.2725 1.13498 3
    endloop
  endfacet
  facet normal -0 0 1
    outer loop
      vertex 30 11 3
      vertex 36.0308 10.6089 3
      vertex 36 11 3
    endloop
  endfacet
  facet normal 0 0 1
    outer loop
      vertex 36.2725 1.13498 3
      vertex 30 0 3
      vertex 36.1224 0.772542 3
    endloop
  endfacet
  facet normal 0 0 1
    outer loop
      vertex 50 24 3
      vertex 51.5 22.5 3
      vertex 51.4815 22.7346 3
    endloop
  endfacet
  facet normal 0 0 1
    outer loop
      vertex 51.5 22.5 3
      vertex 41 0 3
      vertex 51.5 -22.5 3
    endloop
  endfacet
  facet normal 0 0 1
    outer loop
      vertex 50 24 3
      vertex 51.4815 22.7346 3
      vertex 51.4266 22.9635 3
    endloop
  endfacet
  facet normal -0 0 1
    outer loop
      vertex 40.9692 -0.391086 3
      vertex 51.5 -22.5 3
      vertex 41 0 3
    endloop
  endfacet
  facet normal 0 0 1
    outer loop
      vertex 50 24 3
      vertex 51.4266 22.9635 3
      vertex 51.3365 23.181 3
    endloop
  endfacet
  facet normal -0 0 1
    outer loop
      vertex 40.9692 -11.3911 3
      vertex 51.5 -22.5 3
      vertex 41 -11 3
    endloop
  endfacet
  facet normal 0 0 1
    outer loop
      vertex 50 24 3
      vertex 51.3365 23.181 3
      vertex 51.2135 23.3817 3
    endloop
  endfacet
  facet normal -0 0 1
    outer loop
      vertex 40.8776 -11.7725 3
      vertex 51.5 -22.5 3
      vertex 40.9692 -11.3911 3
    endloop
  endfacet
  facet normal 0 0 1
    outer loop
      vertex 50 24 3
      vertex 51.2135 23.3817 3
      vertex 51.0607 23.5607 3
    endloop
  endfacet
  facet normal -0 0 1
    outer loop
      vertex 40.7275 -12.135 3
      vertex 51.5 -22.5 3
      vertex 40.8776 -11.7725 3
    endloop
  endfacet
  facet normal 0 0 1
    outer loop
      vertex 50 24 3
      vertex 51.0607 23.5607 3
      vertex 50.8817 23.7135 3
    endloop
  endfacet
  facet normal -0 0 1
    outer loop
      vertex 40.5225 -12.4695 3
      vertex 51.5 -22.5 3
      vertex 40.7275 -12.135 3
    endloop
  endfacet
  facet normal 0 0 1
    outer loop
      vertex 50 24 3
      vertex 50.8817 23.7135 3
      vertex 50.681 23.8365 3
    endloop
  endfacet
  facet normal -0 0 1
    outer loop
      vertex 40.2678 -12.7678 3
      vertex 51.5 -22.5 3
      vertex 40.5225 -12.4695 3
    endloop
  endfacet
  facet normal 0 0 1
    outer loop
      vertex 50 24 3
      vertex 50.681 23.8365 3
      vertex 50.4635 23.9266 3
    endloop
  endfacet
  facet normal 0 -0 1
    outer loop
      vertex 50 -24 3
      vertex 51.5 -22.5 3
      vertex 40.2678 -12.7678 3
    endloop
  endfacet
  facet normal 0 0 1
    outer loop
      vertex 50 24 3
      vertex 50.4635 23.9266 3
      vertex 50.2346 23.9815 3
    endloop
  endfacet
  facet normal 0 0 1
    outer loop
      vertex 51.4815 -22.7346 3
      vertex 50 -24 3
      vertex 51.4266 -22.9635 3
    endloop
  endfacet
  facet normal 0 0 1
    outer loop
      vertex 51.5 22.5 3
      vertex 50 24 3
      vertex 40.2678 12.7678 3
    endloop
  endfacet
  facet normal 0 0 1
    outer loop
      vertex 51.4266 -22.9635 3
      vertex 50 -24 3
      vertex 51.3365 -23.181 3
    endloop
  endfacet
  facet normal 0 0 1
    outer loop
      vertex 40.9692 10.6089 3
      vertex 51.5 22.5 3
      vertex 41 11 3
    endloop
  endfacet
  facet normal 0 0 1
    outer loop
      vertex 51.5 22.5 3
      vertex 40.9692 11.3911 3
      vertex 41 11 3
    endloop
  endfacet
  facet normal 0 0 1
    outer loop
      vertex 51.5 22.5 3
      vertex 40.8776 11.7725 3
      vertex 40.9692 11.3911 3
    endloop
  endfacet
  facet normal 0 0 1
    outer loop
      vertex 51.5 22.5 3
      vertex 40.7275 12.135 3
      vertex 40.8776 11.7725 3
    endloop
  endfacet
  facet normal 0 0 1
    outer loop
      vertex 51.5 22.5 3
      vertex 40.5225 12.4695 3
      vertex 40.7275 12.135 3
    endloop
  endfacet
  facet normal 0 0 1
    outer loop
      vertex 51.5 22.5 3
      vertex 40.2678 12.7678 3
      vertex 40.5225 12.4695 3
    endloop
  endfacet
  facet normal 0 0 1
    outer loop
      vertex 50 24 3
      vertex 39.9695 13.0225 3
      vertex 40.2678 12.7678 3
    endloop
  endfacet
  facet normal 0 0 1
    outer loop
      vertex 50 24 3
      vertex 39.635 13.2275 3
      vertex 39.9695 13.0225 3
    endloop
  endfacet
  facet normal 0 0 1
    outer loop
      vertex 50 24 3
      vertex 39.2725 13.3776 3
      vertex 39.635 13.2275 3
    endloop
  endfacet
  facet normal 0 0 1
    outer loop
      vertex 50 24 3
      vertex 38.8911 13.4692 3
      vertex 39.2725 13.3776 3
    endloop
  endfacet
  facet normal 0 0 1
    outer loop
      vertex 50 24 3
      vertex 38.5 13.5 3
      vertex 38.8911 13.4692 3
    endloop
  endfacet
  facet normal 0 0 1
    outer loop
      vertex 50 24 3
      vertex 38.1089 13.4692 3
      vertex 38.5 13.5 3
    endloop
  endfacet
  facet normal 0 0 1
    outer loop
      vertex 50 24 3
      vertex 37.7275 13.3776 3
      vertex 38.1089 13.4692 3
    endloop
  endfacet
  facet normal 0 0 1
    outer loop
      vertex 28.2725 13.3776 3
      vertex 37.7275 13.3776 3
      vertex 50 24 3
    endloop
  endfacet
  facet normal 0 0 1
    outer loop
      vertex 37.7275 13.3776 3
      vertex 28.2725 13.3776 3
      vertex 37.365 13.2275 3
    endloop
  endfacet
  facet normal 0 0 1
    outer loop
      vertex 36.0308 0.391086 3
      vertex 30 0 3
      vertex 36 0 3
    endloop
  endfacet
  facet normal 0 0 1
    outer loop
      vertex 36.1224 0.772542 3
      vertex 30 0 3
      vertex 36.0308 0.391086 3
    endloop
  endfacet
  facet normal 0 0 1
    outer loop
      vertex 36.0308 11.3911 3
      vertex 30 11 3
      vertex 36 11 3
    endloop
  endfacet
  facet normal 0 0 1
    outer loop
      vertex 29.9692 11.3911 3
      vertex 36.0308 11.3911 3
      vertex 36.1224 11.7725 3
    endloop
  endfacet
  facet normal 0 0 1
    outer loop
      vertex 29.8776 11.7725 3
      vertex 36.1224 11.7725 3
      vertex 36.2725 12.135 3
    endloop
  endfacet
  facet normal 0 0 1
    outer loop
      vertex 29.7275 12.135 3
      vertex 36.2725 12.135 3
      vertex 36.4775 12.4695 3
    endloop
  endfacet
  facet normal 0 0 1
    outer loop
      vertex 29.5225 12.4695 3
      vertex 36.4775 12.4695 3
      vertex 36.7322 12.7678 3
    endloop
  endfacet
  facet normal 0 0 1
    outer loop
      vertex 29.2678 12.7678 3
      vertex 36.7322 12.7678 3
      vertex 37.0305 13.0225 3
    endloop
  endfacet
  facet normal 0 -0 1
    outer loop
      vertex 28.635 13.2275 3
      vertex 37.365 13.2275 3
      vertex 28.2725 13.3776 3
    endloop
  endfacet
  facet normal 0 0 1
    outer loop
      vertex 36.0308 11.3911 3
      vertex 29.9692 11.3911 3
      vertex 30 11 3
    endloop
  endfacet
  facet normal 0 0 1
    outer loop
      vertex 36.1224 11.7725 3
      vertex 29.8776 11.7725 3
      vertex 29.9692 11.3911 3
    endloop
  endfacet
  facet normal 0 0 1
    outer loop
      vertex 36.2725 12.135 3
      vertex 29.7275 12.135 3
      vertex 29.8776 11.7725 3
    endloop
  endfacet
  facet normal 0 0 1
    outer loop
      vertex 36.4775 12.4695 3
      vertex 29.5225 12.4695 3
      vertex 29.7275 12.135 3
    endloop
  endfacet
  facet normal 0 0 1
    outer loop
      vertex 36.7322 12.7678 3
      vertex 29.2678 12.7678 3
      vertex 29.5225 12.4695 3
    endloop
  endfacet
  facet normal 0 0 1
    outer loop
      vertex 37.0305 13.0225 3
      vertex 28.9695 13.0225 3
      vertex 29.2678 12.7678 3
    endloop
  endfacet
  facet normal 0 0 1
    outer loop
      vertex 37.0305 13.0225 3
      vertex 28.635 13.2275 3
      vertex 28.9695 13.0225 3
    endloop
  endfacet
  facet normal 0 0 1
    outer loop
      vertex 37.365 13.2275 3
      vertex 28.635 13.2275 3
      vertex 37.0305 13.0225 3
    endloop
  endfacet
  facet normal 0 0 1
    outer loop
      vertex 50 24 3
      vertex 27.8911 13.4692 3
      vertex 28.2725 13.3776 3
    endloop
  endfacet
  facet normal 0 0 1
    outer loop
      vertex 50 24 3
      vertex 27.5 13.5 3
      vertex 27.8911 13.4692 3
    endloop
  endfacet
  facet normal 0 0 1
    outer loop
      vertex 50 24 3
      vertex 27.1089 13.4692 3
      vertex 27.5 13.5 3
    endloop
  endfacet
  facet normal 0 0 1
    outer loop
      vertex 16.8911 13.4692 3
      vertex 27.1089 13.4692 3
      vertex 50 24 3
    endloop
  endfacet
  facet normal 0 0 1
    outer loop
      vertex 27.1089 13.4692 3
      vertex 16.8911 13.4692 3
      vertex 26.7275 13.3776 3
    endloop
  endfacet
  facet normal 0 0 1
    outer loop
      vertex 25.0308 0.391086 3
      vertex 19 0 3
      vertex 25 0 3
    endloop
  endfacet
  facet normal 0 0 1
    outer loop
      vertex 25.1224 0.772542 3
      vertex 19 0 3
      vertex 25.0308 0.391086 3
    endloop
  endfacet
  facet normal 0 0 1
    outer loop
      vertex 25.0308 11.3911 3
      vertex 19 11 3
      vertex 25 11 3
    endloop
  endfacet
  facet normal 0 0 1
    outer loop
      vertex 18.9692 11.3911 3
      vertex 25.0308 11.3911 3
      vertex 25.1224 11.7725 3
    endloop
  endfacet
  facet normal 0 0 1
    outer loop
      vertex 18.8776 11.7725 3
      vertex 25.1224 11.7725 3
      vertex 25.2725 12.135 3
    endloop
  endfacet
  facet normal 0 0 1
    outer loop
      vertex 18.7275 12.135 3
      vertex 25.2725 12.135 3
      vertex 25.4775 12.4695 3
    endloop
  endfacet
  facet normal 0 0 1
    outer loop
      vertex 18.5225 12.4695 3
      vertex 25.4775 12.4695 3
      vertex 25.7322 12.7678 3
    endloop
  endfacet
  facet normal 0 0 1
    outer loop
      vertex 18.2678 12.7678 3
      vertex 25.7322 12.7678 3
      vertex 26.0305 13.0225 3
    endloop
  endfacet
  facet normal 0 0 1
    outer loop
      vertex 17.9695 13.0225 3
      vertex 26.0305 13.0225 3
      vertex 26.365 13.2275 3
    endloop
  endfacet
  facet normal 0 -0 1
    outer loop
      vertex 17.2725 13.3776 3
      vertex 26.7275 13.3776 3
      vertex 16.8911 13.4692 3
    endloop
  endfacet
  facet normal 0 0 1
    outer loop
      vertex 25.0308 11.3911 3
      vertex 18.9692 11.3911 3
      vertex 19 11 3
    endloop
  endfacet
  facet normal 0 0 1
    outer loop
      vertex 25.1224 11.7725 3
      vertex 18.8776 11.7725 3
      vertex 18.9692 11.3911 3
    endloop
  endfacet
  facet normal 0 0 1
    outer loop
      vertex 25.2725 12.135 3
      vertex 18.7275 12.135 3
      vertex 18.8776 11.7725 3
    endloop
  endfacet
  facet normal 0 0 1
    outer loop
      vertex 25.4775 12.4695 3
      vertex 18.5225 12.4695 3
      vertex 18.7275 12.135 3
    endloop
  endfacet
  facet normal 0 0 1
    outer loop
      vertex 25.7322 12.7678 3
      vertex 18.2678 12.7678 3
      vertex 18.5225 12.4695 3
    endloop
  endfacet
  facet normal 0 0 1
    outer loop
      vertex 26.0305 13.0225 3
      vertex 17.9695 13.0225 3
      vertex 18.2678 12.7678 3
    endloop
  endfacet
  facet normal 0 0 1
    outer loop
      vertex 26.365 13.2275 3
      vertex 17.635 13.2275 3
      vertex 17.9695 13.0225 3
    endloop
  endfacet
  facet normal 0 0 1
    outer loop
      vertex 26.365 13.2275 3
      vertex 17.2725 13.3776 3
      vertex 17.635 13.2275 3
    endloop
  endfacet
  facet normal 0 0 1
    outer loop
      vertex 26.7275 13.3776 3
      vertex 17.2725 13.3776 3
      vertex 26.365 13.2275 3
    endloop
  endfacet
  facet normal 0 0 1
    outer loop
      vertex 50 24 3
      vertex 16.5 13.5 3
      vertex 16.8911 13.4692 3
    endloop
  endfacet
  facet normal 0 0 1
    outer loop
      vertex 50 24 3
      vertex 16.1089 13.4692 3
      vertex 16.5 13.5 3
    endloop
  endfacet
  facet normal 0 0 1
    outer loop
      vertex 5.89109 13.4692 3
      vertex 16.1089 13.4692 3
      vertex 50 24 3
    endloop
  endfacet
  facet normal 0 0 1
    outer loop
      vertex 14.0308 0.391086 3
      vertex 8 0 3
      vertex 14 0 3
    endloop
  endfacet
  facet normal 0 0 1
    outer loop
      vertex 14.1224 0.772542 3
      vertex 8 0 3
      vertex 14.0308 0.391086 3
    endloop
  endfacet
  facet normal 0 0 1
    outer loop
      vertex 14.0308 11.3911 3
      vertex 8 11 3
      vertex 14 11 3
    endloop
  endfacet
  facet normal 0 0 1
    outer loop
      vertex 7.96922 11.3911 3
      vertex 14.0308 11.3911 3
      vertex 14.1224 11.7725 3
    endloop
  endfacet
  facet normal 0 0 1
    outer loop
      vertex 7.87764 11.7725 3
      vertex 14.1224 11.7725 3
      vertex 14.2725 12.135 3
    endloop
  endfacet
  facet normal 0 0 1
    outer loop
      vertex 7.72752 12.135 3
      vertex 14.2725 12.135 3
      vertex 14.4775 12.4695 3
    endloop
  endfacet
  facet normal 0 0 1
    outer loop
      vertex 7.52254 12.4695 3
      vertex 14.4775 12.4695 3
      vertex 14.7322 12.7678 3
    endloop
  endfacet
  facet normal 0 0 1
    outer loop
      vertex 7.26777 12.7678 3
      vertex 14.7322 12.7678 3
      vertex 15.0305 13.0225 3
    endloop
  endfacet
  facet normal 0 0 1
    outer loop
      vertex 6.96946 13.0225 3
      vertex 15.0305 13.0225 3
      vertex 15.365 13.2275 3
    endloop
  endfacet
  facet normal 0 0 1
    outer loop
      vertex 6.63498 13.2275 3
      vertex 15.365 13.2275 3
      vertex 15.7275 13.3776 3
    endloop
  endfacet
  facet normal 0 0 1
    outer loop
      vertex 16.1089 13.4692 3
      vertex 5.89109 13.4692 3
      vertex 15.7275 13.3776 3
    endloop
  endfacet
  facet normal 0 0 1
    outer loop
      vertex 14.0308 11.3911 3
      vertex 7.96922 11.3911 3
      vertex 8 11 3
    endloop
  endfacet
  facet normal 0 0 1
    outer loop
      vertex 14.1224 11.7725 3
      vertex 7.87764 11.7725 3
      vertex 7.96922 11.3911 3
    endloop
  endfacet
  facet normal 0 0 1
    outer loop
      vertex 14.2725 12.135 3
      vertex 7.72752 12.135 3
      vertex 7.87764 11.7725 3
    endloop
  endfacet
  facet normal 0 0 1
    outer loop
      vertex 14.4775 12.4695 3
      vertex 7.52254 12.4695 3
      vertex 7.72752 12.135 3
    endloop
  endfacet
  facet normal 0 0 1
    outer loop
      vertex 14.7322 12.7678 3
      vertex 7.26777 12.7678 3
      vertex 7.52254 12.4695 3
    endloop
  endfacet
  facet normal 0 0 1
    outer loop
      vertex 15.0305 13.0225 3
      vertex 6.96946 13.0225 3
      vertex 7.26777 12.7678 3
    endloop
  endfacet
  facet normal 0 0 1
    outer loop
      vertex 15.365 13.2275 3
      vertex 6.63498 13.2275 3
      vertex 6.96946 13.0225 3
    endloop
  endfacet
  facet normal 0 0 1
    outer loop
      vertex 15.7275 13.3776 3
      vertex 6.27254 13.3776 3
      vertex 6.63498 13.2275 3
    endloop
  endfacet
  facet normal 0 0 1
    outer loop
      vertex 15.7275 13.3776 3
      vertex 5.89109 13.4692 3
      vertex 6.27254 13.3776 3
    endloop
  endfacet
  facet normal 0 0 1
    outer loop
      vertex 50 24 3
      vertex 5.5 13.5 3
      vertex 5.89109 13.4692 3
    endloop
  endfacet
  facet normal 0 0 1
    outer loop
      vertex -5.5 13.5 3
      vertex 5.5 13.5 3
      vertex 50 24 3
    endloop
  endfacet
  facet normal 0 0 1
    outer loop
      vertex 3.03078 0.391086 3
      vertex -3 0 3
      vertex 3 0 3
    endloop
  endfacet
  facet normal 0 0 1
    outer loop
      vertex 3.12236 0.772542 3
      vertex -3 0 3
      vertex 3.03078 0.391086 3
    endloop
  endfacet
  facet normal 0 0 1
    outer loop
      vertex 3.03078 11.3911 3
      vertex -3 11 3
      vertex 3 11 3
    endloop
  endfacet
  facet normal 0 0 1
    outer loop
      vertex -3.03078 11.3911 3
      vertex 3.03078 11.3911 3
      vertex 3.12236 11.7725 3
    endloop
  endfacet
  facet normal 0 0 1
    outer loop
      vertex -3.12236 11.7725 3
      vertex 3.12236 11.7725 3
      vertex 3.27248 12.135 3
    endloop
  endfacet
  facet normal 0 0 1
    outer loop
      vertex -3.27248 12.135 3
      vertex 3.27248 12.135 3
      vertex 3.47746 12.4695 3
    endloop
  endfacet
  facet normal 0 0 1
    outer loop
      vertex -3.47746 12.4695 3
      vertex 3.47746 12.4695 3
      vertex 3.73223 12.7678 3
    endloop
  endfacet
  facet normal 0 0 1
    outer loop
      vertex -3.73223 12.7678 3
      vertex 3.73223 12.7678 3
      vertex 4.03054 13.0225 3
    endloop
  endfacet
  facet normal 0 0 1
    outer loop
      vertex -4.03054 13.0225 3
      vertex 4.03054 13.0225 3
      vertex 4.36502 13.2275 3
    endloop
  endfacet
  facet normal 0 0 1
    outer loop
      vertex -4.36502 13.2275 3
      vertex 4.36502 13.2275 3
      vertex 4.72746 13.3776 3
    endloop
  endfacet
  facet normal 0 0 1
    outer loop
      vertex 3.03078 11.3911 3
      vertex -3.03078 11.3911 3
      vertex -3 11 3
    endloop
  endfacet
  facet normal 0 0 1
    outer loop
      vertex 3.12236 11.7725 3
      vertex -3.12236 11.7725 3
      vertex -3.03078 11.3911 3
    endloop
  endfacet
  facet normal 0 0 1
    outer loop
      vertex -4.72746 13.3776 3
      vertex 4.72746 13.3776 3
      vertex 5.10891 13.4692 3
    endloop
  endfacet
  facet normal 0 0 1
    outer loop
      vertex 5.5 13.5 3
      vertex -5.5 13.5 3
      vertex 5.10891 13.4692 3
    endloop
  endfacet
  facet normal 0 0 1
    outer loop
      vertex 3.27248 12.135 3
      vertex -3.27248 12.135 3
      vertex -3.12236 11.7725 3
    endloop
  endfacet
  facet normal 0 0 1
    outer loop
      vertex 3.47746 12.4695 3
      vertex -3.47746 12.4695 3
      vertex -3.27248 12.135 3
    endloop
  endfacet
  facet normal 0 0 1
    outer loop
      vertex 3.73223 12.7678 3
      vertex -3.73223 12.7678 3
      vertex -3.47746 12.4695 3
    endloop
  endfacet
  facet normal 0 0 1
    outer loop
      vertex 4.03054 13.0225 3
      vertex -4.03054 13.0225 3
      vertex -3.73223 12.7678 3
    endloop
  endfacet
  facet normal 0 0 1
    outer loop
      vertex 4.36502 13.2275 3
      vertex -4.36502 13.2275 3
      vertex -4.03054 13.0225 3
    endloop
  endfacet
  facet normal 0 0 1
    outer loop
      vertex 4.72746 13.3776 3
      vertex -4.72746 13.3776 3
      vertex -4.36502 13.2275 3
    endloop
  endfacet
  facet normal 0 0 1
    outer loop
      vertex 5.10891 13.4692 3
      vertex -5.10891 13.4692 3
      vertex -4.72746 13.3776 3
    endloop
  endfacet
  facet normal 0 0 1
    outer loop
      vertex 5.10891 13.4692 3
      vertex -5.5 13.5 3
      vertex -5.10891 13.4692 3
    endloop
  endfacet
  facet normal -0 0 1
    outer loop
      vertex -50 24 3
      vertex -5.5 13.5 3
      vertex 50 24 3
    endloop
  endfacet
  facet normal 0 0 1
    outer loop
      vertex -7.96922 0.391086 3
      vertex -14 0 3
      vertex -8 0 3
    endloop
  endfacet
  facet normal 0 0 1
    outer loop
      vertex -7.87764 0.772542 3
      vertex -14 0 3
      vertex -7.96922 0.391086 3
    endloop
  endfacet
  facet normal 0 0 1
    outer loop
      vertex -7.96922 11.3911 3
      vertex -14 11 3
      vertex -8 11 3
    endloop
  endfacet
  facet normal 0 0 1
    outer loop
      vertex -14.0308 11.3911 3
      vertex -7.96922 11.3911 3
      vertex -7.87764 11.7725 3
    endloop
  endfacet
  facet normal 0 0 1
    outer loop
      vertex -14.1224 11.7725 3
      vertex -7.87764 11.7725 3
      vertex -7.72752 12.135 3
    endloop
  endfacet
  facet normal 0 0 1
    outer loop
      vertex -14.2725 12.135 3
      vertex -7.72752 12.135 3
      vertex -7.52254 12.4695 3
    endloop
  endfacet
  facet normal 0 0 1
    outer loop
      vertex -14.4775 12.4695 3
      vertex -7.52254 12.4695 3
      vertex -7.26777 12.7678 3
    endloop
  endfacet
  facet normal 0 0 1
    outer loop
      vertex -14.7322 12.7678 3
      vertex -7.26777 12.7678 3
      vertex -6.96946 13.0225 3
    endloop
  endfacet
  facet normal 0 0 1
    outer loop
      vertex -15.0305 13.0225 3
      vertex -6.96946 13.0225 3
      vertex -6.63498 13.2275 3
    endloop
  endfacet
  facet normal 0 0 1
    outer loop
      vertex -15.365 13.2275 3
      vertex -6.63498 13.2275 3
      vertex -6.27254 13.3776 3
    endloop
  endfacet
  facet normal 0 0 1
    outer loop
      vertex -7.96922 11.3911 3
      vertex -14.0308 11.3911 3
      vertex -14 11 3
    endloop
  endfacet
  facet normal 0 0 1
    outer loop
      vertex -7.87764 11.7725 3
      vertex -14.1224 11.7725 3
      vertex -14.0308 11.3911 3
    endloop
  endfacet
  facet normal 0 0 1
    outer loop
      vertex -15.7275 13.3776 3
      vertex -6.27254 13.3776 3
      vertex -5.89109 13.4692 3
    endloop
  endfacet
  facet normal 0 0 1
    outer loop
      vertex -7.72752 12.135 3
      vertex -14.2725 12.135 3
      vertex -14.1224 11.7725 3
    endloop
  endfacet
  facet normal 0 0 1
    outer loop
      vertex -5.5 13.5 3
      vertex -50 24 3
      vertex -5.89109 13.4692 3
    endloop
  endfacet
  facet normal 0 0 1
    outer loop
      vertex -7.52254 12.4695 3
      vertex -14.4775 12.4695 3
      vertex -14.2725 12.135 3
    endloop
  endfacet
  facet normal 0 0 1
    outer loop
      vertex -7.26777 12.7678 3
      vertex -14.7322 12.7678 3
      vertex -14.4775 12.4695 3
    endloop
  endfacet
  facet normal 0 0 1
    outer loop
      vertex -6.96946 13.0225 3
      vertex -15.0305 13.0225 3
      vertex -14.7322 12.7678 3
    endloop
  endfacet
  facet normal 0 0 1
    outer loop
      vertex -6.63498 13.2275 3
      vertex -15.365 13.2275 3
      vertex -15.0305 13.0225 3
    endloop
  endfacet
  facet normal 0 0 1
    outer loop
      vertex -6.27254 13.3776 3
      vertex -15.7275 13.3776 3
      vertex -15.365 13.2275 3
    endloop
  endfacet
  facet normal 0 0 1
    outer loop
      vertex -5.89109 13.4692 3
      vertex -16.1089 13.4692 3
      vertex -15.7275 13.3776 3
    endloop
  endfacet
  facet normal 0 0 1
    outer loop
      vertex -5.89109 13.4692 3
      vertex -50 24 3
      vertex -16.1089 13.4692 3
    endloop
  endfacet
  facet normal 0 0 1
    outer loop
      vertex -16.1089 13.4692 3
      vertex -50 24 3
      vertex -16.5 13.5 3
    endloop
  endfacet
  facet normal 0 0 1
    outer loop
      vertex -18.9692 0.391086 3
      vertex -25 0 3
      vertex -19 0 3
    endloop
  endfacet
  facet normal 0 0 1
    outer loop
      vertex -18.8776 0.772542 3
      vertex -25 0 3
      vertex -18.9692 0.391086 3
    endloop
  endfacet
  facet normal 0 0 1
    outer loop
      vertex -18.9692 11.3911 3
      vertex -25 11 3
      vertex -19 11 3
    endloop
  endfacet
  facet normal 0 0 1
    outer loop
      vertex -25.0308 11.3911 3
      vertex -18.9692 11.3911 3
      vertex -18.8776 11.7725 3
    endloop
  endfacet
  facet normal 0 0 1
    outer loop
      vertex -25.1224 11.7725 3
      vertex -18.8776 11.7725 3
      vertex -18.7275 12.135 3
    endloop
  endfacet
  facet normal 0 0 1
    outer loop
      vertex -25.2725 12.135 3
      vertex -18.7275 12.135 3
      vertex -18.5225 12.4695 3
    endloop
  endfacet
  facet normal 0 0 1
    outer loop
      vertex -25.4775 12.4695 3
      vertex -18.5225 12.4695 3
      vertex -18.2678 12.7678 3
    endloop
  endfacet
  facet normal 0 0 1
    outer loop
      vertex -25.7322 12.7678 3
      vertex -18.2678 12.7678 3
      vertex -17.9695 13.0225 3
    endloop
  endfacet
  facet normal 0 0 1
    outer loop
      vertex -26.0305 13.0225 3
      vertex -17.9695 13.0225 3
      vertex -17.635 13.2275 3
    endloop
  endfacet
  facet normal 0 0 1
    outer loop
      vertex -26.365 13.2275 3
      vertex -17.635 13.2275 3
      vertex -17.2725 13.3776 3
    endloop
  endfacet
  facet normal 0 0 1
    outer loop
      vertex -18.9692 11.3911 3
      vertex -25.0308 11.3911 3
      vertex -25 11 3
    endloop
  endfacet
  facet normal 0 0 1
    outer loop
      vertex -18.8776 11.7725 3
      vertex -25.1224 11.7725 3
      vertex -25.0308 11.3911 3
    endloop
  endfacet
  facet normal 0 0 1
    outer loop
      vertex -26.7275 13.3776 3
      vertex -17.2725 13.3776 3
      vertex -16.8911 13.4692 3
    endloop
  endfacet
  facet normal 0 0 1
    outer loop
      vertex -18.7275 12.135 3
      vertex -25.2725 12.135 3
      vertex -25.1224 11.7725 3
    endloop
  endfacet
  facet normal 0 0 1
    outer loop
      vertex -18.5225 12.4695 3
      vertex -25.4775 12.4695 3
      vertex -25.2725 12.135 3
    endloop
  endfacet
  facet normal 0 0 1
    outer loop
      vertex -16.5 13.5 3
      vertex -50 24 3
      vertex -16.8911 13.4692 3
    endloop
  endfacet
  facet normal 0 0 1
    outer loop
      vertex -18.2678 12.7678 3
      vertex -25.7322 12.7678 3
      vertex -25.4775 12.4695 3
    endloop
  endfacet
  facet normal 0 0 1
    outer loop
      vertex -17.9695 13.0225 3
      vertex -26.0305 13.0225 3
      vertex -25.7322 12.7678 3
    endloop
  endfacet
  facet normal 0 0 1
    outer loop
      vertex -17.635 13.2275 3
      vertex -26.365 13.2275 3
      vertex -26.0305 13.0225 3
    endloop
  endfacet
  facet normal 0 0 1
    outer loop
      vertex -17.2725 13.3776 3
      vertex -26.7275 13.3776 3
      vertex -26.365 13.2275 3
    endloop
  endfacet
  facet normal 0 -0 1
    outer loop
      vertex -27.1089 13.4692 3
      vertex -16.8911 13.4692 3
      vertex -50 24 3
    endloop
  endfacet
  facet normal 0 0 1
    outer loop
      vertex -16.8911 13.4692 3
      vertex -27.1089 13.4692 3
      vertex -26.7275 13.3776 3
    endloop
  endfacet
  facet normal 0 0 1
    outer loop
      vertex -27.1089 13.4692 3
      vertex -50 24 3
      vertex -27.5 13.5 3
    endloop
  endfacet
  facet normal 0 0 1
    outer loop
      vertex -29.9692 0.391086 3
      vertex -36 0 3
      vertex -30 0 3
    endloop
  endfacet
  facet normal 0 0 1
    outer loop
      vertex -29.8776 0.772542 3
      vertex -36 0 3
      vertex -29.9692 0.391086 3
    endloop
  endfacet
  facet normal 0 0 1
    outer loop
      vertex -29.9692 11.3911 3
      vertex -36 11 3
      vertex -30 11 3
    endloop
  endfacet
  facet normal 0 0 1
    outer loop
      vertex -36.0308 11.3911 3
      vertex -29.9692 11.3911 3
      vertex -29.8776 11.7725 3
    endloop
  endfacet
  facet normal 0 0 1
    outer loop
      vertex -36.1224 11.7725 3
      vertex -29.8776 11.7725 3
      vertex -29.7275 12.135 3
    endloop
  endfacet
  facet normal 0 0 1
    outer loop
      vertex -36.2725 12.135 3
      vertex -29.7275 12.135 3
      vertex -29.5225 12.4695 3
    endloop
  endfacet
  facet normal 0 0 1
    outer loop
      vertex -36.4775 12.4695 3
      vertex -29.5225 12.4695 3
      vertex -29.2678 12.7678 3
    endloop
  endfacet
  facet normal 0 0 1
    outer loop
      vertex -36.7322 12.7678 3
      vertex -29.2678 12.7678 3
      vertex -28.9695 13.0225 3
    endloop
  endfacet
  facet normal 0 0 1
    outer loop
      vertex -37.0305 13.0225 3
      vertex -28.9695 13.0225 3
      vertex -28.635 13.2275 3
    endloop
  endfacet
  facet normal 0 0 1
    outer loop
      vertex -37.365 13.2275 3
      vertex -28.635 13.2275 3
      vertex -28.2725 13.3776 3
    endloop
  endfacet
  facet normal 0 0 1
    outer loop
      vertex -29.9692 11.3911 3
      vertex -36.0308 11.3911 3
      vertex -36 11 3
    endloop
  endfacet
  facet normal 0 0 1
    outer loop
      vertex -29.8776 11.7725 3
      vertex -36.1224 11.7725 3
      vertex -36.0308 11.3911 3
    endloop
  endfacet
  facet normal 0 0 1
    outer loop
      vertex -50 24 3
      vertex -28.2725 13.3776 3
      vertex -27.8911 13.4692 3
    endloop
  endfacet
  facet normal 0 0 1
    outer loop
      vertex -29.7275 12.135 3
      vertex -36.2725 12.135 3
      vertex -36.1224 11.7725 3
    endloop
  endfacet
  facet normal 0 0 1
    outer loop
      vertex -29.5225 12.4695 3
      vertex -36.4775 12.4695 3
      vertex -36.2725 12.135 3
    endloop
  endfacet
  facet normal 0 0 1
    outer loop
      vertex -27.5 13.5 3
      vertex -50 24 3
      vertex -27.8911 13.4692 3
    endloop
  endfacet
  facet normal 0 0 1
    outer loop
      vertex -29.2678 12.7678 3
      vertex -36.7322 12.7678 3
      vertex -36.4775 12.4695 3
    endloop
  endfacet
  facet normal 0 0 1
    outer loop
      vertex -28.9695 13.0225 3
      vertex -37.0305 13.0225 3
      vertex -36.7322 12.7678 3
    endloop
  endfacet
  facet normal 0 0 1
    outer loop
      vertex -28.2725 13.3776 3
      vertex -50 24 3
      vertex -37.7275 13.3776 3
    endloop
  endfacet
  facet normal 0 0 1
    outer loop
      vertex -28.635 13.2275 3
      vertex -37.365 13.2275 3
      vertex -37.0305 13.0225 3
    endloop
  endfacet
  facet normal 0 0 1
    outer loop
      vertex -28.2725 13.3776 3
      vertex -37.7275 13.3776 3
      vertex -37.365 13.2275 3
    endloop
  endfacet
  facet normal 0 0 1
    outer loop
      vertex -37.7275 13.3776 3
      vertex -50 24 3
      vertex -38.1089 13.4692 3
    endloop
  endfacet
  facet normal 0 0 1
    outer loop
      vertex -38.1089 13.4692 3
      vertex -50 24 3
      vertex -38.5 13.5 3
    endloop
  endfacet
  facet normal 0 0 1
    outer loop
      vertex -40.9692 0.391086 3
      vertex -51.5 22.5 3
      vertex -41 0 3
    endloop
  endfacet
  facet normal 0 0 1
    outer loop
      vertex -40.9692 11.3911 3
      vertex -51.5 22.5 3
      vertex -41 11 3
    endloop
  endfacet
  facet normal 0 0 1
    outer loop
      vertex -40.8776 11.7725 3
      vertex -51.5 22.5 3
      vertex -40.9692 11.3911 3
    endloop
  endfacet
  facet normal 0 0 1
    outer loop
      vertex -40.7275 12.135 3
      vertex -51.5 22.5 3
      vertex -40.8776 11.7725 3
    endloop
  endfacet
  facet normal 0 0 1
    outer loop
      vertex -40.5225 12.4695 3
      vertex -51.5 22.5 3
      vertex -40.7275 12.135 3
    endloop
  endfacet
  facet normal 0 0 1
    outer loop
      vertex -40.2678 12.7678 3
      vertex -51.5 22.5 3
      vertex -40.5225 12.4695 3
    endloop
  endfacet
  facet normal -0 0 1
    outer loop
      vertex -51.5 22.5 3
      vertex -40.2678 12.7678 3
      vertex -50 24 3
    endloop
  endfacet
  facet normal 0 0 1
    outer loop
      vertex -39.9695 13.0225 3
      vertex -50 24 3
      vertex -40.2678 12.7678 3
    endloop
  endfacet
  facet normal 0 0 1
    outer loop
      vertex -39.635 13.2275 3
      vertex -50 24 3
      vertex -39.9695 13.0225 3
    endloop
  endfacet
  facet normal 0 0 1
    outer loop
      vertex -39.2725 13.3776 3
      vertex -50 24 3
      vertex -39.635 13.2275 3
    endloop
  endfacet
  facet normal 0 0 1
    outer loop
      vertex -38.8911 13.4692 3
      vertex -50 24 3
      vertex -39.2725 13.3776 3
    endloop
  endfacet
  facet normal 0 0 1
    outer loop
      vertex -38.5 13.5 3
      vertex -50 24 3
      vertex -38.8911 13.4692 3
    endloop
  endfacet
  facet normal 0 0 1
    outer loop
      vertex 51.2135 -23.3817 3
      vertex 50 -24 3
      vertex 51.0607 -23.5607 3
    endloop
  endfacet
  facet normal 0 0 1
    outer loop
      vertex 51.0607 -23.5607 3
      vertex 50 -24 3
      vertex 50.8817 -23.7135 3
    endloop
  endfacet
  facet normal 0 0 1
    outer loop
      vertex 50.681 -23.8365 3
      vertex 50 -24 3
      vertex 50.4635 -23.9266 3
    endloop
  endfacet
  facet normal 0 0 1
    outer loop
      vertex 50.4635 -23.9266 3
      vertex 50 -24 3
      vertex 50.2346 -23.9815 3
    endloop
  endfacet
  facet normal 0 0 1
    outer loop
      vertex 50.8817 -23.7135 3
      vertex 50 -24 3
      vertex 50.681 -23.8365 3
    endloop
  endfacet
  facet normal 0 0 1
    outer loop
      vertex 51.3365 -23.181 3
      vertex 50 -24 3
      vertex 51.2135 -23.3817 3
    endloop
  endfacet
  facet normal 0 0 1
    outer loop
      vertex 51.5 -22.5 3
      vertex 50 -24 3
      vertex 51.4815 -22.7346 3
    endloop
  endfacet
  facet normal -0 0 1
    outer loop
      vertex 39.9695 -13.0225 3
      vertex 50 -24 3
      vertex 40.2678 -12.7678 3
    endloop
  endfacet
  facet normal -0 0 1
    outer loop
      vertex 39.635 -13.2275 3
      vertex 50 -24 3
      vertex 39.9695 -13.0225 3
    endloop
  endfacet
  facet normal -0 0 1
    outer loop
      vertex 39.2725 -13.3776 3
      vertex 50 -24 3
      vertex 39.635 -13.2275 3
    endloop
  endfacet
  facet normal -0 0 1
    outer loop
      vertex 38.8911 -13.4692 3
      vertex 50 -24 3
      vertex 39.2725 -13.3776 3
    endloop
  endfacet
  facet normal -0 0 1
    outer loop
      vertex 38.5 -13.5 3
      vertex 50 -24 3
      vertex 38.8911 -13.4692 3
    endloop
  endfacet
  facet normal 0 0 1
    outer loop
      vertex 38.1089 -13.4692 3
      vertex 50 -24 3
      vertex 38.5 -13.5 3
    endloop
  endfacet
  facet normal 0 0 1
    outer loop
      vertex 37.7275 -13.3776 3
      vertex 50 -24 3
      vertex 38.1089 -13.4692 3
    endloop
  endfacet
  facet normal 0 0 1
    outer loop
      vertex 28.2725 -13.3776 3
      vertex 37.7275 -13.3776 3
      vertex 37.365 -13.2275 3
    endloop
  endfacet
  facet normal 0 0 1
    outer loop
      vertex 28.635 -13.2275 3
      vertex 37.365 -13.2275 3
      vertex 37.0305 -13.0225 3
    endloop
  endfacet
  facet normal 0 0 1
    outer loop
      vertex 36.1224 -10.2275 3
      vertex 30 -11 3
      vertex 36.0308 -10.6089 3
    endloop
  endfacet
  facet normal 0 0 1
    outer loop
      vertex 36.0308 -10.6089 3
      vertex 30 -11 3
      vertex 36 -11 3
    endloop
  endfacet
  facet normal 0 0 1
    outer loop
      vertex 36 -11 3
      vertex 30 -11 3
      vertex 36.0308 -11.3911 3
    endloop
  endfacet
  facet normal 0 0 1
    outer loop
      vertex 29.9692 -11.3911 3
      vertex 36.0308 -11.3911 3
      vertex 30 -11 3
    endloop
  endfacet
  facet normal 0 0 1
    outer loop
      vertex 36.0308 -11.3911 3
      vertex 29.9692 -11.3911 3
      vertex 36.1224 -11.7725 3
    endloop
  endfacet
  facet normal 0 0 1
    outer loop
      vertex 29.8776 -11.7725 3
      vertex 36.1224 -11.7725 3
      vertex 29.9692 -11.3911 3
    endloop
  endfacet
  facet normal 0 0 1
    outer loop
      vertex 36.1224 -11.7725 3
      vertex 29.8776 -11.7725 3
      vertex 36.2725 -12.135 3
    endloop
  endfacet
  facet normal 0 0 1
    outer loop
      vertex 29.7275 -12.135 3
      vertex 36.2725 -12.135 3
      vertex 29.8776 -11.7725 3
    endloop
  endfacet
  facet normal 0 0 1
    outer loop
      vertex 36.2725 -12.135 3
      vertex 29.7275 -12.135 3
      vertex 36.4775 -12.4695 3
    endloop
  endfacet
  facet normal 0 0 1
    outer loop
      vertex 29.5225 -12.4695 3
      vertex 36.4775 -12.4695 3
      vertex 29.7275 -12.135 3
    endloop
  endfacet
  facet normal 0 0 1
    outer loop
      vertex 36.4775 -12.4695 3
      vertex 29.5225 -12.4695 3
      vertex 36.7322 -12.7678 3
    endloop
  endfacet
  facet normal 0 0 1
    outer loop
      vertex 29.2678 -12.7678 3
      vertex 36.7322 -12.7678 3
      vertex 29.5225 -12.4695 3
    endloop
  endfacet
  facet normal 0 0 1
    outer loop
      vertex 36.7322 -12.7678 3
      vertex 29.2678 -12.7678 3
      vertex 37.0305 -13.0225 3
    endloop
  endfacet
  facet normal 0 0 1
    outer loop
      vertex 28.9695 -13.0225 3
      vertex 37.0305 -13.0225 3
      vertex 29.2678 -12.7678 3
    endloop
  endfacet
  facet normal 0 0 1
    outer loop
      vertex 28.635 -13.2275 3
      vertex 37.0305 -13.0225 3
      vertex 28.9695 -13.0225 3
    endloop
  endfacet
  facet normal 0 0 1
    outer loop
      vertex 37.365 -13.2275 3
      vertex 28.635 -13.2275 3
      vertex 28.2725 -13.3776 3
    endloop
  endfacet
  facet normal 0 0 1
    outer loop
      vertex 37.7275 -13.3776 3
      vertex 28.2725 -13.3776 3
      vertex 50 -24 3
    endloop
  endfacet
  facet normal -0 0 1
    outer loop
      vertex 27.8911 -13.4692 3
      vertex 50 -24 3
      vertex 28.2725 -13.3776 3
    endloop
  endfacet
  facet normal -0 0 1
    outer loop
      vertex 27.5 -13.5 3
      vertex 50 -24 3
      vertex 27.8911 -13.4692 3
    endloop
  endfacet
  facet normal 0 0 1
    outer loop
      vertex 27.1089 -13.4692 3
      vertex 50 -24 3
      vertex 27.5 -13.5 3
    endloop
  endfacet
  facet normal 0 0 1
    outer loop
      vertex 16.8911 -13.4692 3
      vertex 27.1089 -13.4692 3
      vertex 26.7275 -13.3776 3
    endloop
  endfacet
  facet normal 0 0 1
    outer loop
      vertex 17.2725 -13.3776 3
      vertex 26.7275 -13.3776 3
      vertex 26.365 -13.2275 3
    endloop
  endfacet
  facet normal 0 0 1
    outer loop
      vertex 25.1224 -10.2275 3
      vertex 19 -11 3
      vertex 25.0308 -10.6089 3
    endloop
  endfacet
  facet normal 0 0 1
    outer loop
      vertex 25.0308 -10.6089 3
      vertex 19 -11 3
      vertex 25 -11 3
    endloop
  endfacet
  facet normal 0 0 1
    outer loop
      vertex 25 -11 3
      vertex 19 -11 3
      vertex 25.0308 -11.3911 3
    endloop
  endfacet
  facet normal 0 0 1
    outer loop
      vertex 18.9692 -11.3911 3
      vertex 25.0308 -11.3911 3
      vertex 19 -11 3
    endloop
  endfacet
  facet normal 0 0 1
    outer loop
      vertex 25.0308 -11.3911 3
      vertex 18.9692 -11.3911 3
      vertex 25.1224 -11.7725 3
    endloop
  endfacet
  facet normal 0 0 1
    outer loop
      vertex 18.8776 -11.7725 3
      vertex 25.1224 -11.7725 3
      vertex 18.9692 -11.3911 3
    endloop
  endfacet
  facet normal 0 0 1
    outer loop
      vertex 25.1224 -11.7725 3
      vertex 18.8776 -11.7725 3
      vertex 25.2725 -12.135 3
    endloop
  endfacet
  facet normal 0 0 1
    outer loop
      vertex 18.7275 -12.135 3
      vertex 25.2725 -12.135 3
      vertex 18.8776 -11.7725 3
    endloop
  endfacet
  facet normal 0 0 1
    outer loop
      vertex 25.2725 -12.135 3
      vertex 18.7275 -12.135 3
      vertex 25.4775 -12.4695 3
    endloop
  endfacet
  facet normal 0 0 1
    outer loop
      vertex 18.5225 -12.4695 3
      vertex 25.4775 -12.4695 3
      vertex 18.7275 -12.135 3
    endloop
  endfacet
  facet normal 0 0 1
    outer loop
      vertex 25.4775 -12.4695 3
      vertex 18.5225 -12.4695 3
      vertex 25.7322 -12.7678 3
    endloop
  endfacet
  facet normal 0 0 1
    outer loop
      vertex 18.2678 -12.7678 3
      vertex 25.7322 -12.7678 3
      vertex 18.5225 -12.4695 3
    endloop
  endfacet
  facet normal 0 0 1
    outer loop
      vertex 25.7322 -12.7678 3
      vertex 18.2678 -12.7678 3
      vertex 26.0305 -13.0225 3
    endloop
  endfacet
  facet normal 0 0 1
    outer loop
      vertex 17.9695 -13.0225 3
      vertex 26.0305 -13.0225 3
      vertex 18.2678 -12.7678 3
    endloop
  endfacet
  facet normal 0 0 1
    outer loop
      vertex 26.0305 -13.0225 3
      vertex 17.9695 -13.0225 3
      vertex 26.365 -13.2275 3
    endloop
  endfacet
  facet normal 0 0 1
    outer loop
      vertex 17.635 -13.2275 3
      vertex 26.365 -13.2275 3
      vertex 17.9695 -13.0225 3
    endloop
  endfacet
  facet normal 0 0 1
    outer loop
      vertex 17.2725 -13.3776 3
      vertex 26.365 -13.2275 3
      vertex 17.635 -13.2275 3
    endloop
  endfacet
  facet normal 0 0 1
    outer loop
      vertex 26.7275 -13.3776 3
      vertex 17.2725 -13.3776 3
      vertex 16.8911 -13.4692 3
    endloop
  endfacet
  facet normal 0 0 1
    outer loop
      vertex 27.1089 -13.4692 3
      vertex 16.8911 -13.4692 3
      vertex 50 -24 3
    endloop
  endfacet
  facet normal -0 0 1
    outer loop
      vertex 16.5 -13.5 3
      vertex 50 -24 3
      vertex 16.8911 -13.4692 3
    endloop
  endfacet
  facet normal 0 0 1
    outer loop
      vertex 16.1089 -13.4692 3
      vertex 50 -24 3
      vertex 16.5 -13.5 3
    endloop
  endfacet
  facet normal 0 0 1
    outer loop
      vertex 5.89109 -13.4692 3
      vertex 16.1089 -13.4692 3
      vertex 15.7275 -13.3776 3
    endloop
  endfacet
  facet normal 0 0 1
    outer loop
      vertex 14.1224 -10.2275 3
      vertex 8 -11 3
      vertex 14.0308 -10.6089 3
    endloop
  endfacet
  facet normal 0 0 1
    outer loop
      vertex 14.0308 -10.6089 3
      vertex 8 -11 3
      vertex 14 -11 3
    endloop
  endfacet
  facet normal 0 0 1
    outer loop
      vertex 14 -11 3
      vertex 8 -11 3
      vertex 14.0308 -11.3911 3
    endloop
  endfacet
  facet normal 0 0 1
    outer loop
      vertex 7.96922 -11.3911 3
      vertex 14.0308 -11.3911 3
      vertex 8 -11 3
    endloop
  endfacet
  facet normal 0 0 1
    outer loop
      vertex 14.0308 -11.3911 3
      vertex 7.96922 -11.3911 3
      vertex 14.1224 -11.7725 3
    endloop
  endfacet
  facet normal 0 0 1
    outer loop
      vertex 7.87764 -11.7725 3
      vertex 14.1224 -11.7725 3
      vertex 7.96922 -11.3911 3
    endloop
  endfacet
  facet normal 0 0 1
    outer loop
      vertex 14.1224 -11.7725 3
      vertex 7.87764 -11.7725 3
      vertex 14.2725 -12.135 3
    endloop
  endfacet
  facet normal 0 0 1
    outer loop
      vertex 7.72752 -12.135 3
      vertex 14.2725 -12.135 3
      vertex 7.87764 -11.7725 3
    endloop
  endfacet
  facet normal 0 0 1
    outer loop
      vertex 14.2725 -12.135 3
      vertex 7.72752 -12.135 3
      vertex 14.4775 -12.4695 3
    endloop
  endfacet
  facet normal 0 0 1
    outer loop
      vertex 7.52254 -12.4695 3
      vertex 14.4775 -12.4695 3
      vertex 7.72752 -12.135 3
    endloop
  endfacet
  facet normal 0 0 1
    outer loop
      vertex 14.4775 -12.4695 3
      vertex 7.52254 -12.4695 3
      vertex 14.7322 -12.7678 3
    endloop
  endfacet
  facet normal 0 0 1
    outer loop
      vertex 7.26777 -12.7678 3
      vertex 14.7322 -12.7678 3
      vertex 7.52254 -12.4695 3
    endloop
  endfacet
  facet normal 0 0 1
    outer loop
      vertex 14.7322 -12.7678 3
      vertex 7.26777 -12.7678 3
      vertex 15.0305 -13.0225 3
    endloop
  endfacet
  facet normal 0 0 1
    outer loop
      vertex 6.96946 -13.0225 3
      vertex 15.0305 -13.0225 3
      vertex 7.26777 -12.7678 3
    endloop
  endfacet
  facet normal 0 0 1
    outer loop
      vertex 15.0305 -13.0225 3
      vertex 6.96946 -13.0225 3
      vertex 15.365 -13.2275 3
    endloop
  endfacet
  facet normal 0 0 1
    outer loop
      vertex 6.63498 -13.2275 3
      vertex 15.365 -13.2275 3
      vertex 6.96946 -13.0225 3
    endloop
  endfacet
  facet normal 0 0 1
    outer loop
      vertex 15.365 -13.2275 3
      vertex 6.63498 -13.2275 3
      vertex 15.7275 -13.3776 3
    endloop
  endfacet
  facet normal 0 0 1
    outer loop
      vertex 6.27254 -13.3776 3
      vertex 15.7275 -13.3776 3
      vertex 6.63498 -13.2275 3
    endloop
  endfacet
  facet normal 0 0 1
    outer loop
      vertex 5.89109 -13.4692 3
      vertex 15.7275 -13.3776 3
      vertex 6.27254 -13.3776 3
    endloop
  endfacet
  facet normal 0 0 1
    outer loop
      vertex 16.1089 -13.4692 3
      vertex 5.89109 -13.4692 3
      vertex 50 -24 3
    endloop
  endfacet
  facet normal -0 0 1
    outer loop
      vertex 5.5 -13.5 3
      vertex 50 -24 3
      vertex 5.89109 -13.4692 3
    endloop
  endfacet
  facet normal 0 0 1
    outer loop
      vertex -5.5 -13.5 3
      vertex 5.5 -13.5 3
      vertex 5.10891 -13.4692 3
    endloop
  endfacet
  facet normal 0 0 1
    outer loop
      vertex 3.12236 -10.2275 3
      vertex -3 -11 3
      vertex 3.03078 -10.6089 3
    endloop
  endfacet
  facet normal 0 0 1
    outer loop
      vertex 3.03078 -10.6089 3
      vertex -3 -11 3
      vertex 3 -11 3
    endloop
  endfacet
  facet normal 0 0 1
    outer loop
      vertex 3 -11 3
      vertex -3 -11 3
      vertex 3.03078 -11.3911 3
    endloop
  endfacet
  facet normal 0 0 1
    outer loop
      vertex -3.03078 -11.3911 3
      vertex 3.03078 -11.3911 3
      vertex -3 -11 3
    endloop
  endfacet
  facet normal 0 0 1
    outer loop
      vertex 3.03078 -11.3911 3
      vertex -3.03078 -11.3911 3
      vertex 3.12236 -11.7725 3
    endloop
  endfacet
  facet normal 0 0 1
    outer loop
      vertex -3.12236 -11.7725 3
      vertex 3.12236 -11.7725 3
      vertex -3.03078 -11.3911 3
    endloop
  endfacet
  facet normal 0 0 1
    outer loop
      vertex 3.12236 -11.7725 3
      vertex -3.12236 -11.7725 3
      vertex 3.27248 -12.135 3
    endloop
  endfacet
  facet normal 0 0 1
    outer loop
      vertex -3.27248 -12.135 3
      vertex 3.27248 -12.135 3
      vertex -3.12236 -11.7725 3
    endloop
  endfacet
  facet normal 0 0 1
    outer loop
      vertex 3.27248 -12.135 3
      vertex -3.27248 -12.135 3
      vertex 3.47746 -12.4695 3
    endloop
  endfacet
  facet normal 0 0 1
    outer loop
      vertex -3.47746 -12.4695 3
      vertex 3.47746 -12.4695 3
      vertex -3.27248 -12.135 3
    endloop
  endfacet
  facet normal 0 0 1
    outer loop
      vertex 3.47746 -12.4695 3
      vertex -3.47746 -12.4695 3
      vertex 3.73223 -12.7678 3
    endloop
  endfacet
  facet normal 0 0 1
    outer loop
      vertex -3.73223 -12.7678 3
      vertex 3.73223 -12.7678 3
      vertex -3.47746 -12.4695 3
    endloop
  endfacet
  facet normal 0 0 1
    outer loop
      vertex 3.73223 -12.7678 3
      vertex -3.73223 -12.7678 3
      vertex 4.03054 -13.0225 3
    endloop
  endfacet
  facet normal 0 0 1
    outer loop
      vertex -4.03054 -13.0225 3
      vertex 4.03054 -13.0225 3
      vertex -3.73223 -12.7678 3
    endloop
  endfacet
  facet normal 0 0 1
    outer loop
      vertex 4.03054 -13.0225 3
      vertex -4.03054 -13.0225 3
      vertex 4.36502 -13.2275 3
    endloop
  endfacet
  facet normal 0 0 1
    outer loop
      vertex -4.36502 -13.2275 3
      vertex 4.36502 -13.2275 3
      vertex -4.03054 -13.0225 3
    endloop
  endfacet
  facet normal 0 0 1
    outer loop
      vertex 4.36502 -13.2275 3
      vertex -4.36502 -13.2275 3
      vertex 4.72746 -13.3776 3
    endloop
  endfacet
  facet normal 0 0 1
    outer loop
      vertex -4.72746 -13.3776 3
      vertex 4.72746 -13.3776 3
      vertex -4.36502 -13.2275 3
    endloop
  endfacet
  facet normal 0 0 1
    outer loop
      vertex 4.72746 -13.3776 3
      vertex -4.72746 -13.3776 3
      vertex 5.10891 -13.4692 3
    endloop
  endfacet
  facet normal 0 0 1
    outer loop
      vertex -5.10891 -13.4692 3
      vertex 5.10891 -13.4692 3
      vertex -4.72746 -13.3776 3
    endloop
  endfacet
  facet normal 0 0 1
    outer loop
      vertex -5.5 -13.5 3
      vertex 5.10891 -13.4692 3
      vertex -5.10891 -13.4692 3
    endloop
  endfacet
  facet normal 0 0 1
    outer loop
      vertex 5.5 -13.5 3
      vertex -5.5 -13.5 3
      vertex 50 -24 3
    endloop
  endfacet
  facet normal 0 0 1
    outer loop
      vertex -50 -24 3
      vertex -5.5 -13.5 3
      vertex -5.89109 -13.4692 3
    endloop
  endfacet
  facet normal 0 0 1
    outer loop
      vertex -7.87764 -10.2275 3
      vertex -14 -11 3
      vertex -7.96922 -10.6089 3
    endloop
  endfacet
  facet normal 0 0 1
    outer loop
      vertex -7.96922 -10.6089 3
      vertex -14 -11 3
      vertex -8 -11 3
    endloop
  endfacet
  facet normal 0 0 1
    outer loop
      vertex -8 -11 3
      vertex -14 -11 3
      vertex -7.96922 -11.3911 3
    endloop
  endfacet
  facet normal 0 0 1
    outer loop
      vertex -14.0308 -11.3911 3
      vertex -7.96922 -11.3911 3
      vertex -14 -11 3
    endloop
  endfacet
  facet normal 0 0 1
    outer loop
      vertex -7.96922 -11.3911 3
      vertex -14.0308 -11.3911 3
      vertex -7.87764 -11.7725 3
    endloop
  endfacet
  facet normal 0 0 1
    outer loop
      vertex -14.1224 -11.7725 3
      vertex -7.87764 -11.7725 3
      vertex -14.0308 -11.3911 3
    endloop
  endfacet
  facet normal 0 0 1
    outer loop
      vertex -7.87764 -11.7725 3
      vertex -14.1224 -11.7725 3
      vertex -7.72752 -12.135 3
    endloop
  endfacet
  facet normal 0 0 1
    outer loop
      vertex -14.2725 -12.135 3
      vertex -7.72752 -12.135 3
      vertex -14.1224 -11.7725 3
    endloop
  endfacet
  facet normal 0 0 1
    outer loop
      vertex -7.72752 -12.135 3
      vertex -14.2725 -12.135 3
      vertex -7.52254 -12.4695 3
    endloop
  endfacet
  facet normal 0 0 1
    outer loop
      vertex -14.4775 -12.4695 3
      vertex -7.52254 -12.4695 3
      vertex -14.2725 -12.135 3
    endloop
  endfacet
  facet normal 0 0 1
    outer loop
      vertex -7.52254 -12.4695 3
      vertex -14.4775 -12.4695 3
      vertex -7.26777 -12.7678 3
    endloop
  endfacet
  facet normal 0 0 1
    outer loop
      vertex -14.7322 -12.7678 3
      vertex -7.26777 -12.7678 3
      vertex -14.4775 -12.4695 3
    endloop
  endfacet
  facet normal 0 0 1
    outer loop
      vertex -7.26777 -12.7678 3
      vertex -14.7322 -12.7678 3
      vertex -6.96946 -13.0225 3
    endloop
  endfacet
  facet normal 0 0 1
    outer loop
      vertex -15.0305 -13.0225 3
      vertex -6.96946 -13.0225 3
      vertex -14.7322 -12.7678 3
    endloop
  endfacet
  facet normal 0 0 1
    outer loop
      vertex -6.96946 -13.0225 3
      vertex -15.0305 -13.0225 3
      vertex -6.63498 -13.2275 3
    endloop
  endfacet
  facet normal 0 0 1
    outer loop
      vertex -15.365 -13.2275 3
      vertex -6.63498 -13.2275 3
      vertex -15.0305 -13.0225 3
    endloop
  endfacet
  facet normal 0 0 1
    outer loop
      vertex -6.63498 -13.2275 3
      vertex -15.365 -13.2275 3
      vertex -6.27254 -13.3776 3
    endloop
  endfacet
  facet normal 0 0 1
    outer loop
      vertex -15.7275 -13.3776 3
      vertex -6.27254 -13.3776 3
      vertex -15.365 -13.2275 3
    endloop
  endfacet
  facet normal 0 0 1
    outer loop
      vertex -6.27254 -13.3776 3
      vertex -15.7275 -13.3776 3
      vertex -5.89109 -13.4692 3
    endloop
  endfacet
  facet normal 0 0 1
    outer loop
      vertex -16.1089 -13.4692 3
      vertex -5.89109 -13.4692 3
      vertex -15.7275 -13.3776 3
    endloop
  endfacet
  facet normal 0 0 1
    outer loop
      vertex -50 -24 3
      vertex -5.89109 -13.4692 3
      vertex -16.1089 -13.4692 3
    endloop
  endfacet
  facet normal 0 0 1
    outer loop
      vertex -50 -24 3
      vertex -16.1089 -13.4692 3
      vertex -16.5 -13.5 3
    endloop
  endfacet
  facet normal 0 0 1
    outer loop
      vertex -50 -24 3
      vertex -16.5 -13.5 3
      vertex -16.8911 -13.4692 3
    endloop
  endfacet
  facet normal 0 0 1
    outer loop
      vertex -18.8776 -10.2275 3
      vertex -25 -11 3
      vertex -18.9692 -10.6089 3
    endloop
  endfacet
  facet normal 0 0 1
    outer loop
      vertex -18.9692 -10.6089 3
      vertex -25 -11 3
      vertex -19 -11 3
    endloop
  endfacet
  facet normal 0 0 1
    outer loop
      vertex -19 -11 3
      vertex -25 -11 3
      vertex -18.9692 -11.3911 3
    endloop
  endfacet
  facet normal 0 0 1
    outer loop
      vertex -25.0308 -11.3911 3
      vertex -18.9692 -11.3911 3
      vertex -25 -11 3
    endloop
  endfacet
  facet normal 0 0 1
    outer loop
      vertex -18.9692 -11.3911 3
      vertex -25.0308 -11.3911 3
      vertex -18.8776 -11.7725 3
    endloop
  endfacet
  facet normal 0 0 1
    outer loop
      vertex -25.1224 -11.7725 3
      vertex -18.8776 -11.7725 3
      vertex -25.0308 -11.3911 3
    endloop
  endfacet
  facet normal 0 0 1
    outer loop
      vertex -18.8776 -11.7725 3
      vertex -25.1224 -11.7725 3
      vertex -18.7275 -12.135 3
    endloop
  endfacet
  facet normal 0 0 1
    outer loop
      vertex -25.2725 -12.135 3
      vertex -18.7275 -12.135 3
      vertex -25.1224 -11.7725 3
    endloop
  endfacet
  facet normal 0 0 1
    outer loop
      vertex -18.7275 -12.135 3
      vertex -25.2725 -12.135 3
      vertex -18.5225 -12.4695 3
    endloop
  endfacet
  facet normal 0 0 1
    outer loop
      vertex -25.4775 -12.4695 3
      vertex -18.5225 -12.4695 3
      vertex -25.2725 -12.135 3
    endloop
  endfacet
  facet normal 0 0 1
    outer loop
      vertex -18.5225 -12.4695 3
      vertex -25.4775 -12.4695 3
      vertex -18.2678 -12.7678 3
    endloop
  endfacet
  facet normal 0 0 1
    outer loop
      vertex -25.7322 -12.7678 3
      vertex -18.2678 -12.7678 3
      vertex -25.4775 -12.4695 3
    endloop
  endfacet
  facet normal 0 0 1
    outer loop
      vertex -18.2678 -12.7678 3
      vertex -25.7322 -12.7678 3
      vertex -17.9695 -13.0225 3
    endloop
  endfacet
  facet normal 0 0 1
    outer loop
      vertex -26.0305 -13.0225 3
      vertex -17.9695 -13.0225 3
      vertex -25.7322 -12.7678 3
    endloop
  endfacet
  facet normal 0 0 1
    outer loop
      vertex -17.9695 -13.0225 3
      vertex -26.0305 -13.0225 3
      vertex -17.635 -13.2275 3
    endloop
  endfacet
  facet normal 0 0 1
    outer loop
      vertex -26.365 -13.2275 3
      vertex -17.635 -13.2275 3
      vertex -26.0305 -13.0225 3
    endloop
  endfacet
  facet normal 0 0 1
    outer loop
      vertex -17.635 -13.2275 3
      vertex -26.365 -13.2275 3
      vertex -17.2725 -13.3776 3
    endloop
  endfacet
  facet normal 0 0 1
    outer loop
      vertex -26.7275 -13.3776 3
      vertex -17.2725 -13.3776 3
      vertex -26.365 -13.2275 3
    endloop
  endfacet
  facet normal 0 0 1
    outer loop
      vertex -17.2725 -13.3776 3
      vertex -26.7275 -13.3776 3
      vertex -16.8911 -13.4692 3
    endloop
  endfacet
  facet normal 0 0 1
    outer loop
      vertex -27.1089 -13.4692 3
      vertex -16.8911 -13.4692 3
      vertex -26.7275 -13.3776 3
    endloop
  endfacet
  facet normal 0 0 1
    outer loop
      vertex -16.8911 -13.4692 3
      vertex -27.1089 -13.4692 3
      vertex -50 -24 3
    endloop
  endfacet
  facet normal 0 0 1
    outer loop
      vertex -50 -24 3
      vertex -27.1089 -13.4692 3
      vertex -27.5 -13.5 3
    endloop
  endfacet
  facet normal 0 0 1
    outer loop
      vertex -50 -24 3
      vertex -27.5 -13.5 3
      vertex -27.8911 -13.4692 3
    endloop
  endfacet
  facet normal 0 0 1
    outer loop
      vertex -29.8776 -10.2275 3
      vertex -36 -11 3
      vertex -29.9692 -10.6089 3
    endloop
  endfacet
  facet normal 0 0 1
    outer loop
      vertex -29.9692 -10.6089 3
      vertex -36 -11 3
      vertex -30 -11 3
    endloop
  endfacet
  facet normal 0 0 1
    outer loop
      vertex -30 -11 3
      vertex -36 -11 3
      vertex -29.9692 -11.3911 3
    endloop
  endfacet
  facet normal 0 0 1
    outer loop
      vertex -36.0308 -11.3911 3
      vertex -29.9692 -11.3911 3
      vertex -36 -11 3
    endloop
  endfacet
  facet normal 0 0 1
    outer loop
      vertex -29.9692 -11.3911 3
      vertex -36.0308 -11.3911 3
      vertex -29.8776 -11.7725 3
    endloop
  endfacet
  facet normal 0 0 1
    outer loop
      vertex -36.1224 -11.7725 3
      vertex -29.8776 -11.7725 3
      vertex -36.0308 -11.3911 3
    endloop
  endfacet
  facet normal 0 0 1
    outer loop
      vertex -29.8776 -11.7725 3
      vertex -36.1224 -11.7725 3
      vertex -29.7275 -12.135 3
    endloop
  endfacet
  facet normal 0 0 1
    outer loop
      vertex -36.2725 -12.135 3
      vertex -29.7275 -12.135 3
      vertex -36.1224 -11.7725 3
    endloop
  endfacet
  facet normal 0 0 1
    outer loop
      vertex -29.7275 -12.135 3
      vertex -36.2725 -12.135 3
      vertex -29.5225 -12.4695 3
    endloop
  endfacet
  facet normal 0 0 1
    outer loop
      vertex -36.4775 -12.4695 3
      vertex -29.5225 -12.4695 3
      vertex -36.2725 -12.135 3
    endloop
  endfacet
  facet normal 0 0 1
    outer loop
      vertex -29.5225 -12.4695 3
      vertex -36.4775 -12.4695 3
      vertex -29.2678 -12.7678 3
    endloop
  endfacet
  facet normal 0 0 1
    outer loop
      vertex -36.7322 -12.7678 3
      vertex -29.2678 -12.7678 3
      vertex -36.4775 -12.4695 3
    endloop
  endfacet
  facet normal 0 0 1
    outer loop
      vertex -29.2678 -12.7678 3
      vertex -36.7322 -12.7678 3
      vertex -28.9695 -13.0225 3
    endloop
  endfacet
  facet normal 0 0 1
    outer loop
      vertex -37.0305 -13.0225 3
      vertex -28.9695 -13.0225 3
      vertex -36.7322 -12.7678 3
    endloop
  endfacet
  facet normal 0 0 1
    outer loop
      vertex -28.9695 -13.0225 3
      vertex -37.0305 -13.0225 3
      vertex -28.635 -13.2275 3
    endloop
  endfacet
  facet normal 0 0 1
    outer loop
      vertex -37.365 -13.2275 3
      vertex -28.635 -13.2275 3
      vertex -37.0305 -13.0225 3
    endloop
  endfacet
  facet normal 0 0 1
    outer loop
      vertex -28.635 -13.2275 3
      vertex -37.365 -13.2275 3
      vertex -28.2725 -13.3776 3
    endloop
  endfacet
  facet normal 0 0 1
    outer loop
      vertex -37.7275 -13.3776 3
      vertex -28.2725 -13.3776 3
      vertex -37.365 -13.2275 3
    endloop
  endfacet
  facet normal 0 0 1
    outer loop
      vertex -50 -24 3
      vertex -28.2725 -13.3776 3
      vertex -37.7275 -13.3776 3
    endloop
  endfacet
  facet normal 0 0 1
    outer loop
      vertex -28.2725 -13.3776 3
      vertex -50 -24 3
      vertex -27.8911 -13.4692 3
    endloop
  endfacet
  facet normal 0 0 1
    outer loop
      vertex -50 -24 3
      vertex -37.7275 -13.3776 3
      vertex -38.1089 -13.4692 3
    endloop
  endfacet
  facet normal 0 0 1
    outer loop
      vertex -50 -24 3
      vertex -38.1089 -13.4692 3
      vertex -38.5 -13.5 3
    endloop
  endfacet
  facet normal 0 0 1
    outer loop
      vertex -50 -24 3
      vertex -38.5 -13.5 3
      vertex -38.8911 -13.4692 3
    endloop
  endfacet
  facet normal 0 0 1
    outer loop
      vertex -51.5 -22.5 3
      vertex -41 0 3
      vertex -51.5 22.5 3
    endloop
  endfacet
  facet normal 0 0 1
    outer loop
      vertex -40.9692 -10.6089 3
      vertex -51.5 -22.5 3
      vertex -41 -11 3
    endloop
  endfacet
  facet normal 0 0 1
    outer loop
      vertex -5.5 -13.5 3
      vertex -50 -24 3
      vertex 50 -24 3
    endloop
  endfacet
  facet normal 0 0 1
    outer loop
      vertex -39.2725 -13.3776 3
      vertex -50 -24 3
      vertex -38.8911 -13.4692 3
    endloop
  endfacet
  facet normal 0 0 1
    outer loop
      vertex -39.635 -13.2275 3
      vertex -50 -24 3
      vertex -39.2725 -13.3776 3
    endloop
  endfacet
  facet normal 0 0 1
    outer loop
      vertex -39.9695 -13.0225 3
      vertex -50 -24 3
      vertex -39.635 -13.2275 3
    endloop
  endfacet
  facet normal 0 0 1
    outer loop
      vertex -40.2678 -12.7678 3
      vertex -50 -24 3
      vertex -39.9695 -13.0225 3
    endloop
  endfacet
  facet normal 0 0 1
    outer loop
      vertex -51.5 -22.5 3
      vertex -40.2678 -12.7678 3
      vertex -40.5225 -12.4695 3
    endloop
  endfacet
  facet normal 0 0 1
    outer loop
      vertex -51.5 -22.5 3
      vertex -40.5225 -12.4695 3
      vertex -40.7275 -12.135 3
    endloop
  endfacet
  facet normal 0 0 1
    outer loop
      vertex -51.5 -22.5 3
      vertex -40.7275 -12.135 3
      vertex -40.8776 -11.7725 3
    endloop
  endfacet
  facet normal 0 0 1
    outer loop
      vertex -41 -11 3
      vertex -51.5 -22.5 3
      vertex -40.9692 -11.3911 3
    endloop
  endfacet
  facet normal 0 0 1
    outer loop
      vertex -51.5 22.5 3
      vertex -50 24 3
      vertex -50.2346 23.9815 3
    endloop
  endfacet
  facet normal 0 0 1
    outer loop
      vertex -40.9692 -11.3911 3
      vertex -51.5 -22.5 3
      vertex -40.8776 -11.7725 3
    endloop
  endfacet
  facet normal 0 0 1
    outer loop
      vertex -51.5 22.5 3
      vertex -50.2346 23.9815 3
      vertex -50.4635 23.9266 3
    endloop
  endfacet
  facet normal 0 0 1
    outer loop
      vertex -40.2678 -12.7678 3
      vertex -51.5 -22.5 3
      vertex -50 -24 3
    endloop
  endfacet
  facet normal 0 0 1
    outer loop
      vertex -51.5 22.5 3
      vertex -50.4635 23.9266 3
      vertex -50.681 23.8365 3
    endloop
  endfacet
  facet normal 0 0 1
    outer loop
      vertex -50 -24 3
      vertex -51.5 -22.5 3
      vertex -50.2346 -23.9815 3
    endloop
  endfacet
  facet normal 0 0 1
    outer loop
      vertex -51.5 22.5 3
      vertex -50.681 23.8365 3
      vertex -50.8817 23.7135 3
    endloop
  endfacet
  facet normal 0 0 1
    outer loop
      vertex -50.2346 -23.9815 3
      vertex -51.5 -22.5 3
      vertex -50.4635 -23.9266 3
    endloop
  endfacet
  facet normal 0 0 1
    outer loop
      vertex -51.5 22.5 3
      vertex -50.8817 23.7135 3
      vertex -51.0607 23.5607 3
    endloop
  endfacet
  facet normal 0 0 1
    outer loop
      vertex -50.4635 -23.9266 3
      vertex -51.5 -22.5 3
      vertex -50.681 -23.8365 3
    endloop
  endfacet
  facet normal 0 0 1
    outer loop
      vertex -51.5 22.5 3
      vertex -51.0607 23.5607 3
      vertex -51.2135 23.3817 3
    endloop
  endfacet
  facet normal 0 0 1
    outer loop
      vertex -50.681 -23.8365 3
      vertex -51.5 -22.5 3
      vertex -50.8817 -23.7135 3
    endloop
  endfacet
  facet normal 0 0 1
    outer loop
      vertex -51.5 22.5 3
      vertex -51.2135 23.3817 3
      vertex -51.3365 23.181 3
    endloop
  endfacet
  facet normal 0 0 1
    outer loop
      vertex -50.8817 -23.7135 3
      vertex -51.5 -22.5 3
      vertex -51.0607 -23.5607 3
    endloop
  endfacet
  facet normal 0 0 1
    outer loop
      vertex -51.5 22.5 3
      vertex -51.3365 23.181 3
      vertex -51.4266 22.9635 3
    endloop
  endfacet
  facet normal 0 0 1
    outer loop
      vertex -51.0607 -23.5607 3
      vertex -51.5 -22.5 3
      vertex -51.2135 -23.3817 3
    endloop
  endfacet
  facet normal 0 0 1
    outer loop
      vertex -51.5 22.5 3
      vertex -51.4266 22.9635 3
      vertex -51.4815 22.7346 3
    endloop
  endfacet
  facet normal 0 0 1
    outer loop
      vertex -51.2135 -23.3817 3
      vertex -51.5 -22.5 3
      vertex -51.3365 -23.181 3
    endloop
  endfacet
  facet normal 0 0 1
    outer loop
      vertex -51.3365 -23.181 3
      vertex -51.5 -22.5 3
      vertex -51.4266 -22.9635 3
    endloop
  endfacet
  facet normal 0 0 1
    outer loop
      vertex -51.4266 -22.9635 3
      vertex -51.5 -22.5 3
      vertex -51.4815 -22.7346 3
    endloop
  endfacet
  facet normal -0.923867 0.382714 0
    outer loop
      vertex 51.3365 -23.181 3
      vertex 51.4266 -22.9635 19
      vertex 51.4266 -22.9635 3
    endloop
  endfacet
  facet normal -0.923867 0.382714 0
    outer loop
      vertex 51.4266 -22.9635 19
      vertex 51.3365 -23.181 3
      vertex 51.3365 -23.181 19
    endloop
  endfacet
  facet normal 0.64925 0.760575 -0
    outer loop
      vertex -50.8817 -23.7135 3
      vertex -51.0607 -23.5607 19
      vertex -50.8817 -23.7135 19
    endloop
  endfacet
  facet normal 0.64925 0.760575 0
    outer loop
      vertex -51.0607 -23.5607 19
      vertex -50.8817 -23.7135 3
      vertex -51.0607 -23.5607 3
    endloop
  endfacet
  facet normal 0.996905 0.0786136 0
    outer loop
      vertex -51.4815 -22.7346 19
      vertex -51.5 -22.5 3
      vertex -51.5 -22.5 19
    endloop
  endfacet
  facet normal 0.996905 0.0786136 0
    outer loop
      vertex -51.5 -22.5 3
      vertex -51.4815 -22.7346 19
      vertex -51.4815 -22.7346 3
    endloop
  endfacet
  facet normal 0.923867 -0.382714 0
    outer loop
      vertex -51.4266 22.9635 19
      vertex -51.3365 23.181 3
      vertex -51.3365 23.181 19
    endloop
  endfacet
  facet normal 0.923867 -0.382714 0
    outer loop
      vertex -51.3365 23.181 3
      vertex -51.4266 22.9635 19
      vertex -51.4266 22.9635 3
    endloop
  endfacet
  facet normal -0.64925 0.760575 0
    outer loop
      vertex 51.0607 -23.5607 3
      vertex 50.8817 -23.7135 19
      vertex 51.0607 -23.5607 19
    endloop
  endfacet
  facet normal -0.64925 0.760575 0
    outer loop
      vertex 50.8817 -23.7135 19
      vertex 51.0607 -23.5607 3
      vertex 50.8817 -23.7135 3
    endloop
  endfacet
  facet normal -0.0786136 -0.996905 0
    outer loop
      vertex 50 24 3
      vertex 50.2346 23.9815 19
      vertex 50 24 19
    endloop
  endfacet
  facet normal -0.0786136 -0.996905 -0
    outer loop
      vertex 50.2346 23.9815 19
      vertex 50 24 3
      vertex 50.2346 23.9815 3
    endloop
  endfacet
  facet normal -0.64925 -0.760575 0
    outer loop
      vertex 50.8817 23.7135 3
      vertex 51.0607 23.5607 19
      vertex 50.8817 23.7135 19
    endloop
  endfacet
  facet normal -0.64925 -0.760575 -0
    outer loop
      vertex 51.0607 23.5607 19
      vertex 50.8817 23.7135 3
      vertex 51.0607 23.5607 3
    endloop
  endfacet
  facet normal 0.923867 0.382714 0
    outer loop
      vertex -51.3365 -23.181 19
      vertex -51.4266 -22.9635 3
      vertex -51.4266 -22.9635 19
    endloop
  endfacet
  facet normal 0.923867 0.382714 0
    outer loop
      vertex -51.4266 -22.9635 3
      vertex -51.3365 -23.181 19
      vertex -51.3365 -23.181 3
    endloop
  endfacet
  facet normal 0.233228 0.972422 -0
    outer loop
      vertex -50.2346 -23.9815 3
      vertex -50.4635 -23.9266 19
      vertex -50.2346 -23.9815 19
    endloop
  endfacet
  facet normal 0.233228 0.972422 0
    outer loop
      vertex -50.4635 -23.9266 19
      vertex -50.2346 -23.9815 3
      vertex -50.4635 -23.9266 3
    endloop
  endfacet
  facet normal -0.923867 -0.382714 0
    outer loop
      vertex 51.4266 22.9635 3
      vertex 51.3365 23.181 19
      vertex 51.3365 23.181 3
    endloop
  endfacet
  facet normal -0.923867 -0.382714 0
    outer loop
      vertex 51.3365 23.181 19
      vertex 51.4266 22.9635 3
      vertex 51.4266 22.9635 19
    endloop
  endfacet
  facet normal 0.64925 -0.760575 0
    outer loop
      vertex -51.0607 23.5607 3
      vertex -50.8817 23.7135 19
      vertex -51.0607 23.5607 19
    endloop
  endfacet
  facet normal 0.64925 -0.760575 0
    outer loop
      vertex -50.8817 23.7135 19
      vertex -51.0607 23.5607 3
      vertex -50.8817 23.7135 3
    endloop
  endfacet
  facet normal -0.85262 0.522532 0
    outer loop
      vertex 51.2135 -23.3817 3
      vertex 51.3365 -23.181 19
      vertex 51.3365 -23.181 3
    endloop
  endfacet
  facet normal -0.85262 0.522532 0
    outer loop
      vertex 51.3365 -23.181 19
      vertex 51.2135 -23.3817 3
      vertex 51.2135 -23.3817 19
    endloop
  endfacet
  facet normal 0.996905 -0.0786136 0
    outer loop
      vertex -51.5 22.5 19
      vertex -51.4815 22.7346 3
      vertex -51.4815 22.7346 19
    endloop
  endfacet
  facet normal 0.996905 -0.0786136 0
    outer loop
      vertex -51.4815 22.7346 3
      vertex -51.5 22.5 19
      vertex -51.5 22.5 3
    endloop
  endfacet
  facet normal 0.760575 -0.64925 0
    outer loop
      vertex -51.2135 23.3817 19
      vertex -51.0607 23.5607 3
      vertex -51.0607 23.5607 19
    endloop
  endfacet
  facet normal 0.760575 -0.64925 0
    outer loop
      vertex -51.0607 23.5607 3
      vertex -51.2135 23.3817 19
      vertex -51.2135 23.3817 3
    endloop
  endfacet
  facet normal -1 0 0
    outer loop
      vertex 36.05 24.48 3
      vertex 36.05 27 19
      vertex 36.05 27 3
    endloop
  endfacet
  facet normal -1 -0 0
    outer loop
      vertex 36.05 27 19
      vertex 36.05 24.48 3
      vertex 36.05 24.48 19
    endloop
  endfacet
  facet normal -0 0 1
    outer loop
      vertex -36.05 27 3
      vertex 36.05 24.48 3
      vertex 36.05 27 3
    endloop
  endfacet
  facet normal 0 0 1
    outer loop
      vertex 36.05 24.48 3
      vertex -36.05 27 3
      vertex -36.05 24.48 3
    endloop
  endfacet
  facet normal 1 -0 0
    outer loop
      vertex -36.05 24.48 19
      vertex -36.05 27 3
      vertex -36.05 27 19
    endloop
  endfacet
  facet normal 1 0 0
    outer loop
      vertex -36.05 27 3
      vertex -36.05 24.48 19
      vertex -36.05 24.48 3
    endloop
  endfacet
  facet normal 0 1 -0
    outer loop
      vertex 36.05 24.48 3
      vertex -36.05 24.48 19
      vertex 36.05 24.48 19
    endloop
  endfacet
  facet normal 0 1 0
    outer loop
      vertex -36.05 24.48 19
      vertex 36.05 24.48 3
      vertex -36.05 24.48 3
    endloop
  endfacet
  facet normal -1 0 0
    outer loop
      vertex 36.05 -27 3
      vertex 36.05 -24.48 11.8
      vertex 36.05 -24.48 3
    endloop
  endfacet
  facet normal -1 -0 0
    outer loop
      vertex 36.05 -24.48 11.8
      vertex 36.05 -27 3
      vertex 36.05 -27 11.8
    endloop
  endfacet
  facet normal 0 0 -1
    outer loop
      vertex -12 -27 11.8
      vertex -36.05 -27 11.8
      vertex -12 -25 11.8
    endloop
  endfacet
  facet normal 0 0 -1
    outer loop
      vertex 1.05541 -27 11.8
      vertex -1.05541 -27 11.8
      vertex 1.05541 -25 11.8
    endloop
  endfacet
  facet normal 0 0 -1
    outer loop
      vertex 12 -25 11.8
      vertex 36.05 -27 11.8
      vertex 12 -27 11.8
    endloop
  endfacet
  facet normal 0 0 -1
    outer loop
      vertex 36.05 -27 11.8
      vertex 12 -25 11.8
      vertex 36.05 -24.48 11.8
    endloop
  endfacet
  facet normal 0 0 -1
    outer loop
      vertex 1.05541 -25 11.8
      vertex 36.05 -24.48 11.8
      vertex 12 -25 11.8
    endloop
  endfacet
  facet normal 0 0 -1
    outer loop
      vertex -1.05541 -25 11.8
      vertex 1.05541 -25 11.8
      vertex -1.05541 -27 11.8
    endloop
  endfacet
  facet normal 0 0 -1
    outer loop
      vertex -1.05541 -25 11.8
      vertex 36.05 -24.48 11.8
      vertex 1.05541 -25 11.8
    endloop
  endfacet
  facet normal 0 0 -1
    outer loop
      vertex -12 -25 11.8
      vertex 36.05 -24.48 11.8
      vertex -1.05541 -25 11.8
    endloop
  endfacet
  facet normal 0 0 -1
    outer loop
      vertex -12 -25 11.8
      vertex -36.05 -24.48 11.8
      vertex 36.05 -24.48 11.8
    endloop
  endfacet
  facet normal 0 0 -1
    outer loop
      vertex -36.05 -24.48 11.8
      vertex -12 -25 11.8
      vertex -36.05 -27 11.8
    endloop
  endfacet
  facet normal -0 0 1
    outer loop
      vertex -36.05 -24.48 3
      vertex 36.05 -27 3
      vertex 36.05 -24.48 3
    endloop
  endfacet
  facet normal 0 0 1
    outer loop
      vertex 36.05 -27 3
      vertex -36.05 -24.48 3
      vertex -36.05 -27 3
    endloop
  endfacet
  facet normal 1 -0 0
    outer loop
      vertex -36.05 -27 11.8
      vertex -36.05 -24.48 3
      vertex -36.05 -24.48 11.8
    endloop
  endfacet
  facet normal 1 0 0
    outer loop
      vertex -36.05 -24.48 3
      vertex -36.05 -27 11.8
      vertex -36.05 -27 3
    endloop
  endfacet
  facet normal 0 -1 0
    outer loop
      vertex -36.05 -24.48 3
      vertex 36.05 -24.48 11.8
      vertex -36.05 -24.48 11.8
    endloop
  endfacet
  facet normal 0 -1 -0
    outer loop
      vertex 36.05 -24.48 11.8
      vertex -36.05 -24.48 3
      vertex 36.05 -24.48 3
    endloop
  endfacet
  facet normal 1 0 0
    outer loop
      vertex 12 -27 13
      vertex 12 -37 13
      vertex 12 -27 11.8
    endloop
  endfacet
  facet normal 1 -0 0
    outer loop
      vertex 12 -27 11.8
      vertex 12 -25 5
      vertex 12 -25 11.8
    endloop
  endfacet
  facet normal 1 0 0
    outer loop
      vertex 12 -37 5
      vertex 12 -27 11.8
      vertex 12 -37 13
    endloop
  endfacet
  facet normal 1 0 0
    outer loop
      vertex 12 -27 11.8
      vertex 12 -37 5
      vertex 12 -25 5
    endloop
  endfacet
  facet normal -0 0 1
    outer loop
      vertex -12 -27 13
      vertex 12 -37 13
      vertex 12 -27 13
    endloop
  endfacet
  facet normal 0 0 1
    outer loop
      vertex 12 -37 13
      vertex -12 -27 13
      vertex -12 -37 13
    endloop
  endfacet
  facet normal 0 0 -1
    outer loop
      vertex 1.6 -37 5
      vertex 12 -25 5
      vertex 12 -37 5
    endloop
  endfacet
  facet normal -0 0 -1
    outer loop
      vertex 12 -25 5
      vertex 1.6 -37 5
      vertex 1.6 -25 5
    endloop
  endfacet
  facet normal 0 0 -1
    outer loop
      vertex -12 -37 5
      vertex -1.6 -25 5
      vertex -1.6 -37 5
    endloop
  endfacet
  facet normal -0 0 -1
    outer loop
      vertex -1.6 -25 5
      vertex -12 -37 5
      vertex -12 -25 5
    endloop
  endfacet
  facet normal -1 0 0
    outer loop
      vertex -12 -25 5
      vertex -12 -27 11.8
      vertex -12 -25 11.8
    endloop
  endfacet
  facet normal -1 0 0
    outer loop
      vertex -12 -37 5
      vertex -12 -27 11.8
      vertex -12 -25 5
    endloop
  endfacet
  facet normal -1 0 0
    outer loop
      vertex -12 -37 13
      vertex -12 -27 11.8
      vertex -12 -37 5
    endloop
  endfacet
  facet normal -1 0 0
    outer loop
      vertex -12 -27 11.8
      vertex -12 -37 13
      vertex -12 -27 13
    endloop
  endfacet
  facet normal 0 1 0
    outer loop
      vertex 12 -25 11.8
      vertex 1.36197 -25 11.673
      vertex 1.05541 -25 11.8
    endloop
  endfacet
  facet normal 0 1 0
    outer loop
      vertex 12 -25 11.8
      vertex 1.76336 -25 11.4271
      vertex 1.36197 -25 11.673
    endloop
  endfacet
  facet normal 0 1 0
    outer loop
      vertex 12 -25 11.8
      vertex 2.12132 -25 11.1213
      vertex 1.76336 -25 11.4271
    endloop
  endfacet
  facet normal 0 1 0
    outer loop
      vertex 12 -25 11.8
      vertex 2.42705 -25 10.7634
      vertex 2.12132 -25 11.1213
    endloop
  endfacet
  facet normal 0 1 0
    outer loop
      vertex 12 -25 11.8
      vertex 2.67302 -25 10.362
      vertex 2.42705 -25 10.7634
    endloop
  endfacet
  facet normal 0 1 0
    outer loop
      vertex 12 -25 11.8
      vertex 2.85317 -25 9.92705
      vertex 2.67302 -25 10.362
    endloop
  endfacet
  facet normal 0 1 0
    outer loop
      vertex 12 -25 11.8
      vertex 2.96306 -25 9.4693
      vertex 2.85317 -25 9.92705
    endloop
  endfacet
  facet normal 0 1 0
    outer loop
      vertex 12 -25 11.8
      vertex 3 -25 9
      vertex 2.96306 -25 9.4693
    endloop
  endfacet
  facet normal 0 1 0
    outer loop
      vertex 12 -25 11.8
      vertex 2.96306 -25 8.5307
      vertex 3 -25 9
    endloop
  endfacet
  facet normal 0 1 -0
    outer loop
      vertex 12 -25 5
      vertex 2.96306 -25 8.5307
      vertex 12 -25 11.8
    endloop
  endfacet
  facet normal 0 1 0
    outer loop
      vertex 2.96306 -25 8.5307
      vertex 12 -25 5
      vertex 2.85317 -25 8.07295
    endloop
  endfacet
  facet normal 0 1 0
    outer loop
      vertex 2.85317 -25 8.07295
      vertex 12 -25 5
      vertex 2.67302 -25 7.63803
    endloop
  endfacet
  facet normal 0 1 0
    outer loop
      vertex 2.67302 -25 7.63803
      vertex 12 -25 5
      vertex 2.42705 -25 7.23664
    endloop
  endfacet
  facet normal 0 1 0
    outer loop
      vertex 1.6 -25 5
      vertex 2.42705 -25 7.23664
      vertex 12 -25 5
    endloop
  endfacet
  facet normal 0 1 0
    outer loop
      vertex 2.42705 -25 7.23664
      vertex 1.6 -25 5
      vertex 2.12132 -25 6.87868
    endloop
  endfacet
  facet normal 0 1 0
    outer loop
      vertex 1.36197 -25 6.32698
      vertex 1.13137 -25 6.13137
      vertex 1.05245 -25 6.19877
    endloop
  endfacet
  facet normal -0 1 0
    outer loop
      vertex 1.5803 -25 5.2503
      vertex 2.12132 -25 6.87868
      vertex 1.6 -25 5
    endloop
  endfacet
  facet normal 0 1 0
    outer loop
      vertex 1.36197 -25 6.32698
      vertex 1.29443 -25 5.94046
      vertex 1.13137 -25 6.13137
    endloop
  endfacet
  facet normal 0 1 0
    outer loop
      vertex 1.36197 -25 6.32698
      vertex 1.42561 -25 5.72639
      vertex 1.29443 -25 5.94046
    endloop
  endfacet
  facet normal -0 1 0
    outer loop
      vertex 1.42561 -25 5.72639
      vertex 1.76336 -25 6.57295
      vertex 1.52169 -25 5.49443
    endloop
  endfacet
  facet normal 0 1 0
    outer loop
      vertex 1.76336 -25 6.57295
      vertex 1.42561 -25 5.72639
      vertex 1.36197 -25 6.32698
    endloop
  endfacet
  facet normal 0 1 0
    outer loop
      vertex 2.12132 -25 6.87868
      vertex 1.52169 -25 5.49443
      vertex 1.76336 -25 6.57295
    endloop
  endfacet
  facet normal -0 1 0
    outer loop
      vertex 1.52169 -25 5.49443
      vertex 2.12132 -25 6.87868
      vertex 1.5803 -25 5.2503
    endloop
  endfacet
  facet normal 0 1 -0
    outer loop
      vertex -1.36197 -25 11.673
      vertex -12 -25 11.8
      vertex -1.05541 -25 11.8
    endloop
  endfacet
  facet normal 0 1 -0
    outer loop
      vertex -1.76336 -25 11.4271
      vertex -12 -25 11.8
      vertex -1.36197 -25 11.673
    endloop
  endfacet
  facet normal 0 1 -0
    outer loop
      vertex -2.12132 -25 11.1213
      vertex -12 -25 11.8
      vertex -1.76336 -25 11.4271
    endloop
  endfacet
  facet normal 0 1 -0
    outer loop
      vertex -2.42705 -25 10.7634
      vertex -12 -25 11.8
      vertex -2.12132 -25 11.1213
    endloop
  endfacet
  facet normal 0 1 -0
    outer loop
      vertex -2.67302 -25 10.362
      vertex -12 -25 11.8
      vertex -2.42705 -25 10.7634
    endloop
  endfacet
  facet normal 0 1 -0
    outer loop
      vertex -2.85317 -25 9.92705
      vertex -12 -25 11.8
      vertex -2.67302 -25 10.362
    endloop
  endfacet
  facet normal 0 1 -0
    outer loop
      vertex -2.96306 -25 9.4693
      vertex -12 -25 11.8
      vertex -2.85317 -25 9.92705
    endloop
  endfacet
  facet normal 0 1 -0
    outer loop
      vertex -3 -25 9
      vertex -12 -25 11.8
      vertex -2.96306 -25 9.4693
    endloop
  endfacet
  facet normal 0 1 0
    outer loop
      vertex -2.96306 -25 8.5307
      vertex -12 -25 11.8
      vertex -3 -25 9
    endloop
  endfacet
  facet normal 0 1 0
    outer loop
      vertex -12 -25 5
      vertex -2.96306 -25 8.5307
      vertex -2.85317 -25 8.07295
    endloop
  endfacet
  facet normal 0 1 0
    outer loop
      vertex -12 -25 5
      vertex -2.85317 -25 8.07295
      vertex -2.67302 -25 7.63803
    endloop
  endfacet
  facet normal 0 1 0
    outer loop
      vertex -12 -25 5
      vertex -2.67302 -25 7.63803
      vertex -2.42705 -25 7.23664
    endloop
  endfacet
  facet normal 0 1 0
    outer loop
      vertex -1.6 -25 5
      vertex -2.42705 -25 7.23664
      vertex -2.12132 -25 6.87868
    endloop
  endfacet
  facet normal 0 1 0
    outer loop
      vertex -1.52169 -25 5.49443
      vertex -2.12132 -25 6.87868
      vertex -1.76336 -25 6.57295
    endloop
  endfacet
  facet normal 0 1 -0
    outer loop
      vertex -1.42561 -25 5.72639
      vertex -1.76336 -25 6.57295
      vertex -1.36197 -25 6.32698
    endloop
  endfacet
  facet normal 0 1 -0
    outer loop
      vertex -1.13137 -25 6.13137
      vertex -1.36197 -25 6.32698
      vertex -1.05245 -25 6.19877
    endloop
  endfacet
  facet normal 0 1 -0
    outer loop
      vertex -1.29443 -25 5.94046
      vertex -1.36197 -25 6.32698
      vertex -1.13137 -25 6.13137
    endloop
  endfacet
  facet normal 0 1 0
    outer loop
      vertex -1.42561 -25 5.72639
      vertex -1.36197 -25 6.32698
      vertex -1.29443 -25 5.94046
    endloop
  endfacet
  facet normal 0 1 0
    outer loop
      vertex -1.76336 -25 6.57295
      vertex -1.42561 -25 5.72639
      vertex -1.52169 -25 5.49443
    endloop
  endfacet
  facet normal 0 1 0
    outer loop
      vertex -2.12132 -25 6.87868
      vertex -1.52169 -25 5.49443
      vertex -1.5803 -25 5.2503
    endloop
  endfacet
  facet normal 0 1 0
    outer loop
      vertex -2.12132 -25 6.87868
      vertex -1.5803 -25 5.2503
      vertex -1.6 -25 5
    endloop
  endfacet
  facet normal 0 1 0
    outer loop
      vertex -2.42705 -25 7.23664
      vertex -1.6 -25 5
      vertex -12 -25 5
    endloop
  endfacet
  facet normal 0 1 0
    outer loop
      vertex -2.96306 -25 8.5307
      vertex -12 -25 5
      vertex -12 -25 11.8
    endloop
  endfacet
  facet normal 0 -1 0
    outer loop
      vertex -12 -37 13
      vertex 0 -37 12
      vertex 12 -37 13
    endloop
  endfacet
  facet normal 0 -1 0
    outer loop
      vertex -12 -37 13
      vertex -0.469303 -37 11.9631
      vertex 0 -37 12
    endloop
  endfacet
  facet normal 0 -1 0
    outer loop
      vertex -12 -37 13
      vertex -0.927051 -37 11.8532
      vertex -0.469303 -37 11.9631
    endloop
  endfacet
  facet normal 0 -1 0
    outer loop
      vertex -12 -37 13
      vertex -1.36197 -37 11.673
      vertex -0.927051 -37 11.8532
    endloop
  endfacet
  facet normal 0 -1 0
    outer loop
      vertex -12 -37 13
      vertex -1.76336 -37 11.4271
      vertex -1.36197 -37 11.673
    endloop
  endfacet
  facet normal 0 -1 0
    outer loop
      vertex -12 -37 13
      vertex -2.12132 -37 11.1213
      vertex -1.76336 -37 11.4271
    endloop
  endfacet
  facet normal 0 -1 0
    outer loop
      vertex -12 -37 13
      vertex -2.42705 -37 10.7634
      vertex -2.12132 -37 11.1213
    endloop
  endfacet
  facet normal 0 -1 0
    outer loop
      vertex -12 -37 13
      vertex -2.67302 -37 10.362
      vertex -2.42705 -37 10.7634
    endloop
  endfacet
  facet normal 0 -1 0
    outer loop
      vertex -12 -37 13
      vertex -2.85317 -37 9.92705
      vertex -2.67302 -37 10.362
    endloop
  endfacet
  facet normal 0 -1 0
    outer loop
      vertex -12 -37 13
      vertex -2.96306 -37 9.4693
      vertex -2.85317 -37 9.92705
    endloop
  endfacet
  facet normal 0 -1 0
    outer loop
      vertex -12 -37 13
      vertex -3 -37 9
      vertex -2.96306 -37 9.4693
    endloop
  endfacet
  facet normal 0 -1 0
    outer loop
      vertex -12 -37 5
      vertex -3 -37 9
      vertex -12 -37 13
    endloop
  endfacet
  facet normal 0 -1 -0
    outer loop
      vertex -3 -37 9
      vertex -12 -37 5
      vertex -2.96306 -37 8.5307
    endloop
  endfacet
  facet normal 0 -1 -0
    outer loop
      vertex -2.96306 -37 8.5307
      vertex -12 -37 5
      vertex -2.85317 -37 8.07295
    endloop
  endfacet
  facet normal 0 -1 -0
    outer loop
      vertex -2.85317 -37 8.07295
      vertex -12 -37 5
      vertex -2.67302 -37 7.63803
    endloop
  endfacet
  facet normal 0 -1 -0
    outer loop
      vertex -2.67302 -37 7.63803
      vertex -12 -37 5
      vertex -2.42705 -37 7.23664
    endloop
  endfacet
  facet normal 0 -1 0
    outer loop
      vertex -1.6 -37 5
      vertex -2.42705 -37 7.23664
      vertex -12 -37 5
    endloop
  endfacet
  facet normal 0 -1 0
    outer loop
      vertex -1.36197 -37 6.32698
      vertex -1.13137 -37 6.13137
      vertex -1.05245 -37 6.19877
    endloop
  endfacet
  facet normal 0 -1 0
    outer loop
      vertex -1.42561 -37 5.72639
      vertex -1.36197 -37 6.32698
      vertex -1.76336 -37 6.57295
    endloop
  endfacet
  facet normal 0 -1 0
    outer loop
      vertex -2.42705 -37 7.23664
      vertex -1.6 -37 5
      vertex -2.12132 -37 6.87868
    endloop
  endfacet
  facet normal 0 -1 0
    outer loop
      vertex -1.36197 -37 6.32698
      vertex -1.29443 -37 5.94046
      vertex -1.13137 -37 6.13137
    endloop
  endfacet
  facet normal 0 -1 -0
    outer loop
      vertex -1.36197 -37 6.32698
      vertex -1.42561 -37 5.72639
      vertex -1.29443 -37 5.94046
    endloop
  endfacet
  facet normal -0 -1 0
    outer loop
      vertex -1.5803 -37 5.2503
      vertex -2.12132 -37 6.87868
      vertex -1.6 -37 5
    endloop
  endfacet
  facet normal 0 -1 0
    outer loop
      vertex -1.76336 -37 6.57295
      vertex -1.52169 -37 5.49443
      vertex -1.42561 -37 5.72639
    endloop
  endfacet
  facet normal 0 -1 0
    outer loop
      vertex -2.12132 -37 6.87868
      vertex -1.52169 -37 5.49443
      vertex -1.76336 -37 6.57295
    endloop
  endfacet
  facet normal -0 -1 0
    outer loop
      vertex -1.52169 -37 5.49443
      vertex -2.12132 -37 6.87868
      vertex -1.5803 -37 5.2503
    endloop
  endfacet
  facet normal 0 -1 0
    outer loop
      vertex 0.469303 -37 11.9631
      vertex 12 -37 13
      vertex 0 -37 12
    endloop
  endfacet
  facet normal 0 -1 0
    outer loop
      vertex 0.927051 -37 11.8532
      vertex 12 -37 13
      vertex 0.469303 -37 11.9631
    endloop
  endfacet
  facet normal 0 -1 0
    outer loop
      vertex 1.36197 -37 11.673
      vertex 12 -37 13
      vertex 0.927051 -37 11.8532
    endloop
  endfacet
  facet normal 0 -1 0
    outer loop
      vertex 1.76336 -37 11.4271
      vertex 12 -37 13
      vertex 1.36197 -37 11.673
    endloop
  endfacet
  facet normal 0 -1 0
    outer loop
      vertex 2.12132 -37 11.1213
      vertex 12 -37 13
      vertex 1.76336 -37 11.4271
    endloop
  endfacet
  facet normal 0 -1 0
    outer loop
      vertex 2.42705 -37 10.7634
      vertex 12 -37 13
      vertex 2.12132 -37 11.1213
    endloop
  endfacet
  facet normal 0 -1 0
    outer loop
      vertex 2.67302 -37 10.362
      vertex 12 -37 13
      vertex 2.42705 -37 10.7634
    endloop
  endfacet
  facet normal 0 -1 0
    outer loop
      vertex 2.85317 -37 9.92705
      vertex 12 -37 13
      vertex 2.67302 -37 10.362
    endloop
  endfacet
  facet normal 0 -1 0
    outer loop
      vertex 2.96306 -37 9.4693
      vertex 12 -37 13
      vertex 2.85317 -37 9.92705
    endloop
  endfacet
  facet normal 0 -1 0
    outer loop
      vertex 3 -37 9
      vertex 12 -37 13
      vertex 2.96306 -37 9.4693
    endloop
  endfacet
  facet normal 0 -1 0
    outer loop
      vertex 12 -37 5
      vertex 3 -37 9
      vertex 2.96306 -37 8.5307
    endloop
  endfacet
  facet normal 0 -1 0
    outer loop
      vertex 12 -37 5
      vertex 2.96306 -37 8.5307
      vertex 2.85317 -37 8.07295
    endloop
  endfacet
  facet normal 0 -1 0
    outer loop
      vertex 12 -37 5
      vertex 2.85317 -37 8.07295
      vertex 2.67302 -37 7.63803
    endloop
  endfacet
  facet normal 0 -1 0
    outer loop
      vertex 12 -37 5
      vertex 2.67302 -37 7.63803
      vertex 2.42705 -37 7.23664
    endloop
  endfacet
  facet normal 0 -1 0
    outer loop
      vertex 1.6 -37 5
      vertex 2.42705 -37 7.23664
      vertex 2.12132 -37 6.87868
    endloop
  endfacet
  facet normal 0 -1 0
    outer loop
      vertex 1.52169 -37 5.49443
      vertex 2.12132 -37 6.87868
      vertex 1.76336 -37 6.57295
    endloop
  endfacet
  facet normal 0 -1 0
    outer loop
      vertex 1.13137 -37 6.13137
      vertex 1.36197 -37 6.32698
      vertex 1.05245 -37 6.19877
    endloop
  endfacet
  facet normal 0 -1 0
    outer loop
      vertex 1.29443 -37 5.94046
      vertex 1.36197 -37 6.32698
      vertex 1.13137 -37 6.13137
    endloop
  endfacet
  facet normal 0 -1 0
    outer loop
      vertex 1.42561 -37 5.72639
      vertex 1.36197 -37 6.32698
      vertex 1.29443 -37 5.94046
    endloop
  endfacet
  facet normal 0 -1 0
    outer loop
      vertex 1.36197 -37 6.32698
      vertex 1.42561 -37 5.72639
      vertex 1.76336 -37 6.57295
    endloop
  endfacet
  facet normal 0 -1 0
    outer loop
      vertex 1.52169 -37 5.49443
      vertex 1.76336 -37 6.57295
      vertex 1.42561 -37 5.72639
    endloop
  endfacet
  facet normal 0 -1 0
    outer loop
      vertex 2.12132 -37 6.87868
      vertex 1.52169 -37 5.49443
      vertex 1.5803 -37 5.2503
    endloop
  endfacet
  facet normal 0 -1 0
    outer loop
      vertex 2.12132 -37 6.87868
      vertex 1.5803 -37 5.2503
      vertex 1.6 -37 5
    endloop
  endfacet
  facet normal 0 -1 -0
    outer loop
      vertex 2.42705 -37 7.23664
      vertex 1.6 -37 5
      vertex 12 -37 5
    endloop
  endfacet
  facet normal 0 -1 0
    outer loop
      vertex 3 -37 9
      vertex 12 -37 5
      vertex 12 -37 13
    endloop
  endfacet
  facet normal 0.923889 0 -0.382661
    outer loop
      vertex -2.67302 -37 10.362
      vertex -2.85317 -25 9.92705
      vertex -2.67302 -25 10.362
    endloop
  endfacet
  facet normal 0.923889 0 -0.382661
    outer loop
      vertex -2.85317 -25 9.92705
      vertex -2.67302 -37 10.362
      vertex -2.85317 -37 9.92705
    endloop
  endfacet
  facet normal -0.972373 0 -0.233433
    outer loop
      vertex 2.96306 -37 9.4693
      vertex 2.85317 -25 9.92705
      vertex 2.96306 -25 9.4693
    endloop
  endfacet
  facet normal -0.972373 -0 -0.233433
    outer loop
      vertex 2.85317 -25 9.92705
      vertex 2.96306 -37 9.4693
      vertex 2.85317 -37 9.92705
    endloop
  endfacet
  facet normal -0.996916 0 -0.0784703
    outer loop
      vertex 3 -37 9
      vertex 2.96306 -25 9.4693
      vertex 3 -25 9
    endloop
  endfacet
  facet normal -0.996916 -0 -0.0784703
    outer loop
      vertex 2.96306 -25 9.4693
      vertex 3 -37 9
      vertex 2.96306 -37 9.4693
    endloop
  endfacet
  facet normal -0.852648 0 -0.522486
    outer loop
      vertex 2.67302 -37 10.362
      vertex 2.42705 -25 10.7634
      vertex 2.67302 -25 10.362
    endloop
  endfacet
  facet normal -0.852648 -0 -0.522486
    outer loop
      vertex 2.42705 -25 10.7634
      vertex 2.67302 -37 10.362
      vertex 2.42705 -37 10.7634
    endloop
  endfacet
  facet normal -0.522495 0 0.852642
    outer loop
      vertex 1.36197 -25 6.32698
      vertex 1.76336 -37 6.57295
      vertex 1.76336 -25 6.57295
    endloop
  endfacet
  facet normal -0.522495 0 0.852642
    outer loop
      vertex 1.76336 -37 6.57295
      vertex 1.36197 -25 6.32698
      vertex 1.36197 -37 6.32698
    endloop
  endfacet
  facet normal -0.852642 0 0.522495
    outer loop
      vertex 2.42705 -37 7.23664
      vertex 2.67302 -25 7.63803
      vertex 2.42705 -25 7.23664
    endloop
  endfacet
  facet normal -0.852642 0 0.522495
    outer loop
      vertex 2.67302 -25 7.63803
      vertex 2.42705 -37 7.23664
      vertex 2.67302 -37 7.63803
    endloop
  endfacet
  facet normal -0.972373 0 0.233433
    outer loop
      vertex 2.85317 -37 8.07295
      vertex 2.96306 -25 8.5307
      vertex 2.85317 -25 8.07295
    endloop
  endfacet
  facet normal -0.972373 0 0.233433
    outer loop
      vertex 2.96306 -25 8.5307
      vertex 2.85317 -37 8.07295
      vertex 2.96306 -37 8.5307
    endloop
  endfacet
  facet normal 0.522387 0 -0.852708
    outer loop
      vertex -1.76336 -37 11.4271
      vertex -1.36197 -25 11.673
      vertex -1.36197 -37 11.673
    endloop
  endfacet
  facet normal 0.522387 0 -0.852708
    outer loop
      vertex -1.36197 -25 11.673
      vertex -1.76336 -37 11.4271
      vertex -1.76336 -25 11.4271
    endloop
  endfacet
  facet normal -0.923889 0 -0.382661
    outer loop
      vertex 2.85317 -37 9.92705
      vertex 2.67302 -25 10.362
      vertex 2.85317 -25 9.92705
    endloop
  endfacet
  facet normal -0.923889 -0 -0.382661
    outer loop
      vertex 2.67302 -25 10.362
      vertex 2.85317 -37 9.92705
      vertex 2.67302 -37 10.362
    endloop
  endfacet
  facet normal 0.852642 -0 0.522495
    outer loop
      vertex -2.67302 -37 7.63803
      vertex -2.42705 -25 7.23664
      vertex -2.67302 -25 7.63803
    endloop
  endfacet
  facet normal 0.852642 0 0.522495
    outer loop
      vertex -2.42705 -25 7.23664
      vertex -2.67302 -37 7.63803
      vertex -2.42705 -37 7.23664
    endloop
  endfacet
  facet normal 0.38288 0 -0.923798
    outer loop
      vertex -0.927051 -37 11.8532
      vertex -1.05541 -27 11.8
      vertex -0.927051 -27 11.8532
    endloop
  endfacet
  facet normal 0.382775 -1.57167e-06 -0.923841
    outer loop
      vertex -1.36197 -37 11.673
      vertex -1.05541 -27 11.8
      vertex -0.927051 -37 11.8532
    endloop
  endfacet
  facet normal 0.382732 0 -0.92386
    outer loop
      vertex -1.36197 -25 11.673
      vertex -1.05541 -27 11.8
      vertex -1.36197 -37 11.673
    endloop
  endfacet
  facet normal 0.382732 0 -0.92386
    outer loop
      vertex -1.05541 -27 11.8
      vertex -1.36197 -25 11.673
      vertex -1.05541 -25 11.8
    endloop
  endfacet
  facet normal -0.0783853 0 -0.996923
    outer loop
      vertex 0 -37 12
      vertex 0.469303 -27 11.9631
      vertex 0.469303 -37 11.9631
    endloop
  endfacet
  facet normal -0.0783853 0 -0.996923
    outer loop
      vertex 0.469303 -27 11.9631
      vertex 0 -37 12
      vertex 0 -27 12
    endloop
  endfacet
  facet normal -0.38269 0 0.923877
    outer loop
      vertex 1.05245 -25 6.19877
      vertex 1.36197 -37 6.32698
      vertex 1.36197 -25 6.32698
    endloop
  endfacet
  facet normal -0.38269 0 0.923877
    outer loop
      vertex 1.36197 -37 6.32698
      vertex 1.05245 -25 6.19877
      vertex 1.05245 -37 6.19877
    endloop
  endfacet
  facet normal 0.233454 0 -0.972368
    outer loop
      vertex -0.927051 -37 11.8532
      vertex -0.469303 -27 11.9631
      vertex -0.469303 -37 11.9631
    endloop
  endfacet
  facet normal 0.233454 0 -0.972368
    outer loop
      vertex -0.469303 -27 11.9631
      vertex -0.927051 -37 11.8532
      vertex -0.927051 -27 11.8532
    endloop
  endfacet
  facet normal -0.233454 0 -0.972368
    outer loop
      vertex 0.469303 -37 11.9631
      vertex 0.927051 -27 11.8532
      vertex 0.927051 -37 11.8532
    endloop
  endfacet
  facet normal -0.233454 0 -0.972368
    outer loop
      vertex 0.927051 -27 11.8532
      vertex 0.469303 -37 11.9631
      vertex 0.469303 -27 11.9631
    endloop
  endfacet
  facet normal 0.649452 0 0.760403
    outer loop
      vertex -2.12132 -25 6.87868
      vertex -1.76336 -37 6.57295
      vertex -1.76336 -25 6.57295
    endloop
  endfacet
  facet normal 0.649452 0 0.760403
    outer loop
      vertex -1.76336 -37 6.57295
      vertex -2.12132 -25 6.87868
      vertex -2.12132 -37 6.87868
    endloop
  endfacet
  facet normal 0.923879 -0 0.382684
    outer loop
      vertex -2.85317 -37 8.07295
      vertex -2.67302 -25 7.63803
      vertex -2.85317 -25 8.07295
    endloop
  endfacet
  facet normal 0.923879 0 0.382684
    outer loop
      vertex -2.67302 -25 7.63803
      vertex -2.85317 -37 8.07295
      vertex -2.67302 -37 7.63803
    endloop
  endfacet
  facet normal -0.923879 0 0.382684
    outer loop
      vertex 2.67302 -37 7.63803
      vertex 2.85317 -25 8.07295
      vertex 2.67302 -25 7.63803
    endloop
  endfacet
  facet normal -0.923879 0 0.382684
    outer loop
      vertex 2.85317 -25 8.07295
      vertex 2.67302 -37 7.63803
      vertex 2.85317 -37 8.07295
    endloop
  endfacet
  facet normal 0.760403 -0 0.649452
    outer loop
      vertex -2.42705 -37 7.23664
      vertex -2.12132 -25 6.87868
      vertex -2.42705 -25 7.23664
    endloop
  endfacet
  facet normal 0.760403 0 0.649452
    outer loop
      vertex -2.12132 -25 6.87868
      vertex -2.42705 -37 7.23664
      vertex -2.12132 -37 6.87868
    endloop
  endfacet
  facet normal 0.649538 0 -0.760329
    outer loop
      vertex -2.12132 -37 11.1213
      vertex -1.76336 -25 11.4271
      vertex -1.76336 -37 11.4271
    endloop
  endfacet
  facet normal 0.649538 0 -0.760329
    outer loop
      vertex -1.76336 -25 11.4271
      vertex -2.12132 -37 11.1213
      vertex -2.12132 -25 11.1213
    endloop
  endfacet
  facet normal -0.649538 0 -0.760329
    outer loop
      vertex 1.76336 -37 11.4271
      vertex 2.12132 -25 11.1213
      vertex 2.12132 -37 11.1213
    endloop
  endfacet
  facet normal -0.649538 0 -0.760329
    outer loop
      vertex 2.12132 -25 11.1213
      vertex 1.76336 -37 11.4271
      vertex 1.76336 -25 11.4271
    endloop
  endfacet
  facet normal -0.760349 0 -0.649515
    outer loop
      vertex 2.42705 -37 10.7634
      vertex 2.12132 -25 11.1213
      vertex 2.42705 -25 10.7634
    endloop
  endfacet
  facet normal -0.760349 -0 -0.649515
    outer loop
      vertex 2.12132 -25 11.1213
      vertex 2.42705 -37 10.7634
      vertex 2.12132 -37 11.1213
    endloop
  endfacet
  facet normal -0.760403 0 0.649452
    outer loop
      vertex 2.12132 -37 6.87868
      vertex 2.42705 -25 7.23664
      vertex 2.12132 -25 6.87868
    endloop
  endfacet
  facet normal -0.760403 0 0.649452
    outer loop
      vertex 2.42705 -25 7.23664
      vertex 2.12132 -37 6.87868
      vertex 2.42705 -37 7.23664
    endloop
  endfacet
  facet normal -0.382732 0 -0.92386
    outer loop
      vertex 1.36197 -37 11.673
      vertex 1.05541 -27 11.8
      vertex 1.36197 -25 11.673
    endloop
  endfacet
  facet normal -0.382775 -1.57167e-06 -0.923841
    outer loop
      vertex 0.927051 -37 11.8532
      vertex 1.05541 -27 11.8
      vertex 1.36197 -37 11.673
    endloop
  endfacet
  facet normal -0.38288 0 -0.923798
    outer loop
      vertex 1.05541 -27 11.8
      vertex 0.927051 -37 11.8532
      vertex 0.927051 -27 11.8532
    endloop
  endfacet
  facet normal -0.382732 0 -0.92386
    outer loop
      vertex 1.36197 -25 11.673
      vertex 1.05541 -27 11.8
      vertex 1.05541 -25 11.8
    endloop
  endfacet
  facet normal -0.522387 0 -0.852708
    outer loop
      vertex 1.36197 -37 11.673
      vertex 1.76336 -25 11.4271
      vertex 1.76336 -37 11.4271
    endloop
  endfacet
  facet normal -0.522387 0 -0.852708
    outer loop
      vertex 1.76336 -25 11.4271
      vertex 1.36197 -37 11.673
      vertex 1.36197 -25 11.673
    endloop
  endfacet
  facet normal 0.972373 0 -0.233433
    outer loop
      vertex -2.85317 -37 9.92705
      vertex -2.96306 -25 9.4693
      vertex -2.85317 -25 9.92705
    endloop
  endfacet
  facet normal 0.972373 0 -0.233433
    outer loop
      vertex -2.96306 -25 9.4693
      vertex -2.85317 -37 9.92705
      vertex -2.96306 -37 9.4693
    endloop
  endfacet
  facet normal 0.996916 -0 0.0784703
    outer loop
      vertex -3 -37 9
      vertex -2.96306 -25 8.5307
      vertex -3 -25 9
    endloop
  endfacet
  facet normal 0.996916 0 0.0784703
    outer loop
      vertex -2.96306 -25 8.5307
      vertex -3 -37 9
      vertex -2.96306 -37 8.5307
    endloop
  endfacet
  facet normal 0.0783853 0 -0.996923
    outer loop
      vertex -0.469303 -37 11.9631
      vertex 0 -27 12
      vertex 0 -37 12
    endloop
  endfacet
  facet normal 0.0783853 0 -0.996923
    outer loop
      vertex 0 -27 12
      vertex -0.469303 -37 11.9631
      vertex -0.469303 -27 11.9631
    endloop
  endfacet
  facet normal 0.996916 0 -0.0784703
    outer loop
      vertex -2.96306 -37 9.4693
      vertex -3 -25 9
      vertex -2.96306 -25 9.4693
    endloop
  endfacet
  facet normal 0.996916 0 -0.0784703
    outer loop
      vertex -3 -25 9
      vertex -2.96306 -37 9.4693
      vertex -3 -37 9
    endloop
  endfacet
  facet normal 0.760349 0 -0.649515
    outer loop
      vertex -2.12132 -37 11.1213
      vertex -2.42705 -25 10.7634
      vertex -2.12132 -25 11.1213
    endloop
  endfacet
  facet normal 0.760349 0 -0.649515
    outer loop
      vertex -2.42705 -25 10.7634
      vertex -2.12132 -37 11.1213
      vertex -2.42705 -37 10.7634
    endloop
  endfacet
  facet normal 0.972373 -0 0.233433
    outer loop
      vertex -2.96306 -37 8.5307
      vertex -2.85317 -25 8.07295
      vertex -2.96306 -25 8.5307
    endloop
  endfacet
  facet normal 0.972373 0 0.233433
    outer loop
      vertex -2.85317 -25 8.07295
      vertex -2.96306 -37 8.5307
      vertex -2.85317 -37 8.07295
    endloop
  endfacet
  facet normal 0.522495 0 0.852642
    outer loop
      vertex -1.76336 -25 6.57295
      vertex -1.36197 -37 6.32698
      vertex -1.36197 -25 6.32698
    endloop
  endfacet
  facet normal 0.522495 0 0.852642
    outer loop
      vertex -1.36197 -37 6.32698
      vertex -1.76336 -25 6.57295
      vertex -1.76336 -37 6.57295
    endloop
  endfacet
  facet normal -0.996916 0 0.0784703
    outer loop
      vertex 2.96306 -37 8.5307
      vertex 3 -25 9
      vertex 2.96306 -25 8.5307
    endloop
  endfacet
  facet normal -0.996916 0 0.0784703
    outer loop
      vertex 3 -25 9
      vertex 2.96306 -37 8.5307
      vertex 3 -37 9
    endloop
  endfacet
  facet normal 0.38269 0 0.923877
    outer loop
      vertex -1.36197 -25 6.32698
      vertex -1.05245 -37 6.19877
      vertex -1.05245 -25 6.19877
    endloop
  endfacet
  facet normal 0.38269 0 0.923877
    outer loop
      vertex -1.05245 -37 6.19877
      vertex -1.36197 -25 6.32698
      vertex -1.36197 -37 6.32698
    endloop
  endfacet
  facet normal 0.852648 0 -0.522486
    outer loop
      vertex -2.42705 -37 10.7634
      vertex -2.67302 -25 10.362
      vertex -2.42705 -25 10.7634
    endloop
  endfacet
  facet normal 0.852648 0 -0.522486
    outer loop
      vertex -2.67302 -25 10.362
      vertex -2.42705 -37 10.7634
      vertex -2.67302 -37 10.362
    endloop
  endfacet
  facet normal -0.649452 0 0.760403
    outer loop
      vertex 1.76336 -25 6.57295
      vertex 2.12132 -37 6.87868
      vertex 2.12132 -25 6.87868
    endloop
  endfacet
  facet normal -0.649452 0 0.760403
    outer loop
      vertex 2.12132 -37 6.87868
      vertex 1.76336 -25 6.57295
      vertex 1.76336 -37 6.57295
    endloop
  endfacet
  facet normal -0.97237 0 -0.233444
    outer loop
      vertex 1.5803 -37 5.2503
      vertex 1.52169 -25 5.49443
      vertex 1.5803 -25 5.2503
    endloop
  endfacet
  facet normal -0.97237 -0 -0.233444
    outer loop
      vertex 1.52169 -25 5.49443
      vertex 1.5803 -37 5.2503
      vertex 1.52169 -37 5.49443
    endloop
  endfacet
  facet normal -0.996917 0 -0.0784629
    outer loop
      vertex 1.6 -37 5
      vertex 1.5803 -25 5.2503
      vertex 1.6 -25 5
    endloop
  endfacet
  facet normal -0.996917 -0 -0.0784629
    outer loop
      vertex 1.5803 -25 5.2503
      vertex 1.6 -37 5
      vertex 1.5803 -37 5.2503
    endloop
  endfacet
  facet normal -0.760391 0 -0.649465
    outer loop
      vertex 1.29443 -37 5.94046
      vertex 1.13137 -25 6.13137
      vertex 1.29443 -25 5.94046
    endloop
  endfacet
  facet normal -0.760391 -0 -0.649465
    outer loop
      vertex 1.13137 -25 6.13137
      vertex 1.29443 -37 5.94046
      vertex 1.13137 -37 6.13137
    endloop
  endfacet
  facet normal -0.852644 0 -0.522492
    outer loop
      vertex 1.42561 -37 5.72639
      vertex 1.29443 -25 5.94046
      vertex 1.42561 -25 5.72639
    endloop
  endfacet
  facet normal -0.852644 -0 -0.522492
    outer loop
      vertex 1.29443 -25 5.94046
      vertex 1.42561 -37 5.72639
      vertex 1.29443 -37 5.94046
    endloop
  endfacet
  facet normal 0.923881 0 -0.38268
    outer loop
      vertex -1.42561 -37 5.72639
      vertex -1.52169 -25 5.49443
      vertex -1.42561 -25 5.72639
    endloop
  endfacet
  facet normal 0.923881 0 -0.38268
    outer loop
      vertex -1.52169 -25 5.49443
      vertex -1.42561 -37 5.72639
      vertex -1.52169 -37 5.49443
    endloop
  endfacet
  facet normal 0.97237 0 -0.233444
    outer loop
      vertex -1.52169 -37 5.49443
      vertex -1.5803 -25 5.2503
      vertex -1.52169 -25 5.49443
    endloop
  endfacet
  facet normal 0.97237 0 -0.233444
    outer loop
      vertex -1.5803 -25 5.2503
      vertex -1.52169 -37 5.49443
      vertex -1.5803 -37 5.2503
    endloop
  endfacet
  facet normal 0.649425 0 -0.760425
    outer loop
      vertex -1.13137 -37 6.13137
      vertex -1.05245 -25 6.19877
      vertex -1.05245 -37 6.19877
    endloop
  endfacet
  facet normal 0.649425 0 -0.760425
    outer loop
      vertex -1.05245 -25 6.19877
      vertex -1.13137 -37 6.13137
      vertex -1.13137 -25 6.13137
    endloop
  endfacet
  facet normal 0.760391 0 -0.649465
    outer loop
      vertex -1.13137 -37 6.13137
      vertex -1.29443 -25 5.94046
      vertex -1.13137 -25 6.13137
    endloop
  endfacet
  facet normal 0.760391 0 -0.649465
    outer loop
      vertex -1.29443 -25 5.94046
      vertex -1.13137 -37 6.13137
      vertex -1.29443 -37 5.94046
    endloop
  endfacet
  facet normal -0.649425 0 -0.760425
    outer loop
      vertex 1.05245 -37 6.19877
      vertex 1.13137 -25 6.13137
      vertex 1.13137 -37 6.13137
    endloop
  endfacet
  facet normal -0.649425 0 -0.760425
    outer loop
      vertex 1.13137 -25 6.13137
      vertex 1.05245 -37 6.19877
      vertex 1.05245 -25 6.19877
    endloop
  endfacet
  facet normal 0.852644 0 -0.522492
    outer loop
      vertex -1.29443 -37 5.94046
      vertex -1.42561 -25 5.72639
      vertex -1.29443 -25 5.94046
    endloop
  endfacet
  facet normal 0.852644 0 -0.522492
    outer loop
      vertex -1.42561 -25 5.72639
      vertex -1.29443 -37 5.94046
      vertex -1.42561 -37 5.72639
    endloop
  endfacet
  facet normal -0.923881 0 -0.38268
    outer loop
      vertex 1.52169 -37 5.49443
      vertex 1.42561 -25 5.72639
      vertex 1.52169 -25 5.49443
    endloop
  endfacet
  facet normal -0.923881 -0 -0.38268
    outer loop
      vertex 1.42561 -25 5.72639
      vertex 1.52169 -37 5.49443
      vertex 1.42561 -37 5.72639
    endloop
  endfacet
  facet normal 0.996917 0 -0.0784629
    outer loop
      vertex -1.5803 -37 5.2503
      vertex -1.6 -25 5
      vertex -1.5803 -25 5.2503
    endloop
  endfacet
  facet normal 0.996917 0 -0.0784629
    outer loop
      vertex -1.6 -25 5
      vertex -1.5803 -37 5.2503
      vertex -1.6 -37 5
    endloop
  endfacet
endsolid OpenSCAD_Model
